ISO-10303-21;
HEADER;
FILE_DESCRIPTION(('Open CASCADE Model'),'2;1');
FILE_NAME('Open CASCADE Shape Model','2026-10-04T18:47:27',('Author'),(
    'Open CASCADE'),'Open CASCADE STEP processor 8.0','build123d',
  'Unknown');
FILE_SCHEMA(('AUTOMOTIVE_DESIGN { 1 0 10303 214 1 1 1 1 }'));
ENDSEC;
DATA;
#1 = APPLICATION_PROTOCOL_DEFINITION('international standard',
  'automotive_design',2000,#2);
#2 = APPLICATION_CONTEXT(
  'core data for automotive mechanical design processes');
#3 = SHAPE_DEFINITION_REPRESENTATION(#4,#10);
#4 = PRODUCT_DEFINITION_SHAPE('','',#5);
#5 = PRODUCT_DEFINITION('design','',#6,#9);
#6 = PRODUCT_DEFINITION_FORMATION('','',#7);
#7 = PRODUCT('COMPOUND','COMPOUND','',(#8));
#8 = PRODUCT_CONTEXT('',#2,'mechanical');
#9 = PRODUCT_DEFINITION_CONTEXT('part definition',#2,'design');
#10 = ADVANCED_BREP_SHAPE_REPRESENTATION('',(#11,#15),#15200);
#11 = AXIS2_PLACEMENT_3D('',#12,#13,#14);
#12 = CARTESIAN_POINT('',(0.,0.,0.));
#13 = DIRECTION('',(0.,0.,1.));
#14 = DIRECTION('',(1.,0.,-0.));
#15 = MANIFOLD_SOLID_BREP('',#16);
#16 = CLOSED_SHELL('',(#17,#135,#471,#622,#814,#841,#1021,#1174,#1293,
    #2394,#2443,#2490,#2646,#2774,#2801,#2932,#3028,#3076,#3123,#3290,
    #3422,#3449,#3476,#3483,#3651,#3678,#3726,#3875,#4109,#4228,#6034,
    #6083,#6156,#6210,#6264,#6313,#6482,#6527,#6572,#6597,#6624,#6693,
    #6740,#6787,#6812,#6881,#6928,#6975,#7000,#7069,#7116,#7163,#7188,
    #7257,#7304,#7351,#7376,#7445,#7492,#7539,#7564,#7633,#7680,#7727,
    #7752,#7821,#7868,#7915,#7940,#8009,#8056,#8103,#8128,#8177,#8291,
    #8386,#8413,#8501,#8625,#8799,#8875,#8924,#8973,#9000,#9148,#9202,
    #9282,#9377,#9524,#9600,#9674,#9723,#9796,#9993,#10040,#10238,#10265
    ,#10352,#10470,#10586,#10613,#10660,#10687,#10694,#10721,#10748,
    #10775,#10782,#10809,#10816,#10865,#10914,#10941,#10990,#11039,
    #11088,#11135,#11224,#11231,#11280,#11329,#11378,#11405,#11432,
    #11459,#11466,#11491,#11568,#11575,#11630,#11699,#11746,#11793,
    #11818,#11887,#11934,#11981,#12006,#12075,#12122,#12169,#12194,
    #12263,#12310,#12357,#12382,#12451,#12498,#12545,#12570,#12639,
    #12686,#12733,#12758,#12827,#12874,#12921,#12946,#13001,#13056,
    #13063,#13072,#13121,#13211,#13238,#13265,#13334,#13341,#13348,
    #13424,#13451,#13506,#13555,#13582,#13589,#13596,#13645,#13822,
    #13936,#13963,#13988,#14015,#14040,#14047,#14054,#14063,#14098,
    #14133,#14168,#14203,#14290,#14325,#14401,#14450,#14499,#14526,
    #14602,#14651,#14731,#14758,#14813,#14868,#14923,#14978,#15026,
    #15052,#15058,#15113,#15120,#15127,#15177,#15181,#15185,#15189,
    #15193));
#17 = ADVANCED_FACE('',(#18),#32,.F.);
#18 = FACE_BOUND('',#19,.F.);
#19 = EDGE_LOOP('',(#20,#55,#83,#111));
#20 = ORIENTED_EDGE('',*,*,#21,.F.);
#21 = EDGE_CURVE('',#22,#24,#26,.T.);
#22 = VERTEX_POINT('',#23);
#23 = CARTESIAN_POINT('',(16.,0.,0.));
#24 = VERTEX_POINT('',#25);
#25 = CARTESIAN_POINT('',(48.5,0.,0.));
#26 = SURFACE_CURVE('',#27,(#31,#43),.PCURVE_S1.);
#27 = LINE('',#28,#29);
#28 = CARTESIAN_POINT('',(16.,0.,0.));
#29 = VECTOR('',#30,1.);
#30 = DIRECTION('',(1.,0.,0.));
#31 = PCURVE('',#32,#37);
#32 = PLANE('',#33);
#33 = AXIS2_PLACEMENT_3D('',#34,#35,#36);
#34 = CARTESIAN_POINT('',(16.,0.,0.));
#35 = DIRECTION('',(0.,1.,0.));
#36 = DIRECTION('',(1.,0.,0.));
#37 = DEFINITIONAL_REPRESENTATION('',(#38),#42);
#38 = LINE('',#39,#40);
#39 = CARTESIAN_POINT('',(0.,0.));
#40 = VECTOR('',#41,1.);
#41 = DIRECTION('',(1.,0.));
#42 = ( GEOMETRIC_REPRESENTATION_CONTEXT(2) 
PARAMETRIC_REPRESENTATION_CONTEXT() REPRESENTATION_CONTEXT('2D SPACE',''
  ) );
#43 = PCURVE('',#44,#49);
#44 = PLANE('',#45);
#45 = AXIS2_PLACEMENT_3D('',#46,#47,#48);
#46 = CARTESIAN_POINT('',(70.,52.5,0.));
#47 = DIRECTION('',(0.,0.,1.));
#48 = DIRECTION('',(1.,0.,-0.));
#49 = DEFINITIONAL_REPRESENTATION('',(#50),#54);
#50 = LINE('',#51,#52);
#51 = CARTESIAN_POINT('',(-54.,-52.5));
#52 = VECTOR('',#53,1.);
#53 = DIRECTION('',(1.,0.));
#54 = ( GEOMETRIC_REPRESENTATION_CONTEXT(2) 
PARAMETRIC_REPRESENTATION_CONTEXT() REPRESENTATION_CONTEXT('2D SPACE',''
  ) );
#55 = ORIENTED_EDGE('',*,*,#56,.T.);
#56 = EDGE_CURVE('',#22,#57,#59,.T.);
#57 = VERTEX_POINT('',#58);
#58 = CARTESIAN_POINT('',(16.,0.,9.8));
#59 = SURFACE_CURVE('',#60,(#64,#71),.PCURVE_S1.);
#60 = LINE('',#61,#62);
#61 = CARTESIAN_POINT('',(16.,0.,0.));
#62 = VECTOR('',#63,1.);
#63 = DIRECTION('',(0.,0.,1.));
#64 = PCURVE('',#32,#65);
#65 = DEFINITIONAL_REPRESENTATION('',(#66),#70);
#66 = LINE('',#67,#68);
#67 = CARTESIAN_POINT('',(0.,0.));
#68 = VECTOR('',#69,1.);
#69 = DIRECTION('',(0.,-1.));
#70 = ( GEOMETRIC_REPRESENTATION_CONTEXT(2) 
PARAMETRIC_REPRESENTATION_CONTEXT() REPRESENTATION_CONTEXT('2D SPACE',''
  ) );
#71 = PCURVE('',#72,#77);
#72 = PLANE('',#73);
#73 = AXIS2_PLACEMENT_3D('',#74,#75,#76);
#74 = CARTESIAN_POINT('',(0.,16.,0.));
#75 = DIRECTION('',(0.707106781187,0.707106781187,-0.));
#76 = DIRECTION('',(0.707106781187,-0.707106781187,0.));
#77 = DEFINITIONAL_REPRESENTATION('',(#78),#82);
#78 = LINE('',#79,#80);
#79 = CARTESIAN_POINT('',(22.62741699797,0.));
#80 = VECTOR('',#81,1.);
#81 = DIRECTION('',(0.,-1.));
#82 = ( GEOMETRIC_REPRESENTATION_CONTEXT(2) 
PARAMETRIC_REPRESENTATION_CONTEXT() REPRESENTATION_CONTEXT('2D SPACE',''
  ) );
#83 = ORIENTED_EDGE('',*,*,#84,.T.);
#84 = EDGE_CURVE('',#57,#85,#87,.T.);
#85 = VERTEX_POINT('',#86);
#86 = CARTESIAN_POINT('',(48.5,0.,9.8));
#87 = SURFACE_CURVE('',#88,(#92,#99),.PCURVE_S1.);
#88 = LINE('',#89,#90);
#89 = CARTESIAN_POINT('',(16.,0.,9.8));
#90 = VECTOR('',#91,1.);
#91 = DIRECTION('',(1.,0.,0.));
#92 = PCURVE('',#32,#93);
#93 = DEFINITIONAL_REPRESENTATION('',(#94),#98);
#94 = LINE('',#95,#96);
#95 = CARTESIAN_POINT('',(0.,-9.8));
#96 = VECTOR('',#97,1.);
#97 = DIRECTION('',(1.,0.));
#98 = ( GEOMETRIC_REPRESENTATION_CONTEXT(2) 
PARAMETRIC_REPRESENTATION_CONTEXT() REPRESENTATION_CONTEXT('2D SPACE',''
  ) );
#99 = PCURVE('',#100,#105);
#100 = PLANE('',#101);
#101 = AXIS2_PLACEMENT_3D('',#102,#103,#104);
#102 = CARTESIAN_POINT('',(70.,52.5,9.8));
#103 = DIRECTION('',(0.,0.,1.));
#104 = DIRECTION('',(1.,0.,-0.));
#105 = DEFINITIONAL_REPRESENTATION('',(#106),#110);
#106 = LINE('',#107,#108);
#107 = CARTESIAN_POINT('',(-54.,-52.5));
#108 = VECTOR('',#109,1.);
#109 = DIRECTION('',(1.,0.));
#110 = ( GEOMETRIC_REPRESENTATION_CONTEXT(2) 
PARAMETRIC_REPRESENTATION_CONTEXT() REPRESENTATION_CONTEXT('2D SPACE',''
  ) );
#111 = ORIENTED_EDGE('',*,*,#112,.T.);
#112 = EDGE_CURVE('',#85,#24,#113,.T.);
#113 = SURFACE_CURVE('',#114,(#118,#124),.PCURVE_S1.);
#114 = LINE('',#115,#116);
#115 = CARTESIAN_POINT('',(48.5,0.,-0.5));
#116 = VECTOR('',#117,1.);
#117 = DIRECTION('',(-0.,0.,-1.));
#118 = PCURVE('',#32,#119);
#119 = DEFINITIONAL_REPRESENTATION('',(#120),#123);
#120 = B_SPLINE_CURVE_WITH_KNOTS('',1,(#121,#122),.UNSPECIFIED.,.F.,.F.,
  (2,2),(-10.3,-0.5),.PIECEWISE_BEZIER_KNOTS.);
#121 = CARTESIAN_POINT('',(32.5,-9.8));
#122 = CARTESIAN_POINT('',(32.5,0.));
#123 = ( GEOMETRIC_REPRESENTATION_CONTEXT(2) 
PARAMETRIC_REPRESENTATION_CONTEXT() REPRESENTATION_CONTEXT('2D SPACE',''
  ) );
#124 = PCURVE('',#125,#130);
#125 = PLANE('',#126);
#126 = AXIS2_PLACEMENT_3D('',#127,#128,#129);
#127 = CARTESIAN_POINT('',(48.5,-1.,-1.));
#128 = DIRECTION('',(1.,0.,-0.));
#129 = DIRECTION('',(0.,0.,1.));
#130 = DEFINITIONAL_REPRESENTATION('',(#131),#134);
#131 = B_SPLINE_CURVE_WITH_KNOTS('',1,(#132,#133),.UNSPECIFIED.,.F.,.F.,
  (2,2),(-10.3,-0.5),.PIECEWISE_BEZIER_KNOTS.);
#132 = CARTESIAN_POINT('',(10.8,-1.));
#133 = CARTESIAN_POINT('',(1.,-1.));
#134 = ( GEOMETRIC_REPRESENTATION_CONTEXT(2) 
PARAMETRIC_REPRESENTATION_CONTEXT() REPRESENTATION_CONTEXT('2D SPACE',''
  ) );
#135 = ADVANCED_FACE('',(#136),#44,.F.);
#136 = FACE_BOUND('',#137,.F.);
#137 = EDGE_LOOP('',(#138,#166,#192,#220,#248,#269,#270,#291,#317,#343,
    #369,#395,#421,#447));
#138 = ORIENTED_EDGE('',*,*,#139,.F.);
#139 = EDGE_CURVE('',#140,#142,#144,.T.);
#140 = VERTEX_POINT('',#141);
#141 = CARTESIAN_POINT('',(62.,103.95,0.));
#142 = VERTEX_POINT('',#143);
#143 = CARTESIAN_POINT('',(60.6,103.95,0.));
#144 = SURFACE_CURVE('',#145,(#149,#155),.PCURVE_S1.);
#145 = LINE('',#146,#147);
#146 = CARTESIAN_POINT('',(65.3,103.95,0.));
#147 = VECTOR('',#148,1.);
#148 = DIRECTION('',(-1.,-0.,0.));
#149 = PCURVE('',#44,#150);
#150 = DEFINITIONAL_REPRESENTATION('',(#151),#154);
#151 = B_SPLINE_CURVE_WITH_KNOTS('',1,(#152,#153),.UNSPECIFIED.,.F.,.F.,
  (2,2),(3.3,4.7),.PIECEWISE_BEZIER_KNOTS.);
#152 = CARTESIAN_POINT('',(-8.,51.45));
#153 = CARTESIAN_POINT('',(-9.4,51.45));
#154 = ( GEOMETRIC_REPRESENTATION_CONTEXT(2) 
PARAMETRIC_REPRESENTATION_CONTEXT() REPRESENTATION_CONTEXT('2D SPACE',''
  ) );
#155 = PCURVE('',#156,#161);
#156 = PLANE('',#157);
#157 = AXIS2_PLACEMENT_3D('',#158,#159,#160);
#158 = CARTESIAN_POINT('',(60.6,103.95,-1.));
#159 = DIRECTION('',(-0.,1.,0.));
#160 = DIRECTION('',(0.,0.,1.));
#161 = DEFINITIONAL_REPRESENTATION('',(#162),#165);
#162 = B_SPLINE_CURVE_WITH_KNOTS('',1,(#163,#164),.UNSPECIFIED.,.F.,.F.,
  (2,2),(3.3,4.7),.PIECEWISE_BEZIER_KNOTS.);
#163 = CARTESIAN_POINT('',(1.,1.4));
#164 = CARTESIAN_POINT('',(1.,0.));
#165 = ( GEOMETRIC_REPRESENTATION_CONTEXT(2) 
PARAMETRIC_REPRESENTATION_CONTEXT() REPRESENTATION_CONTEXT('2D SPACE',''
  ) );
#166 = ORIENTED_EDGE('',*,*,#167,.T.);
#167 = EDGE_CURVE('',#140,#168,#170,.T.);
#168 = VERTEX_POINT('',#169);
#169 = CARTESIAN_POINT('',(62.,105.,0.));
#170 = SURFACE_CURVE('',#171,(#175,#181),.PCURVE_S1.);
#171 = LINE('',#172,#173);
#172 = CARTESIAN_POINT('',(62.,77.545,0.));
#173 = VECTOR('',#174,1.);
#174 = DIRECTION('',(-0.,1.,0.));
#175 = PCURVE('',#44,#176);
#176 = DEFINITIONAL_REPRESENTATION('',(#177),#180);
#177 = B_SPLINE_CURVE_WITH_KNOTS('',1,(#178,#179),.UNSPECIFIED.,.F.,.F.,
  (2,2),(25.045,27.455),.PIECEWISE_BEZIER_KNOTS.);
#178 = CARTESIAN_POINT('',(-8.,50.09));
#179 = CARTESIAN_POINT('',(-8.,52.5));
#180 = ( GEOMETRIC_REPRESENTATION_CONTEXT(2) 
PARAMETRIC_REPRESENTATION_CONTEXT() REPRESENTATION_CONTEXT('2D SPACE',''
  ) );
#181 = PCURVE('',#182,#187);
#182 = PLANE('',#183);
#183 = AXIS2_PLACEMENT_3D('',#184,#185,#186);
#184 = CARTESIAN_POINT('',(62.,102.59,-1.));
#185 = DIRECTION('',(1.,0.,-0.));
#186 = DIRECTION('',(0.,0.,1.));
#187 = DEFINITIONAL_REPRESENTATION('',(#188),#191);
#188 = B_SPLINE_CURVE_WITH_KNOTS('',1,(#189,#190),.UNSPECIFIED.,.F.,.F.,
  (2,2),(25.045,27.455),.PIECEWISE_BEZIER_KNOTS.);
#189 = CARTESIAN_POINT('',(1.,0.));
#190 = CARTESIAN_POINT('',(1.,-2.41));
#191 = ( GEOMETRIC_REPRESENTATION_CONTEXT(2) 
PARAMETRIC_REPRESENTATION_CONTEXT() REPRESENTATION_CONTEXT('2D SPACE',''
  ) );
#192 = ORIENTED_EDGE('',*,*,#193,.T.);
#193 = EDGE_CURVE('',#168,#194,#196,.T.);
#194 = VERTEX_POINT('',#195);
#195 = CARTESIAN_POINT('',(0.,105.,0.));
#196 = SURFACE_CURVE('',#197,(#201,#208),.PCURVE_S1.);
#197 = LINE('',#198,#199);
#198 = CARTESIAN_POINT('',(124.,105.,0.));
#199 = VECTOR('',#200,1.);
#200 = DIRECTION('',(-1.,0.,0.));
#201 = PCURVE('',#44,#202);
#202 = DEFINITIONAL_REPRESENTATION('',(#203),#207);
#203 = LINE('',#204,#205);
#204 = CARTESIAN_POINT('',(54.,52.5));
#205 = VECTOR('',#206,1.);
#206 = DIRECTION('',(-1.,0.));
#207 = ( GEOMETRIC_REPRESENTATION_CONTEXT(2) 
PARAMETRIC_REPRESENTATION_CONTEXT() REPRESENTATION_CONTEXT('2D SPACE',''
  ) );
#208 = PCURVE('',#209,#214);
#209 = PLANE('',#210);
#210 = AXIS2_PLACEMENT_3D('',#211,#212,#213);
#211 = CARTESIAN_POINT('',(124.,105.,0.));
#212 = DIRECTION('',(0.,-1.,0.));
#213 = DIRECTION('',(-1.,0.,0.));
#214 = DEFINITIONAL_REPRESENTATION('',(#215),#219);
#215 = LINE('',#216,#217);
#216 = CARTESIAN_POINT('',(0.,-0.));
#217 = VECTOR('',#218,1.);
#218 = DIRECTION('',(1.,0.));
#219 = ( GEOMETRIC_REPRESENTATION_CONTEXT(2) 
PARAMETRIC_REPRESENTATION_CONTEXT() REPRESENTATION_CONTEXT('2D SPACE',''
  ) );
#220 = ORIENTED_EDGE('',*,*,#221,.T.);
#221 = EDGE_CURVE('',#194,#222,#224,.T.);
#222 = VERTEX_POINT('',#223);
#223 = CARTESIAN_POINT('',(0.,16.,0.));
#224 = SURFACE_CURVE('',#225,(#229,#236),.PCURVE_S1.);
#225 = LINE('',#226,#227);
#226 = CARTESIAN_POINT('',(0.,105.,0.));
#227 = VECTOR('',#228,1.);
#228 = DIRECTION('',(0.,-1.,0.));
#229 = PCURVE('',#44,#230);
#230 = DEFINITIONAL_REPRESENTATION('',(#231),#235);
#231 = LINE('',#232,#233);
#232 = CARTESIAN_POINT('',(-70.,52.5));
#233 = VECTOR('',#234,1.);
#234 = DIRECTION('',(0.,-1.));
#235 = ( GEOMETRIC_REPRESENTATION_CONTEXT(2) 
PARAMETRIC_REPRESENTATION_CONTEXT() REPRESENTATION_CONTEXT('2D SPACE',''
  ) );
#236 = PCURVE('',#237,#242);
#237 = PLANE('',#238);
#238 = AXIS2_PLACEMENT_3D('',#239,#240,#241);
#239 = CARTESIAN_POINT('',(0.,105.,0.));
#240 = DIRECTION('',(1.,0.,-0.));
#241 = DIRECTION('',(0.,-1.,0.));
#242 = DEFINITIONAL_REPRESENTATION('',(#243),#247);
#243 = LINE('',#244,#245);
#244 = CARTESIAN_POINT('',(0.,0.));
#245 = VECTOR('',#246,1.);
#246 = DIRECTION('',(1.,0.));
#247 = ( GEOMETRIC_REPRESENTATION_CONTEXT(2) 
PARAMETRIC_REPRESENTATION_CONTEXT() REPRESENTATION_CONTEXT('2D SPACE',''
  ) );
#248 = ORIENTED_EDGE('',*,*,#249,.T.);
#249 = EDGE_CURVE('',#222,#22,#250,.T.);
#250 = SURFACE_CURVE('',#251,(#255,#262),.PCURVE_S1.);
#251 = LINE('',#252,#253);
#252 = CARTESIAN_POINT('',(0.,16.,0.));
#253 = VECTOR('',#254,1.);
#254 = DIRECTION('',(0.707106781187,-0.707106781187,0.));
#255 = PCURVE('',#44,#256);
#256 = DEFINITIONAL_REPRESENTATION('',(#257),#261);
#257 = LINE('',#258,#259);
#258 = CARTESIAN_POINT('',(-70.,-36.5));
#259 = VECTOR('',#260,1.);
#260 = DIRECTION('',(0.707106781187,-0.707106781187));
#261 = ( GEOMETRIC_REPRESENTATION_CONTEXT(2) 
PARAMETRIC_REPRESENTATION_CONTEXT() REPRESENTATION_CONTEXT('2D SPACE',''
  ) );
#262 = PCURVE('',#72,#263);
#263 = DEFINITIONAL_REPRESENTATION('',(#264),#268);
#264 = LINE('',#265,#266);
#265 = CARTESIAN_POINT('',(0.,0.));
#266 = VECTOR('',#267,1.);
#267 = DIRECTION('',(1.,0.));
#268 = ( GEOMETRIC_REPRESENTATION_CONTEXT(2) 
PARAMETRIC_REPRESENTATION_CONTEXT() REPRESENTATION_CONTEXT('2D SPACE',''
  ) );
#269 = ORIENTED_EDGE('',*,*,#21,.T.);
#270 = ORIENTED_EDGE('',*,*,#271,.T.);
#271 = EDGE_CURVE('',#24,#272,#274,.T.);
#272 = VERTEX_POINT('',#273);
#273 = CARTESIAN_POINT('',(48.5,1.05,0.));
#274 = SURFACE_CURVE('',#275,(#279,#285),.PCURVE_S1.);
#275 = LINE('',#276,#277);
#276 = CARTESIAN_POINT('',(48.5,25.75,0.));
#277 = VECTOR('',#278,1.);
#278 = DIRECTION('',(-0.,1.,0.));
#279 = PCURVE('',#44,#280);
#280 = DEFINITIONAL_REPRESENTATION('',(#281),#284);
#281 = B_SPLINE_CURVE_WITH_KNOTS('',1,(#282,#283),.UNSPECIFIED.,.F.,.F.,
  (2,2),(-25.75,-23.34),.PIECEWISE_BEZIER_KNOTS.);
#282 = CARTESIAN_POINT('',(-21.5,-52.5));
#283 = CARTESIAN_POINT('',(-21.5,-50.09));
#284 = ( GEOMETRIC_REPRESENTATION_CONTEXT(2) 
PARAMETRIC_REPRESENTATION_CONTEXT() REPRESENTATION_CONTEXT('2D SPACE',''
  ) );
#285 = PCURVE('',#125,#286);
#286 = DEFINITIONAL_REPRESENTATION('',(#287),#290);
#287 = B_SPLINE_CURVE_WITH_KNOTS('',1,(#288,#289),.UNSPECIFIED.,.F.,.F.,
  (2,2),(-25.75,-23.34),.PIECEWISE_BEZIER_KNOTS.);
#288 = CARTESIAN_POINT('',(1.,-1.));
#289 = CARTESIAN_POINT('',(1.,-3.41));
#290 = ( GEOMETRIC_REPRESENTATION_CONTEXT(2) 
PARAMETRIC_REPRESENTATION_CONTEXT() REPRESENTATION_CONTEXT('2D SPACE',''
  ) );
#291 = ORIENTED_EDGE('',*,*,#292,.T.);
#292 = EDGE_CURVE('',#272,#293,#295,.T.);
#293 = VERTEX_POINT('',#294);
#294 = CARTESIAN_POINT('',(47.1,1.05,0.));
#295 = SURFACE_CURVE('',#296,(#300,#306),.PCURVE_S1.);
#296 = LINE('',#297,#298);
#297 = CARTESIAN_POINT('',(58.55,1.05,0.));
#298 = VECTOR('',#299,1.);
#299 = DIRECTION('',(-1.,-0.,0.));
#300 = PCURVE('',#44,#301);
#301 = DEFINITIONAL_REPRESENTATION('',(#302),#305);
#302 = B_SPLINE_CURVE_WITH_KNOTS('',1,(#303,#304),.UNSPECIFIED.,.F.,.F.,
  (2,2),(-56.85,11.45),.PIECEWISE_BEZIER_KNOTS.);
#303 = CARTESIAN_POINT('',(45.4,-51.45));
#304 = CARTESIAN_POINT('',(-22.9,-51.45));
#305 = ( GEOMETRIC_REPRESENTATION_CONTEXT(2) 
PARAMETRIC_REPRESENTATION_CONTEXT() REPRESENTATION_CONTEXT('2D SPACE',''
  ) );
#306 = PCURVE('',#307,#312);
#307 = PLANE('',#308);
#308 = AXIS2_PLACEMENT_3D('',#309,#310,#311);
#309 = CARTESIAN_POINT('',(47.1,1.05,-1.));
#310 = DIRECTION('',(-0.,1.,0.));
#311 = DIRECTION('',(0.,0.,1.));
#312 = DEFINITIONAL_REPRESENTATION('',(#313),#316);
#313 = B_SPLINE_CURVE_WITH_KNOTS('',1,(#314,#315),.UNSPECIFIED.,.F.,.F.,
  (2,2),(-56.85,11.45),.PIECEWISE_BEZIER_KNOTS.);
#314 = CARTESIAN_POINT('',(1.,68.3));
#315 = CARTESIAN_POINT('',(1.,0.));
#316 = ( GEOMETRIC_REPRESENTATION_CONTEXT(2) 
PARAMETRIC_REPRESENTATION_CONTEXT() REPRESENTATION_CONTEXT('2D SPACE',''
  ) );
#317 = ORIENTED_EDGE('',*,*,#318,.T.);
#318 = EDGE_CURVE('',#293,#319,#321,.T.);
#319 = VERTEX_POINT('',#320);
#320 = CARTESIAN_POINT('',(47.1,2.4,0.));
#321 = SURFACE_CURVE('',#322,(#326,#332),.PCURVE_S1.);
#322 = LINE('',#323,#324);
#323 = CARTESIAN_POINT('',(47.1,26.775,0.));
#324 = VECTOR('',#325,1.);
#325 = DIRECTION('',(-0.,1.,0.));
#326 = PCURVE('',#44,#327);
#327 = DEFINITIONAL_REPRESENTATION('',(#328),#331);
#328 = B_SPLINE_CURVE_WITH_KNOTS('',1,(#329,#330),.UNSPECIFIED.,.F.,.F.,
  (2,2),(-25.725,-24.225),.PIECEWISE_BEZIER_KNOTS.);
#329 = CARTESIAN_POINT('',(-22.9,-51.45));
#330 = CARTESIAN_POINT('',(-22.9,-49.95));
#331 = ( GEOMETRIC_REPRESENTATION_CONTEXT(2) 
PARAMETRIC_REPRESENTATION_CONTEXT() REPRESENTATION_CONTEXT('2D SPACE',''
  ) );
#332 = PCURVE('',#333,#338);
#333 = PLANE('',#334);
#334 = AXIS2_PLACEMENT_3D('',#335,#336,#337);
#335 = CARTESIAN_POINT('',(47.1,1.05,-1.));
#336 = DIRECTION('',(1.,0.,-0.));
#337 = DIRECTION('',(0.,0.,1.));
#338 = DEFINITIONAL_REPRESENTATION('',(#339),#342);
#339 = B_SPLINE_CURVE_WITH_KNOTS('',1,(#340,#341),.UNSPECIFIED.,.F.,.F.,
  (2,2),(-25.725,-24.225),.PIECEWISE_BEZIER_KNOTS.);
#340 = CARTESIAN_POINT('',(1.,0.));
#341 = CARTESIAN_POINT('',(1.,-1.5));
#342 = ( GEOMETRIC_REPRESENTATION_CONTEXT(2) 
PARAMETRIC_REPRESENTATION_CONTEXT() REPRESENTATION_CONTEXT('2D SPACE',''
  ) );
#343 = ORIENTED_EDGE('',*,*,#344,.T.);
#344 = EDGE_CURVE('',#319,#345,#347,.T.);
#345 = VERTEX_POINT('',#346);
#346 = CARTESIAN_POINT('',(16.994112549695,2.4,0.));
#347 = SURFACE_CURVE('',#348,(#352,#358),.PCURVE_S1.);
#348 = LINE('',#349,#350);
#349 = CARTESIAN_POINT('',(43.497056274848,2.4,0.));
#350 = VECTOR('',#351,1.);
#351 = DIRECTION('',(-1.,0.,0.));
#352 = PCURVE('',#44,#353);
#353 = DEFINITIONAL_REPRESENTATION('',(#354),#357);
#354 = B_SPLINE_CURVE_WITH_KNOTS('',1,(#355,#356),.UNSPECIFIED.,.F.,.F.,
  (2,2),(-94.10294372515,26.502943725152),.PIECEWISE_BEZIER_KNOTS.);
#355 = CARTESIAN_POINT('',(67.6,-50.1));
#356 = CARTESIAN_POINT('',(-53.0058874503,-50.1));
#357 = ( GEOMETRIC_REPRESENTATION_CONTEXT(2) 
PARAMETRIC_REPRESENTATION_CONTEXT() REPRESENTATION_CONTEXT('2D SPACE',''
  ) );
#358 = PCURVE('',#359,#364);
#359 = PLANE('',#360);
#360 = AXIS2_PLACEMENT_3D('',#361,#362,#363);
#361 = CARTESIAN_POINT('',(16.994112549695,2.4,-1.));
#362 = DIRECTION('',(0.,1.,0.));
#363 = DIRECTION('',(1.,0.,0.));
#364 = DEFINITIONAL_REPRESENTATION('',(#365),#368);
#365 = B_SPLINE_CURVE_WITH_KNOTS('',1,(#366,#367),.UNSPECIFIED.,.F.,.F.,
  (2,2),(-94.10294372515,26.502943725152),.PIECEWISE_BEZIER_KNOTS.);
#366 = CARTESIAN_POINT('',(120.6058874503,-1.));
#367 = CARTESIAN_POINT('',(0.,-1.));
#368 = ( GEOMETRIC_REPRESENTATION_CONTEXT(2) 
PARAMETRIC_REPRESENTATION_CONTEXT() REPRESENTATION_CONTEXT('2D SPACE',''
  ) );
#369 = ORIENTED_EDGE('',*,*,#370,.T.);
#370 = EDGE_CURVE('',#345,#371,#373,.T.);
#371 = VERTEX_POINT('',#372);
#372 = CARTESIAN_POINT('',(2.4,16.994112549695,0.));
#373 = SURFACE_CURVE('',#374,(#378,#384),.PCURVE_S1.);
#374 = LINE('',#375,#376);
#375 = CARTESIAN_POINT('',(10.423528137424,8.970584412272,
    1.110223024625E-16));
#376 = VECTOR('',#377,1.);
#377 = DIRECTION('',(-0.707106781187,0.707106781187,0.));
#378 = PCURVE('',#44,#379);
#379 = DEFINITIONAL_REPRESENTATION('',(#380),#383);
#380 = B_SPLINE_CURVE_WITH_KNOTS('',1,(#381,#382),.UNSPECIFIED.,.F.,.F.,
  (2,2),(-9.292209588552,11.346982310027),.PIECEWISE_BEZIER_KNOTS.);
#381 = CARTESIAN_POINT('',(-53.0058874503,-50.1));
#382 = CARTESIAN_POINT('',(-67.6,-35.5058874503));
#383 = ( GEOMETRIC_REPRESENTATION_CONTEXT(2) 
PARAMETRIC_REPRESENTATION_CONTEXT() REPRESENTATION_CONTEXT('2D SPACE',''
  ) );
#384 = PCURVE('',#385,#390);
#385 = PLANE('',#386);
#386 = AXIS2_PLACEMENT_3D('',#387,#388,#389);
#387 = CARTESIAN_POINT('',(2.4,16.994112549695,-1.));
#388 = DIRECTION('',(0.707106781187,0.707106781187,-0.));
#389 = DIRECTION('',(0.707106781187,-0.707106781187,0.));
#390 = DEFINITIONAL_REPRESENTATION('',(#391),#394);
#391 = B_SPLINE_CURVE_WITH_KNOTS('',1,(#392,#393),.UNSPECIFIED.,.F.,.F.,
  (2,2),(-9.292209588552,11.346982310027),.PIECEWISE_BEZIER_KNOTS.);
#392 = CARTESIAN_POINT('',(20.639191898579,-1.));
#393 = CARTESIAN_POINT('',(0.,-1.));
#394 = ( GEOMETRIC_REPRESENTATION_CONTEXT(2) 
PARAMETRIC_REPRESENTATION_CONTEXT() REPRESENTATION_CONTEXT('2D SPACE',''
  ) );
#395 = ORIENTED_EDGE('',*,*,#396,.T.);
#396 = EDGE_CURVE('',#371,#397,#399,.T.);
#397 = VERTEX_POINT('',#398);
#398 = CARTESIAN_POINT('',(2.4,102.6,0.));
#399 = SURFACE_CURVE('',#400,(#404,#410),.PCURVE_S1.);
#400 = LINE('',#401,#402);
#401 = CARTESIAN_POINT('',(2.4,77.55,0.));
#402 = VECTOR('',#403,1.);
#403 = DIRECTION('',(-0.,1.,0.));
#404 = PCURVE('',#44,#405);
#405 = DEFINITIONAL_REPRESENTATION('',(#406),#409);
#406 = B_SPLINE_CURVE_WITH_KNOTS('',1,(#407,#408),.UNSPECIFIED.,.F.,.F.,
  (2,2),(-60.5558874503,25.05),.PIECEWISE_BEZIER_KNOTS.);
#407 = CARTESIAN_POINT('',(-67.6,-35.5058874503));
#408 = CARTESIAN_POINT('',(-67.6,50.1));
#409 = ( GEOMETRIC_REPRESENTATION_CONTEXT(2) 
PARAMETRIC_REPRESENTATION_CONTEXT() REPRESENTATION_CONTEXT('2D SPACE',''
  ) );
#410 = PCURVE('',#411,#416);
#411 = PLANE('',#412);
#412 = AXIS2_PLACEMENT_3D('',#413,#414,#415);
#413 = CARTESIAN_POINT('',(2.4,102.6,-1.));
#414 = DIRECTION('',(1.,0.,-0.));
#415 = DIRECTION('',(0.,-1.,0.));
#416 = DEFINITIONAL_REPRESENTATION('',(#417),#420);
#417 = B_SPLINE_CURVE_WITH_KNOTS('',1,(#418,#419),.UNSPECIFIED.,.F.,.F.,
  (2,2),(-60.5558874503,25.05),.PIECEWISE_BEZIER_KNOTS.);
#418 = CARTESIAN_POINT('',(85.605887450305,-1.));
#419 = CARTESIAN_POINT('',(0.,-1.));
#420 = ( GEOMETRIC_REPRESENTATION_CONTEXT(2) 
PARAMETRIC_REPRESENTATION_CONTEXT() REPRESENTATION_CONTEXT('2D SPACE',''
  ) );
#421 = ORIENTED_EDGE('',*,*,#422,.T.);
#422 = EDGE_CURVE('',#397,#423,#425,.T.);
#423 = VERTEX_POINT('',#424);
#424 = CARTESIAN_POINT('',(60.6,102.6,0.));
#425 = SURFACE_CURVE('',#426,(#430,#436),.PCURVE_S1.);
#426 = LINE('',#427,#428);
#427 = CARTESIAN_POINT('',(96.502943725152,102.6,0.));
#428 = VECTOR('',#429,1.);
#429 = DIRECTION('',(1.,0.,-0.));
#430 = PCURVE('',#44,#431);
#431 = DEFINITIONAL_REPRESENTATION('',(#432),#435);
#432 = B_SPLINE_CURVE_WITH_KNOTS('',1,(#433,#434),.UNSPECIFIED.,.F.,.F.,
  (2,2),(-94.10294372515,26.502943725152),.PIECEWISE_BEZIER_KNOTS.);
#433 = CARTESIAN_POINT('',(-67.6,50.1));
#434 = CARTESIAN_POINT('',(53.005887450305,50.1));
#435 = ( GEOMETRIC_REPRESENTATION_CONTEXT(2) 
PARAMETRIC_REPRESENTATION_CONTEXT() REPRESENTATION_CONTEXT('2D SPACE',''
  ) );
#436 = PCURVE('',#437,#442);
#437 = PLANE('',#438);
#438 = AXIS2_PLACEMENT_3D('',#439,#440,#441);
#439 = CARTESIAN_POINT('',(123.0058874503,102.6,-1.));
#440 = DIRECTION('',(0.,-1.,0.));
#441 = DIRECTION('',(-1.,0.,0.));
#442 = DEFINITIONAL_REPRESENTATION('',(#443),#446);
#443 = B_SPLINE_CURVE_WITH_KNOTS('',1,(#444,#445),.UNSPECIFIED.,.F.,.F.,
  (2,2),(-94.10294372515,26.502943725152),.PIECEWISE_BEZIER_KNOTS.);
#444 = CARTESIAN_POINT('',(120.6058874503,-1.));
#445 = CARTESIAN_POINT('',(-3.552713678801E-15,-1.));
#446 = ( GEOMETRIC_REPRESENTATION_CONTEXT(2) 
PARAMETRIC_REPRESENTATION_CONTEXT() REPRESENTATION_CONTEXT('2D SPACE',''
  ) );
#447 = ORIENTED_EDGE('',*,*,#448,.T.);
#448 = EDGE_CURVE('',#423,#142,#449,.T.);
#449 = SURFACE_CURVE('',#450,(#454,#460),.PCURVE_S1.);
#450 = LINE('',#451,#452);
#451 = CARTESIAN_POINT('',(60.6,77.475,0.));
#452 = VECTOR('',#453,1.);
#453 = DIRECTION('',(-0.,1.,0.));
#454 = PCURVE('',#44,#455);
#455 = DEFINITIONAL_REPRESENTATION('',(#456),#459);
#456 = B_SPLINE_CURVE_WITH_KNOTS('',1,(#457,#458),.UNSPECIFIED.,.F.,.F.,
  (2,2),(24.975,26.475),.PIECEWISE_BEZIER_KNOTS.);
#457 = CARTESIAN_POINT('',(-9.4,49.95));
#458 = CARTESIAN_POINT('',(-9.4,51.45));
#459 = ( GEOMETRIC_REPRESENTATION_CONTEXT(2) 
PARAMETRIC_REPRESENTATION_CONTEXT() REPRESENTATION_CONTEXT('2D SPACE',''
  ) );
#460 = PCURVE('',#461,#466);
#461 = PLANE('',#462);
#462 = AXIS2_PLACEMENT_3D('',#463,#464,#465);
#463 = CARTESIAN_POINT('',(60.6,102.45,-1.));
#464 = DIRECTION('',(1.,0.,-0.));
#465 = DIRECTION('',(0.,0.,1.));
#466 = DEFINITIONAL_REPRESENTATION('',(#467),#470);
#467 = B_SPLINE_CURVE_WITH_KNOTS('',1,(#468,#469),.UNSPECIFIED.,.F.,.F.,
  (2,2),(24.975,26.475),.PIECEWISE_BEZIER_KNOTS.);
#468 = CARTESIAN_POINT('',(1.,0.));
#469 = CARTESIAN_POINT('',(1.,-1.5));
#470 = ( GEOMETRIC_REPRESENTATION_CONTEXT(2) 
PARAMETRIC_REPRESENTATION_CONTEXT() REPRESENTATION_CONTEXT('2D SPACE',''
  ) );
#471 = ADVANCED_FACE('',(#472),#125,.T.);
#472 = FACE_BOUND('',#473,.T.);
#473 = EDGE_LOOP('',(#474,#504,#530,#556,#582,#601,#602,#603));
#474 = ORIENTED_EDGE('',*,*,#475,.F.);
#475 = EDGE_CURVE('',#476,#478,#480,.T.);
#476 = VERTEX_POINT('',#477);
#477 = CARTESIAN_POINT('',(48.5,0.,24.4));
#478 = VERTEX_POINT('',#479);
#479 = CARTESIAN_POINT('',(48.5,1.05,24.4));
#480 = SURFACE_CURVE('',#481,(#485,#492),.PCURVE_S1.);
#481 = LINE('',#482,#483);
#482 = CARTESIAN_POINT('',(48.5,-1.,24.4));
#483 = VECTOR('',#484,1.);
#484 = DIRECTION('',(-0.,1.,0.));
#485 = PCURVE('',#125,#486);
#486 = DEFINITIONAL_REPRESENTATION('',(#487),#491);
#487 = LINE('',#488,#489);
#488 = CARTESIAN_POINT('',(25.4,0.));
#489 = VECTOR('',#490,1.);
#490 = DIRECTION('',(0.,-1.));
#491 = ( GEOMETRIC_REPRESENTATION_CONTEXT(2) 
PARAMETRIC_REPRESENTATION_CONTEXT() REPRESENTATION_CONTEXT('2D SPACE',''
  ) );
#492 = PCURVE('',#493,#498);
#493 = PLANE('',#494);
#494 = AXIS2_PLACEMENT_3D('',#495,#496,#497);
#495 = CARTESIAN_POINT('',(48.5,-1.,24.4));
#496 = DIRECTION('',(0.,0.,1.));
#497 = DIRECTION('',(1.,0.,-0.));
#498 = DEFINITIONAL_REPRESENTATION('',(#499),#503);
#499 = LINE('',#500,#501);
#500 = CARTESIAN_POINT('',(0.,0.));
#501 = VECTOR('',#502,1.);
#502 = DIRECTION('',(0.,1.));
#503 = ( GEOMETRIC_REPRESENTATION_CONTEXT(2) 
PARAMETRIC_REPRESENTATION_CONTEXT() REPRESENTATION_CONTEXT('2D SPACE',''
  ) );
#504 = ORIENTED_EDGE('',*,*,#505,.T.);
#505 = EDGE_CURVE('',#476,#506,#508,.T.);
#506 = VERTEX_POINT('',#507);
#507 = CARTESIAN_POINT('',(48.5,0.,11.));
#508 = SURFACE_CURVE('',#509,(#513,#519),.PCURVE_S1.);
#509 = LINE('',#510,#511);
#510 = CARTESIAN_POINT('',(48.5,0.,-0.5));
#511 = VECTOR('',#512,1.);
#512 = DIRECTION('',(-0.,0.,-1.));
#513 = PCURVE('',#125,#514);
#514 = DEFINITIONAL_REPRESENTATION('',(#515),#518);
#515 = B_SPLINE_CURVE_WITH_KNOTS('',1,(#516,#517),.UNSPECIFIED.,.F.,.F.,
  (2,2),(-24.9,-11.5),.PIECEWISE_BEZIER_KNOTS.);
#516 = CARTESIAN_POINT('',(25.4,-1.));
#517 = CARTESIAN_POINT('',(12.,-1.));
#518 = ( GEOMETRIC_REPRESENTATION_CONTEXT(2) 
PARAMETRIC_REPRESENTATION_CONTEXT() REPRESENTATION_CONTEXT('2D SPACE',''
  ) );
#519 = PCURVE('',#520,#525);
#520 = PLANE('',#521);
#521 = AXIS2_PLACEMENT_3D('',#522,#523,#524);
#522 = CARTESIAN_POINT('',(16.,0.,0.));
#523 = DIRECTION('',(0.,1.,0.));
#524 = DIRECTION('',(1.,0.,0.));
#525 = DEFINITIONAL_REPRESENTATION('',(#526),#529);
#526 = B_SPLINE_CURVE_WITH_KNOTS('',1,(#527,#528),.UNSPECIFIED.,.F.,.F.,
  (2,2),(-24.9,-11.5),.PIECEWISE_BEZIER_KNOTS.);
#527 = CARTESIAN_POINT('',(32.5,-24.4));
#528 = CARTESIAN_POINT('',(32.5,-11.));
#529 = ( GEOMETRIC_REPRESENTATION_CONTEXT(2) 
PARAMETRIC_REPRESENTATION_CONTEXT() REPRESENTATION_CONTEXT('2D SPACE',''
  ) );
#530 = ORIENTED_EDGE('',*,*,#531,.T.);
#531 = EDGE_CURVE('',#506,#532,#534,.T.);
#532 = VERTEX_POINT('',#533);
#533 = CARTESIAN_POINT('',(48.5,0.8,11.));
#534 = SURFACE_CURVE('',#535,(#539,#545),.PCURVE_S1.);
#535 = LINE('',#536,#537);
#536 = CARTESIAN_POINT('',(48.5,25.75,11.));
#537 = VECTOR('',#538,1.);
#538 = DIRECTION('',(-0.,1.,0.));
#539 = PCURVE('',#125,#540);
#540 = DEFINITIONAL_REPRESENTATION('',(#541),#544);
#541 = B_SPLINE_CURVE_WITH_KNOTS('',1,(#542,#543),.UNSPECIFIED.,.F.,.F.,
  (2,2),(-25.75,-23.34),.PIECEWISE_BEZIER_KNOTS.);
#542 = CARTESIAN_POINT('',(12.,-1.));
#543 = CARTESIAN_POINT('',(12.,-3.41));
#544 = ( GEOMETRIC_REPRESENTATION_CONTEXT(2) 
PARAMETRIC_REPRESENTATION_CONTEXT() REPRESENTATION_CONTEXT('2D SPACE',''
  ) );
#545 = PCURVE('',#546,#551);
#546 = PLANE('',#547);
#547 = AXIS2_PLACEMENT_3D('',#548,#549,#550);
#548 = CARTESIAN_POINT('',(70.,52.5,11.));
#549 = DIRECTION('',(0.,0.,1.));
#550 = DIRECTION('',(1.,0.,-0.));
#551 = DEFINITIONAL_REPRESENTATION('',(#552),#555);
#552 = B_SPLINE_CURVE_WITH_KNOTS('',1,(#553,#554),.UNSPECIFIED.,.F.,.F.,
  (2,2),(-25.75,-23.34),.PIECEWISE_BEZIER_KNOTS.);
#553 = CARTESIAN_POINT('',(-21.5,-52.5));
#554 = CARTESIAN_POINT('',(-21.5,-50.09));
#555 = ( GEOMETRIC_REPRESENTATION_CONTEXT(2) 
PARAMETRIC_REPRESENTATION_CONTEXT() REPRESENTATION_CONTEXT('2D SPACE',''
  ) );
#556 = ORIENTED_EDGE('',*,*,#557,.T.);
#557 = EDGE_CURVE('',#532,#558,#560,.T.);
#558 = VERTEX_POINT('',#559);
#559 = CARTESIAN_POINT('',(48.5,0.8,9.8));
#560 = SURFACE_CURVE('',#561,(#565,#571),.PCURVE_S1.);
#561 = LINE('',#562,#563);
#562 = CARTESIAN_POINT('',(48.5,0.8,4.35));
#563 = VECTOR('',#564,1.);
#564 = DIRECTION('',(-0.,0.,-1.));
#565 = PCURVE('',#125,#566);
#566 = DEFINITIONAL_REPRESENTATION('',(#567),#570);
#567 = B_SPLINE_CURVE_WITH_KNOTS('',1,(#568,#569),.UNSPECIFIED.,.F.,.F.,
  (2,2),(-6.65,-5.45),.PIECEWISE_BEZIER_KNOTS.);
#568 = CARTESIAN_POINT('',(12.,-1.8));
#569 = CARTESIAN_POINT('',(10.8,-1.8));
#570 = ( GEOMETRIC_REPRESENTATION_CONTEXT(2) 
PARAMETRIC_REPRESENTATION_CONTEXT() REPRESENTATION_CONTEXT('2D SPACE',''
  ) );
#571 = PCURVE('',#572,#577);
#572 = PLANE('',#573);
#573 = AXIS2_PLACEMENT_3D('',#574,#575,#576);
#574 = CARTESIAN_POINT('',(16.331370849898,0.8,9.7));
#575 = DIRECTION('',(0.,1.,0.));
#576 = DIRECTION('',(1.,0.,0.));
#577 = DEFINITIONAL_REPRESENTATION('',(#578),#581);
#578 = B_SPLINE_CURVE_WITH_KNOTS('',1,(#579,#580),.UNSPECIFIED.,.F.,.F.,
  (2,2),(-6.65,-5.45),.PIECEWISE_BEZIER_KNOTS.);
#579 = CARTESIAN_POINT('',(32.168629150102,-1.3));
#580 = CARTESIAN_POINT('',(32.168629150102,-0.1));
#581 = ( GEOMETRIC_REPRESENTATION_CONTEXT(2) 
PARAMETRIC_REPRESENTATION_CONTEXT() REPRESENTATION_CONTEXT('2D SPACE',''
  ) );
#582 = ORIENTED_EDGE('',*,*,#583,.F.);
#583 = EDGE_CURVE('',#85,#558,#584,.T.);
#584 = SURFACE_CURVE('',#585,(#589,#595),.PCURVE_S1.);
#585 = LINE('',#586,#587);
#586 = CARTESIAN_POINT('',(48.5,25.75,9.8));
#587 = VECTOR('',#588,1.);
#588 = DIRECTION('',(-0.,1.,0.));
#589 = PCURVE('',#125,#590);
#590 = DEFINITIONAL_REPRESENTATION('',(#591),#594);
#591 = B_SPLINE_CURVE_WITH_KNOTS('',1,(#592,#593),.UNSPECIFIED.,.F.,.F.,
  (2,2),(-25.75,-23.34),.PIECEWISE_BEZIER_KNOTS.);
#592 = CARTESIAN_POINT('',(10.8,-1.));
#593 = CARTESIAN_POINT('',(10.8,-3.41));
#594 = ( GEOMETRIC_REPRESENTATION_CONTEXT(2) 
PARAMETRIC_REPRESENTATION_CONTEXT() REPRESENTATION_CONTEXT('2D SPACE',''
  ) );
#595 = PCURVE('',#100,#596);
#596 = DEFINITIONAL_REPRESENTATION('',(#597),#600);
#597 = B_SPLINE_CURVE_WITH_KNOTS('',1,(#598,#599),.UNSPECIFIED.,.F.,.F.,
  (2,2),(-25.75,-23.34),.PIECEWISE_BEZIER_KNOTS.);
#598 = CARTESIAN_POINT('',(-21.5,-52.5));
#599 = CARTESIAN_POINT('',(-21.5,-50.09));
#600 = ( GEOMETRIC_REPRESENTATION_CONTEXT(2) 
PARAMETRIC_REPRESENTATION_CONTEXT() REPRESENTATION_CONTEXT('2D SPACE',''
  ) );
#601 = ORIENTED_EDGE('',*,*,#112,.T.);
#602 = ORIENTED_EDGE('',*,*,#271,.T.);
#603 = ORIENTED_EDGE('',*,*,#604,.T.);
#604 = EDGE_CURVE('',#272,#478,#605,.T.);
#605 = SURFACE_CURVE('',#606,(#610,#616),.PCURVE_S1.);
#606 = LINE('',#607,#608);
#607 = CARTESIAN_POINT('',(48.5,1.05,-1.));
#608 = VECTOR('',#609,1.);
#609 = DIRECTION('',(0.,0.,1.));
#610 = PCURVE('',#125,#611);
#611 = DEFINITIONAL_REPRESENTATION('',(#612),#615);
#612 = B_SPLINE_CURVE_WITH_KNOTS('',1,(#613,#614),.UNSPECIFIED.,.F.,.F.,
  (2,2),(1.,25.4),.PIECEWISE_BEZIER_KNOTS.);
#613 = CARTESIAN_POINT('',(1.,-2.05));
#614 = CARTESIAN_POINT('',(25.4,-2.05));
#615 = ( GEOMETRIC_REPRESENTATION_CONTEXT(2) 
PARAMETRIC_REPRESENTATION_CONTEXT() REPRESENTATION_CONTEXT('2D SPACE',''
  ) );
#616 = PCURVE('',#307,#617);
#617 = DEFINITIONAL_REPRESENTATION('',(#618),#621);
#618 = B_SPLINE_CURVE_WITH_KNOTS('',1,(#619,#620),.UNSPECIFIED.,.F.,.F.,
  (2,2),(1.,25.4),.PIECEWISE_BEZIER_KNOTS.);
#619 = CARTESIAN_POINT('',(1.,1.4));
#620 = CARTESIAN_POINT('',(25.4,1.4));
#621 = ( GEOMETRIC_REPRESENTATION_CONTEXT(2) 
PARAMETRIC_REPRESENTATION_CONTEXT() REPRESENTATION_CONTEXT('2D SPACE',''
  ) );
#622 = ADVANCED_FACE('',(#623),#100,.T.);
#623 = FACE_BOUND('',#624,.T.);
#624 = EDGE_LOOP('',(#625,#648,#671,#694,#715,#716,#717,#738,#764,#790)
  );
#625 = ORIENTED_EDGE('',*,*,#626,.T.);
#626 = EDGE_CURVE('',#627,#629,#631,.T.);
#627 = VERTEX_POINT('',#628);
#628 = CARTESIAN_POINT('',(62.,104.2,9.8));
#629 = VERTEX_POINT('',#630);
#630 = CARTESIAN_POINT('',(62.,105.,9.8));
#631 = SURFACE_CURVE('',#632,(#636,#642),.PCURVE_S1.);
#632 = LINE('',#633,#634);
#633 = CARTESIAN_POINT('',(62.,77.545,9.8));
#634 = VECTOR('',#635,1.);
#635 = DIRECTION('',(-0.,1.,0.));
#636 = PCURVE('',#100,#637);
#637 = DEFINITIONAL_REPRESENTATION('',(#638),#641);
#638 = B_SPLINE_CURVE_WITH_KNOTS('',1,(#639,#640),.UNSPECIFIED.,.F.,.F.,
  (2,2),(25.045,27.455),.PIECEWISE_BEZIER_KNOTS.);
#639 = CARTESIAN_POINT('',(-8.,50.09));
#640 = CARTESIAN_POINT('',(-8.,52.5));
#641 = ( GEOMETRIC_REPRESENTATION_CONTEXT(2) 
PARAMETRIC_REPRESENTATION_CONTEXT() REPRESENTATION_CONTEXT('2D SPACE',''
  ) );
#642 = PCURVE('',#182,#643);
#643 = DEFINITIONAL_REPRESENTATION('',(#644),#647);
#644 = B_SPLINE_CURVE_WITH_KNOTS('',1,(#645,#646),.UNSPECIFIED.,.F.,.F.,
  (2,2),(25.045,27.455),.PIECEWISE_BEZIER_KNOTS.);
#645 = CARTESIAN_POINT('',(10.8,0.));
#646 = CARTESIAN_POINT('',(10.8,-2.41));
#647 = ( GEOMETRIC_REPRESENTATION_CONTEXT(2) 
PARAMETRIC_REPRESENTATION_CONTEXT() REPRESENTATION_CONTEXT('2D SPACE',''
  ) );
#648 = ORIENTED_EDGE('',*,*,#649,.T.);
#649 = EDGE_CURVE('',#629,#650,#652,.T.);
#650 = VERTEX_POINT('',#651);
#651 = CARTESIAN_POINT('',(0.,105.,9.8));
#652 = SURFACE_CURVE('',#653,(#657,#664),.PCURVE_S1.);
#653 = LINE('',#654,#655);
#654 = CARTESIAN_POINT('',(124.,105.,9.8));
#655 = VECTOR('',#656,1.);
#656 = DIRECTION('',(-1.,0.,0.));
#657 = PCURVE('',#100,#658);
#658 = DEFINITIONAL_REPRESENTATION('',(#659),#663);
#659 = LINE('',#660,#661);
#660 = CARTESIAN_POINT('',(54.,52.5));
#661 = VECTOR('',#662,1.);
#662 = DIRECTION('',(-1.,0.));
#663 = ( GEOMETRIC_REPRESENTATION_CONTEXT(2) 
PARAMETRIC_REPRESENTATION_CONTEXT() REPRESENTATION_CONTEXT('2D SPACE',''
  ) );
#664 = PCURVE('',#209,#665);
#665 = DEFINITIONAL_REPRESENTATION('',(#666),#670);
#666 = LINE('',#667,#668);
#667 = CARTESIAN_POINT('',(0.,-9.8));
#668 = VECTOR('',#669,1.);
#669 = DIRECTION('',(1.,0.));
#670 = ( GEOMETRIC_REPRESENTATION_CONTEXT(2) 
PARAMETRIC_REPRESENTATION_CONTEXT() REPRESENTATION_CONTEXT('2D SPACE',''
  ) );
#671 = ORIENTED_EDGE('',*,*,#672,.T.);
#672 = EDGE_CURVE('',#650,#673,#675,.T.);
#673 = VERTEX_POINT('',#674);
#674 = CARTESIAN_POINT('',(0.,16.,9.8));
#675 = SURFACE_CURVE('',#676,(#680,#687),.PCURVE_S1.);
#676 = LINE('',#677,#678);
#677 = CARTESIAN_POINT('',(0.,105.,9.8));
#678 = VECTOR('',#679,1.);
#679 = DIRECTION('',(0.,-1.,0.));
#680 = PCURVE('',#100,#681);
#681 = DEFINITIONAL_REPRESENTATION('',(#682),#686);
#682 = LINE('',#683,#684);
#683 = CARTESIAN_POINT('',(-70.,52.5));
#684 = VECTOR('',#685,1.);
#685 = DIRECTION('',(0.,-1.));
#686 = ( GEOMETRIC_REPRESENTATION_CONTEXT(2) 
PARAMETRIC_REPRESENTATION_CONTEXT() REPRESENTATION_CONTEXT('2D SPACE',''
  ) );
#687 = PCURVE('',#237,#688);
#688 = DEFINITIONAL_REPRESENTATION('',(#689),#693);
#689 = LINE('',#690,#691);
#690 = CARTESIAN_POINT('',(0.,-9.8));
#691 = VECTOR('',#692,1.);
#692 = DIRECTION('',(1.,0.));
#693 = ( GEOMETRIC_REPRESENTATION_CONTEXT(2) 
PARAMETRIC_REPRESENTATION_CONTEXT() REPRESENTATION_CONTEXT('2D SPACE',''
  ) );
#694 = ORIENTED_EDGE('',*,*,#695,.T.);
#695 = EDGE_CURVE('',#673,#57,#696,.T.);
#696 = SURFACE_CURVE('',#697,(#701,#708),.PCURVE_S1.);
#697 = LINE('',#698,#699);
#698 = CARTESIAN_POINT('',(0.,16.,9.8));
#699 = VECTOR('',#700,1.);
#700 = DIRECTION('',(0.707106781187,-0.707106781187,0.));
#701 = PCURVE('',#100,#702);
#702 = DEFINITIONAL_REPRESENTATION('',(#703),#707);
#703 = LINE('',#704,#705);
#704 = CARTESIAN_POINT('',(-70.,-36.5));
#705 = VECTOR('',#706,1.);
#706 = DIRECTION('',(0.707106781187,-0.707106781187));
#707 = ( GEOMETRIC_REPRESENTATION_CONTEXT(2) 
PARAMETRIC_REPRESENTATION_CONTEXT() REPRESENTATION_CONTEXT('2D SPACE',''
  ) );
#708 = PCURVE('',#72,#709);
#709 = DEFINITIONAL_REPRESENTATION('',(#710),#714);
#710 = LINE('',#711,#712);
#711 = CARTESIAN_POINT('',(0.,-9.8));
#712 = VECTOR('',#713,1.);
#713 = DIRECTION('',(1.,0.));
#714 = ( GEOMETRIC_REPRESENTATION_CONTEXT(2) 
PARAMETRIC_REPRESENTATION_CONTEXT() REPRESENTATION_CONTEXT('2D SPACE',''
  ) );
#715 = ORIENTED_EDGE('',*,*,#84,.T.);
#716 = ORIENTED_EDGE('',*,*,#583,.T.);
#717 = ORIENTED_EDGE('',*,*,#718,.T.);
#718 = EDGE_CURVE('',#558,#719,#721,.T.);
#719 = VERTEX_POINT('',#720);
#720 = CARTESIAN_POINT('',(16.331370849898,0.8,9.8));
#721 = SURFACE_CURVE('',#722,(#726,#732),.PCURVE_S1.);
#722 = LINE('',#723,#724);
#723 = CARTESIAN_POINT('',(43.165685424949,0.8,9.8));
#724 = VECTOR('',#725,1.);
#725 = DIRECTION('',(-1.,0.,0.));
#726 = PCURVE('',#100,#727);
#727 = DEFINITIONAL_REPRESENTATION('',(#728),#731);
#728 = B_SPLINE_CURVE_WITH_KNOTS('',1,(#729,#730),.UNSPECIFIED.,.F.,.F.,
  (2,2),(-96.03431457505,26.834314575051),.PIECEWISE_BEZIER_KNOTS.);
#729 = CARTESIAN_POINT('',(69.2,-51.7));
#730 = CARTESIAN_POINT('',(-53.6686291501,-51.7));
#731 = ( GEOMETRIC_REPRESENTATION_CONTEXT(2) 
PARAMETRIC_REPRESENTATION_CONTEXT() REPRESENTATION_CONTEXT('2D SPACE',''
  ) );
#732 = PCURVE('',#572,#733);
#733 = DEFINITIONAL_REPRESENTATION('',(#734),#737);
#734 = B_SPLINE_CURVE_WITH_KNOTS('',1,(#735,#736),.UNSPECIFIED.,.F.,.F.,
  (2,2),(-96.03431457505,26.834314575051),.PIECEWISE_BEZIER_KNOTS.);
#735 = CARTESIAN_POINT('',(122.8686291501,-0.1));
#736 = CARTESIAN_POINT('',(0.,-0.1));
#737 = ( GEOMETRIC_REPRESENTATION_CONTEXT(2) 
PARAMETRIC_REPRESENTATION_CONTEXT() REPRESENTATION_CONTEXT('2D SPACE',''
  ) );
#738 = ORIENTED_EDGE('',*,*,#739,.T.);
#739 = EDGE_CURVE('',#719,#740,#742,.T.);
#740 = VERTEX_POINT('',#741);
#741 = CARTESIAN_POINT('',(0.8,16.331370849898,9.8));
#742 = SURFACE_CURVE('',#743,(#747,#753),.PCURVE_S1.);
#743 = LINE('',#744,#745);
#744 = CARTESIAN_POINT('',(9.057842712475,8.073528137424,9.8));
#745 = VECTOR('',#746,1.);
#746 = DIRECTION('',(-0.707106781187,0.707106781187,0.));
#747 = PCURVE('',#100,#748);
#748 = DEFINITIONAL_REPRESENTATION('',(#749),#752);
#749 = B_SPLINE_CURVE_WITH_KNOTS('',1,(#750,#751),.UNSPECIFIED.,.F.,.F.,
  (2,2),(-10.28632213824,11.678353159925),.PIECEWISE_BEZIER_KNOTS.);
#750 = CARTESIAN_POINT('',(-53.6686291501,-51.7));
#751 = CARTESIAN_POINT('',(-69.2,-36.1686291501));
#752 = ( GEOMETRIC_REPRESENTATION_CONTEXT(2) 
PARAMETRIC_REPRESENTATION_CONTEXT() REPRESENTATION_CONTEXT('2D SPACE',''
  ) );
#753 = PCURVE('',#754,#759);
#754 = PLANE('',#755);
#755 = AXIS2_PLACEMENT_3D('',#756,#757,#758);
#756 = CARTESIAN_POINT('',(0.8,16.331370849898,9.7));
#757 = DIRECTION('',(0.707106781187,0.707106781187,-0.));
#758 = DIRECTION('',(0.707106781187,-0.707106781187,0.));
#759 = DEFINITIONAL_REPRESENTATION('',(#760),#763);
#760 = B_SPLINE_CURVE_WITH_KNOTS('',1,(#761,#762),.UNSPECIFIED.,.F.,.F.,
  (2,2),(-10.28632213824,11.678353159925),.PIECEWISE_BEZIER_KNOTS.);
#761 = CARTESIAN_POINT('',(21.964675298173,-0.1));
#762 = CARTESIAN_POINT('',(1.7763568394E-15,-0.1));
#763 = ( GEOMETRIC_REPRESENTATION_CONTEXT(2) 
PARAMETRIC_REPRESENTATION_CONTEXT() REPRESENTATION_CONTEXT('2D SPACE',''
  ) );
#764 = ORIENTED_EDGE('',*,*,#765,.T.);
#765 = EDGE_CURVE('',#740,#766,#768,.T.);
#766 = VERTEX_POINT('',#767);
#767 = CARTESIAN_POINT('',(0.8,104.2,9.8));
#768 = SURFACE_CURVE('',#769,(#773,#779),.PCURVE_S1.);
#769 = LINE('',#770,#771);
#770 = CARTESIAN_POINT('',(0.8,78.35,9.8));
#771 = VECTOR('',#772,1.);
#772 = DIRECTION('',(-0.,1.,0.));
#773 = PCURVE('',#100,#774);
#774 = DEFINITIONAL_REPRESENTATION('',(#775),#778);
#775 = B_SPLINE_CURVE_WITH_KNOTS('',1,(#776,#777),.UNSPECIFIED.,.F.,.F.,
  (2,2),(-62.0186291501,25.85),.PIECEWISE_BEZIER_KNOTS.);
#776 = CARTESIAN_POINT('',(-69.2,-36.1686291501));
#777 = CARTESIAN_POINT('',(-69.2,51.7));
#778 = ( GEOMETRIC_REPRESENTATION_CONTEXT(2) 
PARAMETRIC_REPRESENTATION_CONTEXT() REPRESENTATION_CONTEXT('2D SPACE',''
  ) );
#779 = PCURVE('',#780,#785);
#780 = PLANE('',#781);
#781 = AXIS2_PLACEMENT_3D('',#782,#783,#784);
#782 = CARTESIAN_POINT('',(0.8,104.2,9.7));
#783 = DIRECTION('',(1.,0.,-0.));
#784 = DIRECTION('',(0.,-1.,0.));
#785 = DEFINITIONAL_REPRESENTATION('',(#786),#789);
#786 = B_SPLINE_CURVE_WITH_KNOTS('',1,(#787,#788),.UNSPECIFIED.,.F.,.F.,
  (2,2),(-62.0186291501,25.85),.PIECEWISE_BEZIER_KNOTS.);
#787 = CARTESIAN_POINT('',(87.868629150102,-0.1));
#788 = CARTESIAN_POINT('',(0.,-0.1));
#789 = ( GEOMETRIC_REPRESENTATION_CONTEXT(2) 
PARAMETRIC_REPRESENTATION_CONTEXT() REPRESENTATION_CONTEXT('2D SPACE',''
  ) );
#790 = ORIENTED_EDGE('',*,*,#791,.T.);
#791 = EDGE_CURVE('',#766,#627,#792,.T.);
#792 = SURFACE_CURVE('',#793,(#797,#803),.PCURVE_S1.);
#793 = LINE('',#794,#795);
#794 = CARTESIAN_POINT('',(96.834314575051,104.2,9.8));
#795 = VECTOR('',#796,1.);
#796 = DIRECTION('',(1.,0.,-0.));
#797 = PCURVE('',#100,#798);
#798 = DEFINITIONAL_REPRESENTATION('',(#799),#802);
#799 = B_SPLINE_CURVE_WITH_KNOTS('',1,(#800,#801),.UNSPECIFIED.,.F.,.F.,
  (2,2),(-96.03431457505,26.834314575051),.PIECEWISE_BEZIER_KNOTS.);
#800 = CARTESIAN_POINT('',(-69.2,51.7));
#801 = CARTESIAN_POINT('',(53.668629150102,51.7));
#802 = ( GEOMETRIC_REPRESENTATION_CONTEXT(2) 
PARAMETRIC_REPRESENTATION_CONTEXT() REPRESENTATION_CONTEXT('2D SPACE',''
  ) );
#803 = PCURVE('',#804,#809);
#804 = PLANE('',#805);
#805 = AXIS2_PLACEMENT_3D('',#806,#807,#808);
#806 = CARTESIAN_POINT('',(123.6686291501,104.2,9.7));
#807 = DIRECTION('',(0.,-1.,0.));
#808 = DIRECTION('',(-1.,0.,0.));
#809 = DEFINITIONAL_REPRESENTATION('',(#810),#813);
#810 = B_SPLINE_CURVE_WITH_KNOTS('',1,(#811,#812),.UNSPECIFIED.,.F.,.F.,
  (2,2),(-96.03431457505,26.834314575051),.PIECEWISE_BEZIER_KNOTS.);
#811 = CARTESIAN_POINT('',(122.8686291501,-0.1));
#812 = CARTESIAN_POINT('',(-3.552713678801E-15,-0.1));
#813 = ( GEOMETRIC_REPRESENTATION_CONTEXT(2) 
PARAMETRIC_REPRESENTATION_CONTEXT() REPRESENTATION_CONTEXT('2D SPACE',''
  ) );
#814 = ADVANCED_FACE('',(#815),#72,.F.);
#815 = FACE_BOUND('',#816,.F.);
#816 = EDGE_LOOP('',(#817,#818,#839,#840));
#817 = ORIENTED_EDGE('',*,*,#249,.F.);
#818 = ORIENTED_EDGE('',*,*,#819,.T.);
#819 = EDGE_CURVE('',#222,#673,#820,.T.);
#820 = SURFACE_CURVE('',#821,(#825,#832),.PCURVE_S1.);
#821 = LINE('',#822,#823);
#822 = CARTESIAN_POINT('',(0.,16.,0.));
#823 = VECTOR('',#824,1.);
#824 = DIRECTION('',(0.,0.,1.));
#825 = PCURVE('',#72,#826);
#826 = DEFINITIONAL_REPRESENTATION('',(#827),#831);
#827 = LINE('',#828,#829);
#828 = CARTESIAN_POINT('',(0.,0.));
#829 = VECTOR('',#830,1.);
#830 = DIRECTION('',(0.,-1.));
#831 = ( GEOMETRIC_REPRESENTATION_CONTEXT(2) 
PARAMETRIC_REPRESENTATION_CONTEXT() REPRESENTATION_CONTEXT('2D SPACE',''
  ) );
#832 = PCURVE('',#237,#833);
#833 = DEFINITIONAL_REPRESENTATION('',(#834),#838);
#834 = LINE('',#835,#836);
#835 = CARTESIAN_POINT('',(89.,0.));
#836 = VECTOR('',#837,1.);
#837 = DIRECTION('',(0.,-1.));
#838 = ( GEOMETRIC_REPRESENTATION_CONTEXT(2) 
PARAMETRIC_REPRESENTATION_CONTEXT() REPRESENTATION_CONTEXT('2D SPACE',''
  ) );
#839 = ORIENTED_EDGE('',*,*,#695,.T.);
#840 = ORIENTED_EDGE('',*,*,#56,.F.);
#841 = ADVANCED_FACE('',(#842),#156,.F.);
#842 = FACE_BOUND('',#843,.F.);
#843 = EDGE_LOOP('',(#844,#874,#900,#926,#952,#971,#972,#995));
#844 = ORIENTED_EDGE('',*,*,#845,.F.);
#845 = EDGE_CURVE('',#846,#848,#850,.T.);
#846 = VERTEX_POINT('',#847);
#847 = CARTESIAN_POINT('',(107.4,103.95,0.));
#848 = VERTEX_POINT('',#849);
#849 = CARTESIAN_POINT('',(107.4,103.95,25.8));
#850 = SURFACE_CURVE('',#851,(#855,#862),.PCURVE_S1.);
#851 = LINE('',#852,#853);
#852 = CARTESIAN_POINT('',(107.4,103.95,-1.));
#853 = VECTOR('',#854,1.);
#854 = DIRECTION('',(0.,0.,1.));
#855 = PCURVE('',#156,#856);
#856 = DEFINITIONAL_REPRESENTATION('',(#857),#861);
#857 = LINE('',#858,#859);
#858 = CARTESIAN_POINT('',(0.,46.8));
#859 = VECTOR('',#860,1.);
#860 = DIRECTION('',(1.,0.));
#861 = ( GEOMETRIC_REPRESENTATION_CONTEXT(2) 
PARAMETRIC_REPRESENTATION_CONTEXT() REPRESENTATION_CONTEXT('2D SPACE',''
  ) );
#862 = PCURVE('',#863,#868);
#863 = PLANE('',#864);
#864 = AXIS2_PLACEMENT_3D('',#865,#866,#867);
#865 = CARTESIAN_POINT('',(107.4,102.45,-1.));
#866 = DIRECTION('',(1.,0.,-0.));
#867 = DIRECTION('',(0.,0.,1.));
#868 = DEFINITIONAL_REPRESENTATION('',(#869),#873);
#869 = LINE('',#870,#871);
#870 = CARTESIAN_POINT('',(0.,-1.5));
#871 = VECTOR('',#872,1.);
#872 = DIRECTION('',(1.,0.));
#873 = ( GEOMETRIC_REPRESENTATION_CONTEXT(2) 
PARAMETRIC_REPRESENTATION_CONTEXT() REPRESENTATION_CONTEXT('2D SPACE',''
  ) );
#874 = ORIENTED_EDGE('',*,*,#875,.T.);
#875 = EDGE_CURVE('',#846,#876,#878,.T.);
#876 = VERTEX_POINT('',#877);
#877 = CARTESIAN_POINT('',(106.,103.95,0.));
#878 = SURFACE_CURVE('',#879,(#883,#889),.PCURVE_S1.);
#879 = LINE('',#880,#881);
#880 = CARTESIAN_POINT('',(65.3,103.95,0.));
#881 = VECTOR('',#882,1.);
#882 = DIRECTION('',(-1.,-0.,0.));
#883 = PCURVE('',#156,#884);
#884 = DEFINITIONAL_REPRESENTATION('',(#885),#888);
#885 = B_SPLINE_CURVE_WITH_KNOTS('',1,(#886,#887),.UNSPECIFIED.,.F.,.F.,
  (2,2),(-42.1,-40.7),.PIECEWISE_BEZIER_KNOTS.);
#886 = CARTESIAN_POINT('',(1.,46.8));
#887 = CARTESIAN_POINT('',(1.,45.4));
#888 = ( GEOMETRIC_REPRESENTATION_CONTEXT(2) 
PARAMETRIC_REPRESENTATION_CONTEXT() REPRESENTATION_CONTEXT('2D SPACE',''
  ) );
#889 = PCURVE('',#890,#895);
#890 = PLANE('',#891);
#891 = AXIS2_PLACEMENT_3D('',#892,#893,#894);
#892 = CARTESIAN_POINT('',(70.,52.5,0.));
#893 = DIRECTION('',(0.,0.,1.));
#894 = DIRECTION('',(1.,0.,-0.));
#895 = DEFINITIONAL_REPRESENTATION('',(#896),#899);
#896 = B_SPLINE_CURVE_WITH_KNOTS('',1,(#897,#898),.UNSPECIFIED.,.F.,.F.,
  (2,2),(-42.1,-40.7),.PIECEWISE_BEZIER_KNOTS.);
#897 = CARTESIAN_POINT('',(37.4,51.45));
#898 = CARTESIAN_POINT('',(36.,51.45));
#899 = ( GEOMETRIC_REPRESENTATION_CONTEXT(2) 
PARAMETRIC_REPRESENTATION_CONTEXT() REPRESENTATION_CONTEXT('2D SPACE',''
  ) );
#900 = ORIENTED_EDGE('',*,*,#901,.T.);
#901 = EDGE_CURVE('',#876,#902,#904,.T.);
#902 = VERTEX_POINT('',#903);
#903 = CARTESIAN_POINT('',(106.,103.95,24.4));
#904 = SURFACE_CURVE('',#905,(#909,#915),.PCURVE_S1.);
#905 = LINE('',#906,#907);
#906 = CARTESIAN_POINT('',(106.,103.95,-1.));
#907 = VECTOR('',#908,1.);
#908 = DIRECTION('',(0.,0.,1.));
#909 = PCURVE('',#156,#910);
#910 = DEFINITIONAL_REPRESENTATION('',(#911),#914);
#911 = B_SPLINE_CURVE_WITH_KNOTS('',1,(#912,#913),.UNSPECIFIED.,.F.,.F.,
  (2,2),(1.,25.4),.PIECEWISE_BEZIER_KNOTS.);
#912 = CARTESIAN_POINT('',(1.,45.4));
#913 = CARTESIAN_POINT('',(25.4,45.4));
#914 = ( GEOMETRIC_REPRESENTATION_CONTEXT(2) 
PARAMETRIC_REPRESENTATION_CONTEXT() REPRESENTATION_CONTEXT('2D SPACE',''
  ) );
#915 = PCURVE('',#916,#921);
#916 = PLANE('',#917);
#917 = AXIS2_PLACEMENT_3D('',#918,#919,#920);
#918 = CARTESIAN_POINT('',(106.,102.59,-1.));
#919 = DIRECTION('',(1.,0.,-0.));
#920 = DIRECTION('',(0.,0.,1.));
#921 = DEFINITIONAL_REPRESENTATION('',(#922),#925);
#922 = B_SPLINE_CURVE_WITH_KNOTS('',1,(#923,#924),.UNSPECIFIED.,.F.,.F.,
  (2,2),(1.,25.4),.PIECEWISE_BEZIER_KNOTS.);
#923 = CARTESIAN_POINT('',(1.,-1.36));
#924 = CARTESIAN_POINT('',(25.4,-1.36));
#925 = ( GEOMETRIC_REPRESENTATION_CONTEXT(2) 
PARAMETRIC_REPRESENTATION_CONTEXT() REPRESENTATION_CONTEXT('2D SPACE',''
  ) );
#926 = ORIENTED_EDGE('',*,*,#927,.T.);
#927 = EDGE_CURVE('',#902,#928,#930,.T.);
#928 = VERTEX_POINT('',#929);
#929 = CARTESIAN_POINT('',(62.,103.95,24.4));
#930 = SURFACE_CURVE('',#931,(#935,#941),.PCURVE_S1.);
#931 = LINE('',#932,#933);
#932 = CARTESIAN_POINT('',(61.3,103.95,24.4));
#933 = VECTOR('',#934,1.);
#934 = DIRECTION('',(-1.,-0.,0.));
#935 = PCURVE('',#156,#936);
#936 = DEFINITIONAL_REPRESENTATION('',(#937),#940);
#937 = B_SPLINE_CURVE_WITH_KNOTS('',1,(#938,#939),.UNSPECIFIED.,.F.,.F.,
  (2,2),(-46.1,0.7),.PIECEWISE_BEZIER_KNOTS.);
#938 = CARTESIAN_POINT('',(25.4,46.8));
#939 = CARTESIAN_POINT('',(25.4,0.));
#940 = ( GEOMETRIC_REPRESENTATION_CONTEXT(2) 
PARAMETRIC_REPRESENTATION_CONTEXT() REPRESENTATION_CONTEXT('2D SPACE',''
  ) );
#941 = PCURVE('',#942,#947);
#942 = PLANE('',#943);
#943 = AXIS2_PLACEMENT_3D('',#944,#945,#946);
#944 = CARTESIAN_POINT('',(62.,102.59,24.4));
#945 = DIRECTION('',(0.,0.,1.));
#946 = DIRECTION('',(1.,0.,-0.));
#947 = DEFINITIONAL_REPRESENTATION('',(#948),#951);
#948 = B_SPLINE_CURVE_WITH_KNOTS('',1,(#949,#950),.UNSPECIFIED.,.F.,.F.,
  (2,2),(-46.1,0.7),.PIECEWISE_BEZIER_KNOTS.);
#949 = CARTESIAN_POINT('',(45.4,1.36));
#950 = CARTESIAN_POINT('',(-1.4,1.36));
#951 = ( GEOMETRIC_REPRESENTATION_CONTEXT(2) 
PARAMETRIC_REPRESENTATION_CONTEXT() REPRESENTATION_CONTEXT('2D SPACE',''
  ) );
#952 = ORIENTED_EDGE('',*,*,#953,.F.);
#953 = EDGE_CURVE('',#140,#928,#954,.T.);
#954 = SURFACE_CURVE('',#955,(#959,#965),.PCURVE_S1.);
#955 = LINE('',#956,#957);
#956 = CARTESIAN_POINT('',(62.,103.95,-1.));
#957 = VECTOR('',#958,1.);
#958 = DIRECTION('',(0.,0.,1.));
#959 = PCURVE('',#156,#960);
#960 = DEFINITIONAL_REPRESENTATION('',(#961),#964);
#961 = B_SPLINE_CURVE_WITH_KNOTS('',1,(#962,#963),.UNSPECIFIED.,.F.,.F.,
  (2,2),(1.,25.4),.PIECEWISE_BEZIER_KNOTS.);
#962 = CARTESIAN_POINT('',(1.,1.4));
#963 = CARTESIAN_POINT('',(25.4,1.4));
#964 = ( GEOMETRIC_REPRESENTATION_CONTEXT(2) 
PARAMETRIC_REPRESENTATION_CONTEXT() REPRESENTATION_CONTEXT('2D SPACE',''
  ) );
#965 = PCURVE('',#182,#966);
#966 = DEFINITIONAL_REPRESENTATION('',(#967),#970);
#967 = B_SPLINE_CURVE_WITH_KNOTS('',1,(#968,#969),.UNSPECIFIED.,.F.,.F.,
  (2,2),(1.,25.4),.PIECEWISE_BEZIER_KNOTS.);
#968 = CARTESIAN_POINT('',(1.,-1.36));
#969 = CARTESIAN_POINT('',(25.4,-1.36));
#970 = ( GEOMETRIC_REPRESENTATION_CONTEXT(2) 
PARAMETRIC_REPRESENTATION_CONTEXT() REPRESENTATION_CONTEXT('2D SPACE',''
  ) );
#971 = ORIENTED_EDGE('',*,*,#139,.T.);
#972 = ORIENTED_EDGE('',*,*,#973,.T.);
#973 = EDGE_CURVE('',#142,#974,#976,.T.);
#974 = VERTEX_POINT('',#975);
#975 = CARTESIAN_POINT('',(60.6,103.95,25.8));
#976 = SURFACE_CURVE('',#977,(#981,#988),.PCURVE_S1.);
#977 = LINE('',#978,#979);
#978 = CARTESIAN_POINT('',(60.6,103.95,-1.));
#979 = VECTOR('',#980,1.);
#980 = DIRECTION('',(0.,0.,1.));
#981 = PCURVE('',#156,#982);
#982 = DEFINITIONAL_REPRESENTATION('',(#983),#987);
#983 = LINE('',#984,#985);
#984 = CARTESIAN_POINT('',(0.,0.));
#985 = VECTOR('',#986,1.);
#986 = DIRECTION('',(1.,0.));
#987 = ( GEOMETRIC_REPRESENTATION_CONTEXT(2) 
PARAMETRIC_REPRESENTATION_CONTEXT() REPRESENTATION_CONTEXT('2D SPACE',''
  ) );
#988 = PCURVE('',#461,#989);
#989 = DEFINITIONAL_REPRESENTATION('',(#990),#994);
#990 = LINE('',#991,#992);
#991 = CARTESIAN_POINT('',(0.,-1.5));
#992 = VECTOR('',#993,1.);
#993 = DIRECTION('',(1.,0.));
#994 = ( GEOMETRIC_REPRESENTATION_CONTEXT(2) 
PARAMETRIC_REPRESENTATION_CONTEXT() REPRESENTATION_CONTEXT('2D SPACE',''
  ) );
#995 = ORIENTED_EDGE('',*,*,#996,.T.);
#996 = EDGE_CURVE('',#974,#848,#997,.T.);
#997 = SURFACE_CURVE('',#998,(#1002,#1009),.PCURVE_S1.);
#998 = LINE('',#999,#1000);
#999 = CARTESIAN_POINT('',(60.6,103.95,25.8));
#1000 = VECTOR('',#1001,1.);
#1001 = DIRECTION('',(1.,0.,-0.));
#1002 = PCURVE('',#156,#1003);
#1003 = DEFINITIONAL_REPRESENTATION('',(#1004),#1008);
#1004 = LINE('',#1005,#1006);
#1005 = CARTESIAN_POINT('',(26.8,0.));
#1006 = VECTOR('',#1007,1.);
#1007 = DIRECTION('',(0.,1.));
#1008 = ( GEOMETRIC_REPRESENTATION_CONTEXT(2) 
PARAMETRIC_REPRESENTATION_CONTEXT() REPRESENTATION_CONTEXT('2D SPACE',''
  ) );
#1009 = PCURVE('',#1010,#1015);
#1010 = PLANE('',#1011);
#1011 = AXIS2_PLACEMENT_3D('',#1012,#1013,#1014);
#1012 = CARTESIAN_POINT('',(60.6,102.45,25.8));
#1013 = DIRECTION('',(0.,0.,1.));
#1014 = DIRECTION('',(1.,0.,-0.));
#1015 = DEFINITIONAL_REPRESENTATION('',(#1016),#1020);
#1016 = LINE('',#1017,#1018);
#1017 = CARTESIAN_POINT('',(0.,1.5));
#1018 = VECTOR('',#1019,1.);
#1019 = DIRECTION('',(1.,0.));
#1020 = ( GEOMETRIC_REPRESENTATION_CONTEXT(2) 
PARAMETRIC_REPRESENTATION_CONTEXT() REPRESENTATION_CONTEXT('2D SPACE',''
  ) );
#1021 = ADVANCED_FACE('',(#1022),#461,.T.);
#1022 = FACE_BOUND('',#1023,.T.);
#1023 = EDGE_LOOP('',(#1024,#1054,#1080,#1106,#1132,#1151,#1152,#1153));
#1024 = ORIENTED_EDGE('',*,*,#1025,.F.);
#1025 = EDGE_CURVE('',#1026,#1028,#1030,.T.);
#1026 = VERTEX_POINT('',#1027);
#1027 = CARTESIAN_POINT('',(60.6,102.45,3.2));
#1028 = VERTEX_POINT('',#1029);
#1029 = CARTESIAN_POINT('',(60.6,102.45,25.8));
#1030 = SURFACE_CURVE('',#1031,(#1035,#1042),.PCURVE_S1.);
#1031 = LINE('',#1032,#1033);
#1032 = CARTESIAN_POINT('',(60.6,102.45,-1.));
#1033 = VECTOR('',#1034,1.);
#1034 = DIRECTION('',(0.,0.,1.));
#1035 = PCURVE('',#461,#1036);
#1036 = DEFINITIONAL_REPRESENTATION('',(#1037),#1041);
#1037 = LINE('',#1038,#1039);
#1038 = CARTESIAN_POINT('',(0.,0.));
#1039 = VECTOR('',#1040,1.);
#1040 = DIRECTION('',(1.,0.));
#1041 = ( GEOMETRIC_REPRESENTATION_CONTEXT(2) 
PARAMETRIC_REPRESENTATION_CONTEXT() REPRESENTATION_CONTEXT('2D SPACE',''
  ) );
#1042 = PCURVE('',#1043,#1048);
#1043 = PLANE('',#1044);
#1044 = AXIS2_PLACEMENT_3D('',#1045,#1046,#1047);
#1045 = CARTESIAN_POINT('',(60.6,102.45,-1.));
#1046 = DIRECTION('',(-0.,1.,0.));
#1047 = DIRECTION('',(0.,0.,1.));
#1048 = DEFINITIONAL_REPRESENTATION('',(#1049),#1053);
#1049 = LINE('',#1050,#1051);
#1050 = CARTESIAN_POINT('',(0.,0.));
#1051 = VECTOR('',#1052,1.);
#1052 = DIRECTION('',(1.,0.));
#1053 = ( GEOMETRIC_REPRESENTATION_CONTEXT(2) 
PARAMETRIC_REPRESENTATION_CONTEXT() REPRESENTATION_CONTEXT('2D SPACE',''
  ) );
#1054 = ORIENTED_EDGE('',*,*,#1055,.T.);
#1055 = EDGE_CURVE('',#1026,#1056,#1058,.T.);
#1056 = VERTEX_POINT('',#1057);
#1057 = CARTESIAN_POINT('',(60.6,102.46,3.2));
#1058 = SURFACE_CURVE('',#1059,(#1063,#1069),.PCURVE_S1.);
#1059 = LINE('',#1060,#1061);
#1060 = CARTESIAN_POINT('',(60.6,101.73,3.2));
#1061 = VECTOR('',#1062,1.);
#1062 = DIRECTION('',(-0.,1.,0.));
#1063 = PCURVE('',#461,#1064);
#1064 = DEFINITIONAL_REPRESENTATION('',(#1065),#1068);
#1065 = B_SPLINE_CURVE_WITH_KNOTS('',1,(#1066,#1067),.UNSPECIFIED.,.F.,
  .F.,(2,2),(0.72,0.73),.PIECEWISE_BEZIER_KNOTS.);
#1066 = CARTESIAN_POINT('',(4.2,0.));
#1067 = CARTESIAN_POINT('',(4.2,-9.999999999988E-03));
#1068 = ( GEOMETRIC_REPRESENTATION_CONTEXT(2) 
PARAMETRIC_REPRESENTATION_CONTEXT() REPRESENTATION_CONTEXT('2D SPACE',''
  ) );
#1069 = PCURVE('',#1070,#1075);
#1070 = PLANE('',#1071);
#1071 = AXIS2_PLACEMENT_3D('',#1072,#1073,#1074);
#1072 = CARTESIAN_POINT('',(59.15,101.01,3.2));
#1073 = DIRECTION('',(0.,0.,1.));
#1074 = DIRECTION('',(1.,0.,-0.));
#1075 = DEFINITIONAL_REPRESENTATION('',(#1076),#1079);
#1076 = B_SPLINE_CURVE_WITH_KNOTS('',1,(#1077,#1078),.UNSPECIFIED.,.F.,
  .F.,(2,2),(0.72,0.73),.PIECEWISE_BEZIER_KNOTS.);
#1077 = CARTESIAN_POINT('',(1.45,1.44));
#1078 = CARTESIAN_POINT('',(1.45,1.45));
#1079 = ( GEOMETRIC_REPRESENTATION_CONTEXT(2) 
PARAMETRIC_REPRESENTATION_CONTEXT() REPRESENTATION_CONTEXT('2D SPACE',''
  ) );
#1080 = ORIENTED_EDGE('',*,*,#1081,.F.);
#1081 = EDGE_CURVE('',#1082,#1056,#1084,.T.);
#1082 = VERTEX_POINT('',#1083);
#1083 = CARTESIAN_POINT('',(60.6,102.46,24.4));
#1084 = SURFACE_CURVE('',#1085,(#1089,#1095),.PCURVE_S1.);
#1085 = LINE('',#1086,#1087);
#1086 = CARTESIAN_POINT('',(60.6,102.46,1.1));
#1087 = VECTOR('',#1088,1.);
#1088 = DIRECTION('',(-0.,0.,-1.));
#1089 = PCURVE('',#461,#1090);
#1090 = DEFINITIONAL_REPRESENTATION('',(#1091),#1094);
#1091 = B_SPLINE_CURVE_WITH_KNOTS('',1,(#1092,#1093),.UNSPECIFIED.,.F.,
  .F.,(2,2),(-23.3,-2.1),.PIECEWISE_BEZIER_KNOTS.);
#1092 = CARTESIAN_POINT('',(25.4,-9.999999999991E-03));
#1093 = CARTESIAN_POINT('',(4.2,-9.999999999991E-03));
#1094 = ( GEOMETRIC_REPRESENTATION_CONTEXT(2) 
PARAMETRIC_REPRESENTATION_CONTEXT() REPRESENTATION_CONTEXT('2D SPACE',''
  ) );
#1095 = PCURVE('',#1096,#1101);
#1096 = PLANE('',#1097);
#1097 = AXIS2_PLACEMENT_3D('',#1098,#1099,#1100);
#1098 = CARTESIAN_POINT('',(59.15,102.46,3.2));
#1099 = DIRECTION('',(-0.,1.,0.));
#1100 = DIRECTION('',(0.,0.,1.));
#1101 = DEFINITIONAL_REPRESENTATION('',(#1102),#1105);
#1102 = B_SPLINE_CURVE_WITH_KNOTS('',1,(#1103,#1104),.UNSPECIFIED.,.F.,
  .F.,(2,2),(-23.3,-2.1),.PIECEWISE_BEZIER_KNOTS.);
#1103 = CARTESIAN_POINT('',(21.2,1.45));
#1104 = CARTESIAN_POINT('',(0.,1.45));
#1105 = ( GEOMETRIC_REPRESENTATION_CONTEXT(2) 
PARAMETRIC_REPRESENTATION_CONTEXT() REPRESENTATION_CONTEXT('2D SPACE',''
  ) );
#1106 = ORIENTED_EDGE('',*,*,#1107,.T.);
#1107 = EDGE_CURVE('',#1082,#1108,#1110,.T.);
#1108 = VERTEX_POINT('',#1109);
#1109 = CARTESIAN_POINT('',(60.6,102.6,24.4));
#1110 = SURFACE_CURVE('',#1111,(#1115,#1121),.PCURVE_S1.);
#1111 = LINE('',#1112,#1113);
#1112 = CARTESIAN_POINT('',(60.6,102.52,24.4));
#1113 = VECTOR('',#1114,1.);
#1114 = DIRECTION('',(-0.,1.,0.));
#1115 = PCURVE('',#461,#1116);
#1116 = DEFINITIONAL_REPRESENTATION('',(#1117),#1120);
#1117 = B_SPLINE_CURVE_WITH_KNOTS('',1,(#1118,#1119),.UNSPECIFIED.,.F.,
  .F.,(2,2),(-7.000000000001E-02,1.43),.PIECEWISE_BEZIER_KNOTS.);
#1118 = CARTESIAN_POINT('',(25.4,0.));
#1119 = CARTESIAN_POINT('',(25.4,-1.5));
#1120 = ( GEOMETRIC_REPRESENTATION_CONTEXT(2) 
PARAMETRIC_REPRESENTATION_CONTEXT() REPRESENTATION_CONTEXT('2D SPACE',''
  ) );
#1121 = PCURVE('',#1122,#1127);
#1122 = PLANE('',#1123);
#1123 = AXIS2_PLACEMENT_3D('',#1124,#1125,#1126);
#1124 = CARTESIAN_POINT('',(62.,102.59,24.4));
#1125 = DIRECTION('',(0.,0.,1.));
#1126 = DIRECTION('',(1.,0.,-0.));
#1127 = DEFINITIONAL_REPRESENTATION('',(#1128),#1131);
#1128 = B_SPLINE_CURVE_WITH_KNOTS('',1,(#1129,#1130),.UNSPECIFIED.,.F.,
  .F.,(2,2),(-7.000000000001E-02,1.43),.PIECEWISE_BEZIER_KNOTS.);
#1129 = CARTESIAN_POINT('',(-1.4,-0.14));
#1130 = CARTESIAN_POINT('',(-1.4,1.36));
#1131 = ( GEOMETRIC_REPRESENTATION_CONTEXT(2) 
PARAMETRIC_REPRESENTATION_CONTEXT() REPRESENTATION_CONTEXT('2D SPACE',''
  ) );
#1132 = ORIENTED_EDGE('',*,*,#1133,.F.);
#1133 = EDGE_CURVE('',#423,#1108,#1134,.T.);
#1134 = SURFACE_CURVE('',#1135,(#1139,#1145),.PCURVE_S1.);
#1135 = LINE('',#1136,#1137);
#1136 = CARTESIAN_POINT('',(60.6,102.6,-1.));
#1137 = VECTOR('',#1138,1.);
#1138 = DIRECTION('',(0.,0.,1.));
#1139 = PCURVE('',#461,#1140);
#1140 = DEFINITIONAL_REPRESENTATION('',(#1141),#1144);
#1141 = B_SPLINE_CURVE_WITH_KNOTS('',1,(#1142,#1143),.UNSPECIFIED.,.F.,
  .F.,(2,2),(1.,25.4),.PIECEWISE_BEZIER_KNOTS.);
#1142 = CARTESIAN_POINT('',(1.,-0.15));
#1143 = CARTESIAN_POINT('',(25.4,-0.15));
#1144 = ( GEOMETRIC_REPRESENTATION_CONTEXT(2) 
PARAMETRIC_REPRESENTATION_CONTEXT() REPRESENTATION_CONTEXT('2D SPACE',''
  ) );
#1145 = PCURVE('',#437,#1146);
#1146 = DEFINITIONAL_REPRESENTATION('',(#1147),#1150);
#1147 = B_SPLINE_CURVE_WITH_KNOTS('',1,(#1148,#1149),.UNSPECIFIED.,.F.,
  .F.,(2,2),(1.,25.4),.PIECEWISE_BEZIER_KNOTS.);
#1148 = CARTESIAN_POINT('',(62.405887450305,-1.));
#1149 = CARTESIAN_POINT('',(62.405887450305,-25.4));
#1150 = ( GEOMETRIC_REPRESENTATION_CONTEXT(2) 
PARAMETRIC_REPRESENTATION_CONTEXT() REPRESENTATION_CONTEXT('2D SPACE',''
  ) );
#1151 = ORIENTED_EDGE('',*,*,#448,.T.);
#1152 = ORIENTED_EDGE('',*,*,#973,.T.);
#1153 = ORIENTED_EDGE('',*,*,#1154,.F.);
#1154 = EDGE_CURVE('',#1028,#974,#1155,.T.);
#1155 = SURFACE_CURVE('',#1156,(#1160,#1167),.PCURVE_S1.);
#1156 = LINE('',#1157,#1158);
#1157 = CARTESIAN_POINT('',(60.6,102.45,25.8));
#1158 = VECTOR('',#1159,1.);
#1159 = DIRECTION('',(-0.,1.,0.));
#1160 = PCURVE('',#461,#1161);
#1161 = DEFINITIONAL_REPRESENTATION('',(#1162),#1166);
#1162 = LINE('',#1163,#1164);
#1163 = CARTESIAN_POINT('',(26.8,0.));
#1164 = VECTOR('',#1165,1.);
#1165 = DIRECTION('',(0.,-1.));
#1166 = ( GEOMETRIC_REPRESENTATION_CONTEXT(2) 
PARAMETRIC_REPRESENTATION_CONTEXT() REPRESENTATION_CONTEXT('2D SPACE',''
  ) );
#1167 = PCURVE('',#1010,#1168);
#1168 = DEFINITIONAL_REPRESENTATION('',(#1169),#1173);
#1169 = LINE('',#1170,#1171);
#1170 = CARTESIAN_POINT('',(0.,0.));
#1171 = VECTOR('',#1172,1.);
#1172 = DIRECTION('',(0.,1.));
#1173 = ( GEOMETRIC_REPRESENTATION_CONTEXT(2) 
PARAMETRIC_REPRESENTATION_CONTEXT() REPRESENTATION_CONTEXT('2D SPACE',''
  ) );
#1174 = ADVANCED_FACE('',(#1175,#1223,#1258),#437,.T.);
#1175 = FACE_BOUND('',#1176,.T.);
#1176 = EDGE_LOOP('',(#1177,#1200,#1201,#1202));
#1177 = ORIENTED_EDGE('',*,*,#1178,.F.);
#1178 = EDGE_CURVE('',#397,#1179,#1181,.T.);
#1179 = VERTEX_POINT('',#1180);
#1180 = CARTESIAN_POINT('',(2.4,102.6,24.4));
#1181 = SURFACE_CURVE('',#1182,(#1186,#1193),.PCURVE_S1.);
#1182 = LINE('',#1183,#1184);
#1183 = CARTESIAN_POINT('',(2.4,102.6,-1.));
#1184 = VECTOR('',#1185,1.);
#1185 = DIRECTION('',(0.,0.,1.));
#1186 = PCURVE('',#437,#1187);
#1187 = DEFINITIONAL_REPRESENTATION('',(#1188),#1192);
#1188 = LINE('',#1189,#1190);
#1189 = CARTESIAN_POINT('',(120.6058874503,0.));
#1190 = VECTOR('',#1191,1.);
#1191 = DIRECTION('',(0.,-1.));
#1192 = ( GEOMETRIC_REPRESENTATION_CONTEXT(2) 
PARAMETRIC_REPRESENTATION_CONTEXT() REPRESENTATION_CONTEXT('2D SPACE',''
  ) );
#1193 = PCURVE('',#411,#1194);
#1194 = DEFINITIONAL_REPRESENTATION('',(#1195),#1199);
#1195 = LINE('',#1196,#1197);
#1196 = CARTESIAN_POINT('',(0.,0.));
#1197 = VECTOR('',#1198,1.);
#1198 = DIRECTION('',(0.,-1.));
#1199 = ( GEOMETRIC_REPRESENTATION_CONTEXT(2) 
PARAMETRIC_REPRESENTATION_CONTEXT() REPRESENTATION_CONTEXT('2D SPACE',''
  ) );
#1200 = ORIENTED_EDGE('',*,*,#422,.T.);
#1201 = ORIENTED_EDGE('',*,*,#1133,.T.);
#1202 = ORIENTED_EDGE('',*,*,#1203,.T.);
#1203 = EDGE_CURVE('',#1108,#1179,#1204,.T.);
#1204 = SURFACE_CURVE('',#1205,(#1209,#1216),.PCURVE_S1.);
#1205 = LINE('',#1206,#1207);
#1206 = CARTESIAN_POINT('',(124.,102.6,24.4));
#1207 = VECTOR('',#1208,1.);
#1208 = DIRECTION('',(-1.,0.,0.));
#1209 = PCURVE('',#437,#1210);
#1210 = DEFINITIONAL_REPRESENTATION('',(#1211),#1215);
#1211 = LINE('',#1212,#1213);
#1212 = CARTESIAN_POINT('',(-0.994112549695,-25.4));
#1213 = VECTOR('',#1214,1.);
#1214 = DIRECTION('',(1.,0.));
#1215 = ( GEOMETRIC_REPRESENTATION_CONTEXT(2) 
PARAMETRIC_REPRESENTATION_CONTEXT() REPRESENTATION_CONTEXT('2D SPACE',''
  ) );
#1216 = PCURVE('',#1122,#1217);
#1217 = DEFINITIONAL_REPRESENTATION('',(#1218),#1222);
#1218 = LINE('',#1219,#1220);
#1219 = CARTESIAN_POINT('',(62.,9.999999999991E-03));
#1220 = VECTOR('',#1221,1.);
#1221 = DIRECTION('',(-1.,0.));
#1222 = ( GEOMETRIC_REPRESENTATION_CONTEXT(2) 
PARAMETRIC_REPRESENTATION_CONTEXT() REPRESENTATION_CONTEXT('2D SPACE',''
  ) );
#1223 = FACE_BOUND('',#1224,.T.);
#1224 = EDGE_LOOP('',(#1225));
#1225 = ORIENTED_EDGE('',*,*,#1226,.T.);
#1226 = EDGE_CURVE('',#1227,#1227,#1229,.T.);
#1227 = VERTEX_POINT('',#1228);
#1228 = CARTESIAN_POINT('',(48.6,102.6,16.5));
#1229 = SURFACE_CURVE('',#1230,(#1235,#1246),.PCURVE_S1.);
#1230 = CIRCLE('',#1231,4.6);
#1231 = AXIS2_PLACEMENT_3D('',#1232,#1233,#1234);
#1232 = CARTESIAN_POINT('',(44.,102.6,16.5));
#1233 = DIRECTION('',(0.,1.,0.));
#1234 = DIRECTION('',(1.,0.,-0.));
#1235 = PCURVE('',#437,#1236);
#1236 = DEFINITIONAL_REPRESENTATION('',(#1237),#1245);
#1237 = ( BOUNDED_CURVE() B_SPLINE_CURVE(2,(#1238,#1239,#1240,#1241,
#1242,#1243,#1244),.UNSPECIFIED.,.T.,.F.) B_SPLINE_CURVE_WITH_KNOTS((1,2
    ,2,2,2,1),(-2.094395102393,0.,2.094395102393,4.188790204786,
6.28318530718,8.377580409573),.UNSPECIFIED.) CURVE() 
GEOMETRIC_REPRESENTATION_ITEM() RATIONAL_B_SPLINE_CURVE((1.,0.5,1.,0.5,
1.,0.5,1.)) REPRESENTATION_ITEM('') );
#1238 = CARTESIAN_POINT('',(74.405887450305,-17.5));
#1239 = CARTESIAN_POINT('',(74.405887450305,-9.532566285183));
#1240 = CARTESIAN_POINT('',(81.305887450305,-13.51628314259));
#1241 = CARTESIAN_POINT('',(88.205887450305,-17.5));
#1242 = CARTESIAN_POINT('',(81.305887450305,-21.4837168574));
#1243 = CARTESIAN_POINT('',(74.405887450305,-25.46743371481));
#1244 = CARTESIAN_POINT('',(74.405887450305,-17.5));
#1245 = ( GEOMETRIC_REPRESENTATION_CONTEXT(2) 
PARAMETRIC_REPRESENTATION_CONTEXT() REPRESENTATION_CONTEXT('2D SPACE',''
  ) );
#1246 = PCURVE('',#1247,#1252);
#1247 = CYLINDRICAL_SURFACE('',#1248,4.6);
#1248 = AXIS2_PLACEMENT_3D('',#1249,#1250,#1251);
#1249 = CARTESIAN_POINT('',(44.,101.6,16.5));
#1250 = DIRECTION('',(0.,1.,0.));
#1251 = DIRECTION('',(1.,0.,-0.));
#1252 = DEFINITIONAL_REPRESENTATION('',(#1253),#1257);
#1253 = LINE('',#1254,#1255);
#1254 = CARTESIAN_POINT('',(0.,1.));
#1255 = VECTOR('',#1256,1.);
#1256 = DIRECTION('',(1.,0.));
#1257 = ( GEOMETRIC_REPRESENTATION_CONTEXT(2) 
PARAMETRIC_REPRESENTATION_CONTEXT() REPRESENTATION_CONTEXT('2D SPACE',''
  ) );
#1258 = FACE_BOUND('',#1259,.T.);
#1259 = EDGE_LOOP('',(#1260));
#1260 = ORIENTED_EDGE('',*,*,#1261,.T.);
#1261 = EDGE_CURVE('',#1262,#1262,#1264,.T.);
#1262 = VERTEX_POINT('',#1263);
#1263 = CARTESIAN_POINT('',(28.6,102.6,16.5));
#1264 = SURFACE_CURVE('',#1265,(#1270,#1281),.PCURVE_S1.);
#1265 = CIRCLE('',#1266,4.6);
#1266 = AXIS2_PLACEMENT_3D('',#1267,#1268,#1269);
#1267 = CARTESIAN_POINT('',(24.,102.6,16.5));
#1268 = DIRECTION('',(0.,1.,0.));
#1269 = DIRECTION('',(1.,0.,-0.));
#1270 = PCURVE('',#437,#1271);
#1271 = DEFINITIONAL_REPRESENTATION('',(#1272),#1280);
#1272 = ( BOUNDED_CURVE() B_SPLINE_CURVE(2,(#1273,#1274,#1275,#1276,
#1277,#1278,#1279),.UNSPECIFIED.,.T.,.F.) B_SPLINE_CURVE_WITH_KNOTS((1,2
    ,2,2,2,1),(-2.094395102393,0.,2.094395102393,4.188790204786,
6.28318530718,8.377580409573),.UNSPECIFIED.) CURVE() 
GEOMETRIC_REPRESENTATION_ITEM() RATIONAL_B_SPLINE_CURVE((1.,0.5,1.,0.5,
1.,0.5,1.)) REPRESENTATION_ITEM('') );
#1273 = CARTESIAN_POINT('',(94.405887450305,-17.5));
#1274 = CARTESIAN_POINT('',(94.405887450305,-9.532566285183));
#1275 = CARTESIAN_POINT('',(101.3058874503,-13.51628314259));
#1276 = CARTESIAN_POINT('',(108.2058874503,-17.5));
#1277 = CARTESIAN_POINT('',(101.3058874503,-21.4837168574));
#1278 = CARTESIAN_POINT('',(94.405887450305,-25.46743371481));
#1279 = CARTESIAN_POINT('',(94.405887450305,-17.5));
#1280 = ( GEOMETRIC_REPRESENTATION_CONTEXT(2) 
PARAMETRIC_REPRESENTATION_CONTEXT() REPRESENTATION_CONTEXT('2D SPACE',''
  ) );
#1281 = PCURVE('',#1282,#1287);
#1282 = CYLINDRICAL_SURFACE('',#1283,4.6);
#1283 = AXIS2_PLACEMENT_3D('',#1284,#1285,#1286);
#1284 = CARTESIAN_POINT('',(24.,101.6,16.5));
#1285 = DIRECTION('',(0.,1.,0.));
#1286 = DIRECTION('',(1.,0.,-0.));
#1287 = DEFINITIONAL_REPRESENTATION('',(#1288),#1292);
#1288 = LINE('',#1289,#1290);
#1289 = CARTESIAN_POINT('',(0.,1.));
#1290 = VECTOR('',#1291,1.);
#1291 = DIRECTION('',(1.,0.));
#1292 = ( GEOMETRIC_REPRESENTATION_CONTEXT(2) 
PARAMETRIC_REPRESENTATION_CONTEXT() REPRESENTATION_CONTEXT('2D SPACE',''
  ) );
#1293 = ADVANCED_FACE('',(#1294,#1546,#1652,#1758,#1864,#1970,#2076,
    #2182,#2288),#411,.T.);
#1294 = FACE_BOUND('',#1295,.T.);
#1295 = EDGE_LOOP('',(#1296,#1319,#1320,#1321,#1344,#1370,#1397,#1423,
    #1451,#1477,#1499,#1525));
#1296 = ORIENTED_EDGE('',*,*,#1297,.F.);
#1297 = EDGE_CURVE('',#371,#1298,#1300,.T.);
#1298 = VERTEX_POINT('',#1299);
#1299 = CARTESIAN_POINT('',(2.4,16.994112549695,24.4));
#1300 = SURFACE_CURVE('',#1301,(#1305,#1312),.PCURVE_S1.);
#1301 = LINE('',#1302,#1303);
#1302 = CARTESIAN_POINT('',(2.4,16.994112549695,-1.));
#1303 = VECTOR('',#1304,1.);
#1304 = DIRECTION('',(0.,0.,1.));
#1305 = PCURVE('',#411,#1306);
#1306 = DEFINITIONAL_REPRESENTATION('',(#1307),#1311);
#1307 = LINE('',#1308,#1309);
#1308 = CARTESIAN_POINT('',(85.605887450305,0.));
#1309 = VECTOR('',#1310,1.);
#1310 = DIRECTION('',(0.,-1.));
#1311 = ( GEOMETRIC_REPRESENTATION_CONTEXT(2) 
PARAMETRIC_REPRESENTATION_CONTEXT() REPRESENTATION_CONTEXT('2D SPACE',''
  ) );
#1312 = PCURVE('',#385,#1313);
#1313 = DEFINITIONAL_REPRESENTATION('',(#1314),#1318);
#1314 = LINE('',#1315,#1316);
#1315 = CARTESIAN_POINT('',(5.024295867788E-15,0.));
#1316 = VECTOR('',#1317,1.);
#1317 = DIRECTION('',(0.,-1.));
#1318 = ( GEOMETRIC_REPRESENTATION_CONTEXT(2) 
PARAMETRIC_REPRESENTATION_CONTEXT() REPRESENTATION_CONTEXT('2D SPACE',''
  ) );
#1319 = ORIENTED_EDGE('',*,*,#396,.T.);
#1320 = ORIENTED_EDGE('',*,*,#1178,.T.);
#1321 = ORIENTED_EDGE('',*,*,#1322,.T.);
#1322 = EDGE_CURVE('',#1179,#1323,#1325,.T.);
#1323 = VERTEX_POINT('',#1324);
#1324 = CARTESIAN_POINT('',(2.4,88.4,24.4));
#1325 = SURFACE_CURVE('',#1326,(#1330,#1337),.PCURVE_S1.);
#1326 = LINE('',#1327,#1328);
#1327 = CARTESIAN_POINT('',(2.4,105.,24.4));
#1328 = VECTOR('',#1329,1.);
#1329 = DIRECTION('',(0.,-1.,-0.));
#1330 = PCURVE('',#411,#1331);
#1331 = DEFINITIONAL_REPRESENTATION('',(#1332),#1336);
#1332 = LINE('',#1333,#1334);
#1333 = CARTESIAN_POINT('',(-2.4,-25.4));
#1334 = VECTOR('',#1335,1.);
#1335 = DIRECTION('',(1.,0.));
#1336 = ( GEOMETRIC_REPRESENTATION_CONTEXT(2) 
PARAMETRIC_REPRESENTATION_CONTEXT() REPRESENTATION_CONTEXT('2D SPACE',''
  ) );
#1337 = PCURVE('',#1122,#1338);
#1338 = DEFINITIONAL_REPRESENTATION('',(#1339),#1343);
#1339 = LINE('',#1340,#1341);
#1340 = CARTESIAN_POINT('',(-59.6,2.41));
#1341 = VECTOR('',#1342,1.);
#1342 = DIRECTION('',(0.,-1.));
#1343 = ( GEOMETRIC_REPRESENTATION_CONTEXT(2) 
PARAMETRIC_REPRESENTATION_CONTEXT() REPRESENTATION_CONTEXT('2D SPACE',''
  ) );
#1344 = ORIENTED_EDGE('',*,*,#1345,.F.);
#1345 = EDGE_CURVE('',#1346,#1323,#1348,.T.);
#1346 = VERTEX_POINT('',#1347);
#1347 = CARTESIAN_POINT('',(2.4,88.4,9.));
#1348 = SURFACE_CURVE('',#1349,(#1353,#1359),.PCURVE_S1.);
#1349 = LINE('',#1350,#1351);
#1350 = CARTESIAN_POINT('',(2.4,88.4,4.));
#1351 = VECTOR('',#1352,1.);
#1352 = DIRECTION('',(0.,0.,1.));
#1353 = PCURVE('',#411,#1354);
#1354 = DEFINITIONAL_REPRESENTATION('',(#1355),#1358);
#1355 = B_SPLINE_CURVE_WITH_KNOTS('',1,(#1356,#1357),.UNSPECIFIED.,.F.,
  .F.,(2,2),(5.,20.4),.PIECEWISE_BEZIER_KNOTS.);
#1356 = CARTESIAN_POINT('',(14.2,-10.));
#1357 = CARTESIAN_POINT('',(14.2,-25.4));
#1358 = ( GEOMETRIC_REPRESENTATION_CONTEXT(2) 
PARAMETRIC_REPRESENTATION_CONTEXT() REPRESENTATION_CONTEXT('2D SPACE',''
  ) );
#1359 = PCURVE('',#1360,#1365);
#1360 = PLANE('',#1361);
#1361 = AXIS2_PLACEMENT_3D('',#1362,#1363,#1364);
#1362 = CARTESIAN_POINT('',(1.9,88.4,9.));
#1363 = DIRECTION('',(-0.,1.,0.));
#1364 = DIRECTION('',(0.,0.,1.));
#1365 = DEFINITIONAL_REPRESENTATION('',(#1366),#1369);
#1366 = B_SPLINE_CURVE_WITH_KNOTS('',1,(#1367,#1368),.UNSPECIFIED.,.F.,
  .F.,(2,2),(5.,20.4),.PIECEWISE_BEZIER_KNOTS.);
#1367 = CARTESIAN_POINT('',(0.,0.5));
#1368 = CARTESIAN_POINT('',(15.4,0.5));
#1369 = ( GEOMETRIC_REPRESENTATION_CONTEXT(2) 
PARAMETRIC_REPRESENTATION_CONTEXT() REPRESENTATION_CONTEXT('2D SPACE',''
  ) );
#1370 = ORIENTED_EDGE('',*,*,#1371,.T.);
#1371 = EDGE_CURVE('',#1346,#1372,#1374,.T.);
#1372 = VERTEX_POINT('',#1373);
#1373 = CARTESIAN_POINT('',(2.4,86.6,9.));
#1374 = SURFACE_CURVE('',#1375,(#1379,#1385),.PCURVE_S1.);
#1375 = LINE('',#1376,#1377);
#1376 = CARTESIAN_POINT('',(2.4,94.6,9.));
#1377 = VECTOR('',#1378,1.);
#1378 = DIRECTION('',(0.,-1.,0.));
#1379 = PCURVE('',#411,#1380);
#1380 = DEFINITIONAL_REPRESENTATION('',(#1381),#1384);
#1381 = B_SPLINE_CURVE_WITH_KNOTS('',1,(#1382,#1383),.UNSPECIFIED.,.F.,
  .F.,(2,2),(6.2,8.),.PIECEWISE_BEZIER_KNOTS.);
#1382 = CARTESIAN_POINT('',(14.2,-10.));
#1383 = CARTESIAN_POINT('',(16.,-10.));
#1384 = ( GEOMETRIC_REPRESENTATION_CONTEXT(2) 
PARAMETRIC_REPRESENTATION_CONTEXT() REPRESENTATION_CONTEXT('2D SPACE',''
  ) );
#1385 = PCURVE('',#1386,#1391);
#1386 = PLANE('',#1387);
#1387 = AXIS2_PLACEMENT_3D('',#1388,#1389,#1390);
#1388 = CARTESIAN_POINT('',(1.9,29.6,9.));
#1389 = DIRECTION('',(0.,0.,1.));
#1390 = DIRECTION('',(1.,0.,-0.));
#1391 = DEFINITIONAL_REPRESENTATION('',(#1392),#1396);
#1392 = LINE('',#1393,#1394);
#1393 = CARTESIAN_POINT('',(0.5,65.));
#1394 = VECTOR('',#1395,1.);
#1395 = DIRECTION('',(0.,-1.));
#1396 = ( GEOMETRIC_REPRESENTATION_CONTEXT(2) 
PARAMETRIC_REPRESENTATION_CONTEXT() REPRESENTATION_CONTEXT('2D SPACE',''
  ) );
#1397 = ORIENTED_EDGE('',*,*,#1398,.T.);
#1398 = EDGE_CURVE('',#1372,#1399,#1401,.T.);
#1399 = VERTEX_POINT('',#1400);
#1400 = CARTESIAN_POINT('',(2.4,86.6,24.4));
#1401 = SURFACE_CURVE('',#1402,(#1406,#1412),.PCURVE_S1.);
#1402 = LINE('',#1403,#1404);
#1403 = CARTESIAN_POINT('',(2.4,86.6,4.));
#1404 = VECTOR('',#1405,1.);
#1405 = DIRECTION('',(0.,0.,1.));
#1406 = PCURVE('',#411,#1407);
#1407 = DEFINITIONAL_REPRESENTATION('',(#1408),#1411);
#1408 = B_SPLINE_CURVE_WITH_KNOTS('',1,(#1409,#1410),.UNSPECIFIED.,.F.,
  .F.,(2,2),(5.,20.4),.PIECEWISE_BEZIER_KNOTS.);
#1409 = CARTESIAN_POINT('',(16.,-10.));
#1410 = CARTESIAN_POINT('',(16.,-25.4));
#1411 = ( GEOMETRIC_REPRESENTATION_CONTEXT(2) 
PARAMETRIC_REPRESENTATION_CONTEXT() REPRESENTATION_CONTEXT('2D SPACE',''
  ) );
#1412 = PCURVE('',#1413,#1418);
#1413 = PLANE('',#1414);
#1414 = AXIS2_PLACEMENT_3D('',#1415,#1416,#1417);
#1415 = CARTESIAN_POINT('',(1.9,86.6,9.));
#1416 = DIRECTION('',(-0.,1.,0.));
#1417 = DIRECTION('',(0.,0.,1.));
#1418 = DEFINITIONAL_REPRESENTATION('',(#1419),#1422);
#1419 = B_SPLINE_CURVE_WITH_KNOTS('',1,(#1420,#1421),.UNSPECIFIED.,.F.,
  .F.,(2,2),(5.,20.4),.PIECEWISE_BEZIER_KNOTS.);
#1420 = CARTESIAN_POINT('',(0.,0.5));
#1421 = CARTESIAN_POINT('',(15.4,0.5));
#1422 = ( GEOMETRIC_REPRESENTATION_CONTEXT(2) 
PARAMETRIC_REPRESENTATION_CONTEXT() REPRESENTATION_CONTEXT('2D SPACE',''
  ) );
#1423 = ORIENTED_EDGE('',*,*,#1424,.T.);
#1424 = EDGE_CURVE('',#1399,#1425,#1427,.T.);
#1425 = VERTEX_POINT('',#1426);
#1426 = CARTESIAN_POINT('',(2.4,31.4,24.4));
#1427 = SURFACE_CURVE('',#1428,(#1432,#1439),.PCURVE_S1.);
#1428 = LINE('',#1429,#1430);
#1429 = CARTESIAN_POINT('',(2.4,105.,24.4));
#1430 = VECTOR('',#1431,1.);
#1431 = DIRECTION('',(0.,-1.,-0.));
#1432 = PCURVE('',#411,#1433);
#1433 = DEFINITIONAL_REPRESENTATION('',(#1434),#1438);
#1434 = LINE('',#1435,#1436);
#1435 = CARTESIAN_POINT('',(-2.4,-25.4));
#1436 = VECTOR('',#1437,1.);
#1437 = DIRECTION('',(1.,0.));
#1438 = ( GEOMETRIC_REPRESENTATION_CONTEXT(2) 
PARAMETRIC_REPRESENTATION_CONTEXT() REPRESENTATION_CONTEXT('2D SPACE',''
  ) );
#1439 = PCURVE('',#1440,#1445);
#1440 = PLANE('',#1441);
#1441 = AXIS2_PLACEMENT_3D('',#1442,#1443,#1444);
#1442 = CARTESIAN_POINT('',(70.,52.5,24.4));
#1443 = DIRECTION('',(0.,0.,1.));
#1444 = DIRECTION('',(1.,0.,-0.));
#1445 = DEFINITIONAL_REPRESENTATION('',(#1446),#1450);
#1446 = LINE('',#1447,#1448);
#1447 = CARTESIAN_POINT('',(-67.6,52.5));
#1448 = VECTOR('',#1449,1.);
#1449 = DIRECTION('',(0.,-1.));
#1450 = ( GEOMETRIC_REPRESENTATION_CONTEXT(2) 
PARAMETRIC_REPRESENTATION_CONTEXT() REPRESENTATION_CONTEXT('2D SPACE',''
  ) );
#1451 = ORIENTED_EDGE('',*,*,#1452,.F.);
#1452 = EDGE_CURVE('',#1453,#1425,#1455,.T.);
#1453 = VERTEX_POINT('',#1454);
#1454 = CARTESIAN_POINT('',(2.4,31.4,9.));
#1455 = SURFACE_CURVE('',#1456,(#1460,#1466),.PCURVE_S1.);
#1456 = LINE('',#1457,#1458);
#1457 = CARTESIAN_POINT('',(2.4,31.4,4.));
#1458 = VECTOR('',#1459,1.);
#1459 = DIRECTION('',(0.,0.,1.));
#1460 = PCURVE('',#411,#1461);
#1461 = DEFINITIONAL_REPRESENTATION('',(#1462),#1465);
#1462 = B_SPLINE_CURVE_WITH_KNOTS('',1,(#1463,#1464),.UNSPECIFIED.,.F.,
  .F.,(2,2),(5.,20.4),.PIECEWISE_BEZIER_KNOTS.);
#1463 = CARTESIAN_POINT('',(71.2,-10.));
#1464 = CARTESIAN_POINT('',(71.2,-25.4));
#1465 = ( GEOMETRIC_REPRESENTATION_CONTEXT(2) 
PARAMETRIC_REPRESENTATION_CONTEXT() REPRESENTATION_CONTEXT('2D SPACE',''
  ) );
#1466 = PCURVE('',#1467,#1472);
#1467 = PLANE('',#1468);
#1468 = AXIS2_PLACEMENT_3D('',#1469,#1470,#1471);
#1469 = CARTESIAN_POINT('',(1.9,31.4,9.));
#1470 = DIRECTION('',(-0.,1.,0.));
#1471 = DIRECTION('',(0.,0.,1.));
#1472 = DEFINITIONAL_REPRESENTATION('',(#1473),#1476);
#1473 = B_SPLINE_CURVE_WITH_KNOTS('',1,(#1474,#1475),.UNSPECIFIED.,.F.,
  .F.,(2,2),(5.,20.4),.PIECEWISE_BEZIER_KNOTS.);
#1474 = CARTESIAN_POINT('',(0.,0.5));
#1475 = CARTESIAN_POINT('',(15.4,0.5));
#1476 = ( GEOMETRIC_REPRESENTATION_CONTEXT(2) 
PARAMETRIC_REPRESENTATION_CONTEXT() REPRESENTATION_CONTEXT('2D SPACE',''
  ) );
#1477 = ORIENTED_EDGE('',*,*,#1478,.T.);
#1478 = EDGE_CURVE('',#1453,#1479,#1481,.T.);
#1479 = VERTEX_POINT('',#1480);
#1480 = CARTESIAN_POINT('',(2.4,29.6,9.));
#1481 = SURFACE_CURVE('',#1482,(#1486,#1492),.PCURVE_S1.);
#1482 = LINE('',#1483,#1484);
#1483 = CARTESIAN_POINT('',(2.4,66.1,9.));
#1484 = VECTOR('',#1485,1.);
#1485 = DIRECTION('',(0.,-1.,0.));
#1486 = PCURVE('',#411,#1487);
#1487 = DEFINITIONAL_REPRESENTATION('',(#1488),#1491);
#1488 = B_SPLINE_CURVE_WITH_KNOTS('',1,(#1489,#1490),.UNSPECIFIED.,.F.,
  .F.,(2,2),(34.7,36.5),.PIECEWISE_BEZIER_KNOTS.);
#1489 = CARTESIAN_POINT('',(71.2,-10.));
#1490 = CARTESIAN_POINT('',(73.,-10.));
#1491 = ( GEOMETRIC_REPRESENTATION_CONTEXT(2) 
PARAMETRIC_REPRESENTATION_CONTEXT() REPRESENTATION_CONTEXT('2D SPACE',''
  ) );
#1492 = PCURVE('',#1386,#1493);
#1493 = DEFINITIONAL_REPRESENTATION('',(#1494),#1498);
#1494 = LINE('',#1495,#1496);
#1495 = CARTESIAN_POINT('',(0.5,36.5));
#1496 = VECTOR('',#1497,1.);
#1497 = DIRECTION('',(0.,-1.));
#1498 = ( GEOMETRIC_REPRESENTATION_CONTEXT(2) 
PARAMETRIC_REPRESENTATION_CONTEXT() REPRESENTATION_CONTEXT('2D SPACE',''
  ) );
#1499 = ORIENTED_EDGE('',*,*,#1500,.T.);
#1500 = EDGE_CURVE('',#1479,#1501,#1503,.T.);
#1501 = VERTEX_POINT('',#1502);
#1502 = CARTESIAN_POINT('',(2.4,29.6,24.4));
#1503 = SURFACE_CURVE('',#1504,(#1508,#1514),.PCURVE_S1.);
#1504 = LINE('',#1505,#1506);
#1505 = CARTESIAN_POINT('',(2.4,29.6,4.));
#1506 = VECTOR('',#1507,1.);
#1507 = DIRECTION('',(0.,0.,1.));
#1508 = PCURVE('',#411,#1509);
#1509 = DEFINITIONAL_REPRESENTATION('',(#1510),#1513);
#1510 = B_SPLINE_CURVE_WITH_KNOTS('',1,(#1511,#1512),.UNSPECIFIED.,.F.,
  .F.,(2,2),(5.,20.4),.PIECEWISE_BEZIER_KNOTS.);
#1511 = CARTESIAN_POINT('',(73.,-10.));
#1512 = CARTESIAN_POINT('',(73.,-25.4));
#1513 = ( GEOMETRIC_REPRESENTATION_CONTEXT(2) 
PARAMETRIC_REPRESENTATION_CONTEXT() REPRESENTATION_CONTEXT('2D SPACE',''
  ) );
#1514 = PCURVE('',#1515,#1520);
#1515 = PLANE('',#1516);
#1516 = AXIS2_PLACEMENT_3D('',#1517,#1518,#1519);
#1517 = CARTESIAN_POINT('',(1.9,29.6,9.));
#1518 = DIRECTION('',(-0.,1.,0.));
#1519 = DIRECTION('',(0.,0.,1.));
#1520 = DEFINITIONAL_REPRESENTATION('',(#1521),#1524);
#1521 = B_SPLINE_CURVE_WITH_KNOTS('',1,(#1522,#1523),.UNSPECIFIED.,.F.,
  .F.,(2,2),(5.,20.4),.PIECEWISE_BEZIER_KNOTS.);
#1522 = CARTESIAN_POINT('',(0.,0.5));
#1523 = CARTESIAN_POINT('',(15.4,0.5));
#1524 = ( GEOMETRIC_REPRESENTATION_CONTEXT(2) 
PARAMETRIC_REPRESENTATION_CONTEXT() REPRESENTATION_CONTEXT('2D SPACE',''
  ) );
#1525 = ORIENTED_EDGE('',*,*,#1526,.T.);
#1526 = EDGE_CURVE('',#1501,#1298,#1527,.T.);
#1527 = SURFACE_CURVE('',#1528,(#1532,#1539),.PCURVE_S1.);
#1528 = LINE('',#1529,#1530);
#1529 = CARTESIAN_POINT('',(2.4,105.,24.4));
#1530 = VECTOR('',#1531,1.);
#1531 = DIRECTION('',(0.,-1.,-0.));
#1532 = PCURVE('',#411,#1533);
#1533 = DEFINITIONAL_REPRESENTATION('',(#1534),#1538);
#1534 = LINE('',#1535,#1536);
#1535 = CARTESIAN_POINT('',(-2.4,-25.4));
#1536 = VECTOR('',#1537,1.);
#1537 = DIRECTION('',(1.,0.));
#1538 = ( GEOMETRIC_REPRESENTATION_CONTEXT(2) 
PARAMETRIC_REPRESENTATION_CONTEXT() REPRESENTATION_CONTEXT('2D SPACE',''
  ) );
#1539 = PCURVE('',#1122,#1540);
#1540 = DEFINITIONAL_REPRESENTATION('',(#1541),#1545);
#1541 = LINE('',#1542,#1543);
#1542 = CARTESIAN_POINT('',(-59.6,2.41));
#1543 = VECTOR('',#1544,1.);
#1544 = DIRECTION('',(0.,-1.));
#1545 = ( GEOMETRIC_REPRESENTATION_CONTEXT(2) 
PARAMETRIC_REPRESENTATION_CONTEXT() REPRESENTATION_CONTEXT('2D SPACE',''
  ) );
#1546 = FACE_BOUND('',#1547,.T.);
#1547 = EDGE_LOOP('',(#1548,#1576,#1602,#1628));
#1548 = ORIENTED_EDGE('',*,*,#1549,.T.);
#1549 = EDGE_CURVE('',#1550,#1552,#1554,.T.);
#1550 = VERTEX_POINT('',#1551);
#1551 = CARTESIAN_POINT('',(2.4,78.5,13.));
#1552 = VERTEX_POINT('',#1553);
#1553 = CARTESIAN_POINT('',(2.4,76.,13.));
#1554 = SURFACE_CURVE('',#1555,(#1559,#1565),.PCURVE_S1.);
#1555 = LINE('',#1556,#1557);
#1556 = CARTESIAN_POINT('',(2.4,89.3,13.));
#1557 = VECTOR('',#1558,1.);
#1558 = DIRECTION('',(0.,-1.,0.));
#1559 = PCURVE('',#411,#1560);
#1560 = DEFINITIONAL_REPRESENTATION('',(#1561),#1564);
#1561 = B_SPLINE_CURVE_WITH_KNOTS('',1,(#1562,#1563),.UNSPECIFIED.,.F.,
  .F.,(2,2),(10.8,13.3),.PIECEWISE_BEZIER_KNOTS.);
#1562 = CARTESIAN_POINT('',(24.1,-14.));
#1563 = CARTESIAN_POINT('',(26.6,-14.));
#1564 = ( GEOMETRIC_REPRESENTATION_CONTEXT(2) 
PARAMETRIC_REPRESENTATION_CONTEXT() REPRESENTATION_CONTEXT('2D SPACE',''
  ) );
#1565 = PCURVE('',#1566,#1571);
#1566 = PLANE('',#1567);
#1567 = AXIS2_PLACEMENT_3D('',#1568,#1569,#1570);
#1568 = CARTESIAN_POINT('',(-1.,76.,13.));
#1569 = DIRECTION('',(0.,0.,1.));
#1570 = DIRECTION('',(1.,0.,-0.));
#1571 = DEFINITIONAL_REPRESENTATION('',(#1572),#1575);
#1572 = B_SPLINE_CURVE_WITH_KNOTS('',1,(#1573,#1574),.UNSPECIFIED.,.F.,
  .F.,(2,2),(10.8,13.3),.PIECEWISE_BEZIER_KNOTS.);
#1573 = CARTESIAN_POINT('',(3.4,2.5));
#1574 = CARTESIAN_POINT('',(3.4,0.));
#1575 = ( GEOMETRIC_REPRESENTATION_CONTEXT(2) 
PARAMETRIC_REPRESENTATION_CONTEXT() REPRESENTATION_CONTEXT('2D SPACE',''
  ) );
#1576 = ORIENTED_EDGE('',*,*,#1577,.T.);
#1577 = EDGE_CURVE('',#1552,#1578,#1580,.T.);
#1578 = VERTEX_POINT('',#1579);
#1579 = CARTESIAN_POINT('',(2.4,76.,20.4));
#1580 = SURFACE_CURVE('',#1581,(#1585,#1591),.PCURVE_S1.);
#1581 = LINE('',#1582,#1583);
#1582 = CARTESIAN_POINT('',(2.4,76.,6.));
#1583 = VECTOR('',#1584,1.);
#1584 = DIRECTION('',(0.,0.,1.));
#1585 = PCURVE('',#411,#1586);
#1586 = DEFINITIONAL_REPRESENTATION('',(#1587),#1590);
#1587 = B_SPLINE_CURVE_WITH_KNOTS('',1,(#1588,#1589),.UNSPECIFIED.,.F.,
  .F.,(2,2),(7.,14.4),.PIECEWISE_BEZIER_KNOTS.);
#1588 = CARTESIAN_POINT('',(26.6,-14.));
#1589 = CARTESIAN_POINT('',(26.6,-21.4));
#1590 = ( GEOMETRIC_REPRESENTATION_CONTEXT(2) 
PARAMETRIC_REPRESENTATION_CONTEXT() REPRESENTATION_CONTEXT('2D SPACE',''
  ) );
#1591 = PCURVE('',#1592,#1597);
#1592 = PLANE('',#1593);
#1593 = AXIS2_PLACEMENT_3D('',#1594,#1595,#1596);
#1594 = CARTESIAN_POINT('',(-1.,76.,13.));
#1595 = DIRECTION('',(-0.,1.,0.));
#1596 = DIRECTION('',(0.,0.,1.));
#1597 = DEFINITIONAL_REPRESENTATION('',(#1598),#1601);
#1598 = B_SPLINE_CURVE_WITH_KNOTS('',1,(#1599,#1600),.UNSPECIFIED.,.F.,
  .F.,(2,2),(7.,14.4),.PIECEWISE_BEZIER_KNOTS.);
#1599 = CARTESIAN_POINT('',(0.,3.4));
#1600 = CARTESIAN_POINT('',(7.4,3.4));
#1601 = ( GEOMETRIC_REPRESENTATION_CONTEXT(2) 
PARAMETRIC_REPRESENTATION_CONTEXT() REPRESENTATION_CONTEXT('2D SPACE',''
  ) );
#1602 = ORIENTED_EDGE('',*,*,#1603,.F.);
#1603 = EDGE_CURVE('',#1604,#1578,#1606,.T.);
#1604 = VERTEX_POINT('',#1605);
#1605 = CARTESIAN_POINT('',(2.4,78.5,20.4));
#1606 = SURFACE_CURVE('',#1607,(#1611,#1617),.PCURVE_S1.);
#1607 = LINE('',#1608,#1609);
#1608 = CARTESIAN_POINT('',(2.4,89.3,20.4));
#1609 = VECTOR('',#1610,1.);
#1610 = DIRECTION('',(0.,-1.,0.));
#1611 = PCURVE('',#411,#1612);
#1612 = DEFINITIONAL_REPRESENTATION('',(#1613),#1616);
#1613 = B_SPLINE_CURVE_WITH_KNOTS('',1,(#1614,#1615),.UNSPECIFIED.,.F.,
  .F.,(2,2),(10.8,13.3),.PIECEWISE_BEZIER_KNOTS.);
#1614 = CARTESIAN_POINT('',(24.1,-21.4));
#1615 = CARTESIAN_POINT('',(26.6,-21.4));
#1616 = ( GEOMETRIC_REPRESENTATION_CONTEXT(2) 
PARAMETRIC_REPRESENTATION_CONTEXT() REPRESENTATION_CONTEXT('2D SPACE',''
  ) );
#1617 = PCURVE('',#1618,#1623);
#1618 = PLANE('',#1619);
#1619 = AXIS2_PLACEMENT_3D('',#1620,#1621,#1622);
#1620 = CARTESIAN_POINT('',(-1.,76.,20.4));
#1621 = DIRECTION('',(0.,0.,1.));
#1622 = DIRECTION('',(1.,0.,-0.));
#1623 = DEFINITIONAL_REPRESENTATION('',(#1624),#1627);
#1624 = B_SPLINE_CURVE_WITH_KNOTS('',1,(#1625,#1626),.UNSPECIFIED.,.F.,
  .F.,(2,2),(10.8,13.3),.PIECEWISE_BEZIER_KNOTS.);
#1625 = CARTESIAN_POINT('',(3.4,2.5));
#1626 = CARTESIAN_POINT('',(3.4,0.));
#1627 = ( GEOMETRIC_REPRESENTATION_CONTEXT(2) 
PARAMETRIC_REPRESENTATION_CONTEXT() REPRESENTATION_CONTEXT('2D SPACE',''
  ) );
#1628 = ORIENTED_EDGE('',*,*,#1629,.F.);
#1629 = EDGE_CURVE('',#1550,#1604,#1630,.T.);
#1630 = SURFACE_CURVE('',#1631,(#1635,#1641),.PCURVE_S1.);
#1631 = LINE('',#1632,#1633);
#1632 = CARTESIAN_POINT('',(2.4,78.5,6.));
#1633 = VECTOR('',#1634,1.);
#1634 = DIRECTION('',(0.,0.,1.));
#1635 = PCURVE('',#411,#1636);
#1636 = DEFINITIONAL_REPRESENTATION('',(#1637),#1640);
#1637 = B_SPLINE_CURVE_WITH_KNOTS('',1,(#1638,#1639),.UNSPECIFIED.,.F.,
  .F.,(2,2),(7.,14.4),.PIECEWISE_BEZIER_KNOTS.);
#1638 = CARTESIAN_POINT('',(24.1,-14.));
#1639 = CARTESIAN_POINT('',(24.1,-21.4));
#1640 = ( GEOMETRIC_REPRESENTATION_CONTEXT(2) 
PARAMETRIC_REPRESENTATION_CONTEXT() REPRESENTATION_CONTEXT('2D SPACE',''
  ) );
#1641 = PCURVE('',#1642,#1647);
#1642 = PLANE('',#1643);
#1643 = AXIS2_PLACEMENT_3D('',#1644,#1645,#1646);
#1644 = CARTESIAN_POINT('',(-1.,78.5,13.));
#1645 = DIRECTION('',(-0.,1.,0.));
#1646 = DIRECTION('',(0.,0.,1.));
#1647 = DEFINITIONAL_REPRESENTATION('',(#1648),#1651);
#1648 = B_SPLINE_CURVE_WITH_KNOTS('',1,(#1649,#1650),.UNSPECIFIED.,.F.,
  .F.,(2,2),(7.,14.4),.PIECEWISE_BEZIER_KNOTS.);
#1649 = CARTESIAN_POINT('',(0.,3.4));
#1650 = CARTESIAN_POINT('',(7.4,3.4));
#1651 = ( GEOMETRIC_REPRESENTATION_CONTEXT(2) 
PARAMETRIC_REPRESENTATION_CONTEXT() REPRESENTATION_CONTEXT('2D SPACE',''
  ) );
#1652 = FACE_BOUND('',#1653,.T.);
#1653 = EDGE_LOOP('',(#1654,#1682,#1708,#1734));
#1654 = ORIENTED_EDGE('',*,*,#1655,.T.);
#1655 = EDGE_CURVE('',#1656,#1658,#1660,.T.);
#1656 = VERTEX_POINT('',#1657);
#1657 = CARTESIAN_POINT('',(2.4,72.5,13.));
#1658 = VERTEX_POINT('',#1659);
#1659 = CARTESIAN_POINT('',(2.4,70.,13.));
#1660 = SURFACE_CURVE('',#1661,(#1665,#1671),.PCURVE_S1.);
#1661 = LINE('',#1662,#1663);
#1662 = CARTESIAN_POINT('',(2.4,86.3,13.));
#1663 = VECTOR('',#1664,1.);
#1664 = DIRECTION('',(0.,-1.,0.));
#1665 = PCURVE('',#411,#1666);
#1666 = DEFINITIONAL_REPRESENTATION('',(#1667),#1670);
#1667 = B_SPLINE_CURVE_WITH_KNOTS('',1,(#1668,#1669),.UNSPECIFIED.,.F.,
  .F.,(2,2),(13.8,16.3),.PIECEWISE_BEZIER_KNOTS.);
#1668 = CARTESIAN_POINT('',(30.1,-14.));
#1669 = CARTESIAN_POINT('',(32.6,-14.));
#1670 = ( GEOMETRIC_REPRESENTATION_CONTEXT(2) 
PARAMETRIC_REPRESENTATION_CONTEXT() REPRESENTATION_CONTEXT('2D SPACE',''
  ) );
#1671 = PCURVE('',#1672,#1677);
#1672 = PLANE('',#1673);
#1673 = AXIS2_PLACEMENT_3D('',#1674,#1675,#1676);
#1674 = CARTESIAN_POINT('',(-1.,70.,13.));
#1675 = DIRECTION('',(0.,0.,1.));
#1676 = DIRECTION('',(1.,0.,-0.));
#1677 = DEFINITIONAL_REPRESENTATION('',(#1678),#1681);
#1678 = B_SPLINE_CURVE_WITH_KNOTS('',1,(#1679,#1680),.UNSPECIFIED.,.F.,
  .F.,(2,2),(13.8,16.3),.PIECEWISE_BEZIER_KNOTS.);
#1679 = CARTESIAN_POINT('',(3.4,2.5));
#1680 = CARTESIAN_POINT('',(3.4,0.));
#1681 = ( GEOMETRIC_REPRESENTATION_CONTEXT(2) 
PARAMETRIC_REPRESENTATION_CONTEXT() REPRESENTATION_CONTEXT('2D SPACE',''
  ) );
#1682 = ORIENTED_EDGE('',*,*,#1683,.T.);
#1683 = EDGE_CURVE('',#1658,#1684,#1686,.T.);
#1684 = VERTEX_POINT('',#1685);
#1685 = CARTESIAN_POINT('',(2.4,70.,20.4));
#1686 = SURFACE_CURVE('',#1687,(#1691,#1697),.PCURVE_S1.);
#1687 = LINE('',#1688,#1689);
#1688 = CARTESIAN_POINT('',(2.4,70.,6.));
#1689 = VECTOR('',#1690,1.);
#1690 = DIRECTION('',(0.,0.,1.));
#1691 = PCURVE('',#411,#1692);
#1692 = DEFINITIONAL_REPRESENTATION('',(#1693),#1696);
#1693 = B_SPLINE_CURVE_WITH_KNOTS('',1,(#1694,#1695),.UNSPECIFIED.,.F.,
  .F.,(2,2),(7.,14.4),.PIECEWISE_BEZIER_KNOTS.);
#1694 = CARTESIAN_POINT('',(32.6,-14.));
#1695 = CARTESIAN_POINT('',(32.6,-21.4));
#1696 = ( GEOMETRIC_REPRESENTATION_CONTEXT(2) 
PARAMETRIC_REPRESENTATION_CONTEXT() REPRESENTATION_CONTEXT('2D SPACE',''
  ) );
#1697 = PCURVE('',#1698,#1703);
#1698 = PLANE('',#1699);
#1699 = AXIS2_PLACEMENT_3D('',#1700,#1701,#1702);
#1700 = CARTESIAN_POINT('',(-1.,70.,13.));
#1701 = DIRECTION('',(-0.,1.,0.));
#1702 = DIRECTION('',(0.,0.,1.));
#1703 = DEFINITIONAL_REPRESENTATION('',(#1704),#1707);
#1704 = B_SPLINE_CURVE_WITH_KNOTS('',1,(#1705,#1706),.UNSPECIFIED.,.F.,
  .F.,(2,2),(7.,14.4),.PIECEWISE_BEZIER_KNOTS.);
#1705 = CARTESIAN_POINT('',(0.,3.4));
#1706 = CARTESIAN_POINT('',(7.4,3.4));
#1707 = ( GEOMETRIC_REPRESENTATION_CONTEXT(2) 
PARAMETRIC_REPRESENTATION_CONTEXT() REPRESENTATION_CONTEXT('2D SPACE',''
  ) );
#1708 = ORIENTED_EDGE('',*,*,#1709,.F.);
#1709 = EDGE_CURVE('',#1710,#1684,#1712,.T.);
#1710 = VERTEX_POINT('',#1711);
#1711 = CARTESIAN_POINT('',(2.4,72.5,20.4));
#1712 = SURFACE_CURVE('',#1713,(#1717,#1723),.PCURVE_S1.);
#1713 = LINE('',#1714,#1715);
#1714 = CARTESIAN_POINT('',(2.4,86.3,20.4));
#1715 = VECTOR('',#1716,1.);
#1716 = DIRECTION('',(0.,-1.,0.));
#1717 = PCURVE('',#411,#1718);
#1718 = DEFINITIONAL_REPRESENTATION('',(#1719),#1722);
#1719 = B_SPLINE_CURVE_WITH_KNOTS('',1,(#1720,#1721),.UNSPECIFIED.,.F.,
  .F.,(2,2),(13.8,16.3),.PIECEWISE_BEZIER_KNOTS.);
#1720 = CARTESIAN_POINT('',(30.1,-21.4));
#1721 = CARTESIAN_POINT('',(32.6,-21.4));
#1722 = ( GEOMETRIC_REPRESENTATION_CONTEXT(2) 
PARAMETRIC_REPRESENTATION_CONTEXT() REPRESENTATION_CONTEXT('2D SPACE',''
  ) );
#1723 = PCURVE('',#1724,#1729);
#1724 = PLANE('',#1725);
#1725 = AXIS2_PLACEMENT_3D('',#1726,#1727,#1728);
#1726 = CARTESIAN_POINT('',(-1.,70.,20.4));
#1727 = DIRECTION('',(0.,0.,1.));
#1728 = DIRECTION('',(1.,0.,-0.));
#1729 = DEFINITIONAL_REPRESENTATION('',(#1730),#1733);
#1730 = B_SPLINE_CURVE_WITH_KNOTS('',1,(#1731,#1732),.UNSPECIFIED.,.F.,
  .F.,(2,2),(13.8,16.3),.PIECEWISE_BEZIER_KNOTS.);
#1731 = CARTESIAN_POINT('',(3.4,2.5));
#1732 = CARTESIAN_POINT('',(3.4,0.));
#1733 = ( GEOMETRIC_REPRESENTATION_CONTEXT(2) 
PARAMETRIC_REPRESENTATION_CONTEXT() REPRESENTATION_CONTEXT('2D SPACE',''
  ) );
#1734 = ORIENTED_EDGE('',*,*,#1735,.F.);
#1735 = EDGE_CURVE('',#1656,#1710,#1736,.T.);
#1736 = SURFACE_CURVE('',#1737,(#1741,#1747),.PCURVE_S1.);
#1737 = LINE('',#1738,#1739);
#1738 = CARTESIAN_POINT('',(2.4,72.5,6.));
#1739 = VECTOR('',#1740,1.);
#1740 = DIRECTION('',(0.,0.,1.));
#1741 = PCURVE('',#411,#1742);
#1742 = DEFINITIONAL_REPRESENTATION('',(#1743),#1746);
#1743 = B_SPLINE_CURVE_WITH_KNOTS('',1,(#1744,#1745),.UNSPECIFIED.,.F.,
  .F.,(2,2),(7.,14.4),.PIECEWISE_BEZIER_KNOTS.);
#1744 = CARTESIAN_POINT('',(30.1,-14.));
#1745 = CARTESIAN_POINT('',(30.1,-21.4));
#1746 = ( GEOMETRIC_REPRESENTATION_CONTEXT(2) 
PARAMETRIC_REPRESENTATION_CONTEXT() REPRESENTATION_CONTEXT('2D SPACE',''
  ) );
#1747 = PCURVE('',#1748,#1753);
#1748 = PLANE('',#1749);
#1749 = AXIS2_PLACEMENT_3D('',#1750,#1751,#1752);
#1750 = CARTESIAN_POINT('',(-1.,72.5,13.));
#1751 = DIRECTION('',(-0.,1.,0.));
#1752 = DIRECTION('',(0.,0.,1.));
#1753 = DEFINITIONAL_REPRESENTATION('',(#1754),#1757);
#1754 = B_SPLINE_CURVE_WITH_KNOTS('',1,(#1755,#1756),.UNSPECIFIED.,.F.,
  .F.,(2,2),(7.,14.4),.PIECEWISE_BEZIER_KNOTS.);
#1755 = CARTESIAN_POINT('',(0.,3.4));
#1756 = CARTESIAN_POINT('',(7.4,3.4));
#1757 = ( GEOMETRIC_REPRESENTATION_CONTEXT(2) 
PARAMETRIC_REPRESENTATION_CONTEXT() REPRESENTATION_CONTEXT('2D SPACE',''
  ) );
#1758 = FACE_BOUND('',#1759,.T.);
#1759 = EDGE_LOOP('',(#1760,#1788,#1814,#1840));
#1760 = ORIENTED_EDGE('',*,*,#1761,.T.);
#1761 = EDGE_CURVE('',#1762,#1764,#1766,.T.);
#1762 = VERTEX_POINT('',#1763);
#1763 = CARTESIAN_POINT('',(2.4,66.5,13.));
#1764 = VERTEX_POINT('',#1765);
#1765 = CARTESIAN_POINT('',(2.4,64.,13.));
#1766 = SURFACE_CURVE('',#1767,(#1771,#1777),.PCURVE_S1.);
#1767 = LINE('',#1768,#1769);
#1768 = CARTESIAN_POINT('',(2.4,83.3,13.));
#1769 = VECTOR('',#1770,1.);
#1770 = DIRECTION('',(0.,-1.,0.));
#1771 = PCURVE('',#411,#1772);
#1772 = DEFINITIONAL_REPRESENTATION('',(#1773),#1776);
#1773 = B_SPLINE_CURVE_WITH_KNOTS('',1,(#1774,#1775),.UNSPECIFIED.,.F.,
  .F.,(2,2),(16.8,19.3),.PIECEWISE_BEZIER_KNOTS.);
#1774 = CARTESIAN_POINT('',(36.1,-14.));
#1775 = CARTESIAN_POINT('',(38.6,-14.));
#1776 = ( GEOMETRIC_REPRESENTATION_CONTEXT(2) 
PARAMETRIC_REPRESENTATION_CONTEXT() REPRESENTATION_CONTEXT('2D SPACE',''
  ) );
#1777 = PCURVE('',#1778,#1783);
#1778 = PLANE('',#1779);
#1779 = AXIS2_PLACEMENT_3D('',#1780,#1781,#1782);
#1780 = CARTESIAN_POINT('',(-1.,64.,13.));
#1781 = DIRECTION('',(0.,0.,1.));
#1782 = DIRECTION('',(1.,0.,-0.));
#1783 = DEFINITIONAL_REPRESENTATION('',(#1784),#1787);
#1784 = B_SPLINE_CURVE_WITH_KNOTS('',1,(#1785,#1786),.UNSPECIFIED.,.F.,
  .F.,(2,2),(16.8,19.3),.PIECEWISE_BEZIER_KNOTS.);
#1785 = CARTESIAN_POINT('',(3.4,2.5));
#1786 = CARTESIAN_POINT('',(3.4,0.));
#1787 = ( GEOMETRIC_REPRESENTATION_CONTEXT(2) 
PARAMETRIC_REPRESENTATION_CONTEXT() REPRESENTATION_CONTEXT('2D SPACE',''
  ) );
#1788 = ORIENTED_EDGE('',*,*,#1789,.T.);
#1789 = EDGE_CURVE('',#1764,#1790,#1792,.T.);
#1790 = VERTEX_POINT('',#1791);
#1791 = CARTESIAN_POINT('',(2.4,64.,20.4));
#1792 = SURFACE_CURVE('',#1793,(#1797,#1803),.PCURVE_S1.);
#1793 = LINE('',#1794,#1795);
#1794 = CARTESIAN_POINT('',(2.4,64.,6.));
#1795 = VECTOR('',#1796,1.);
#1796 = DIRECTION('',(0.,0.,1.));
#1797 = PCURVE('',#411,#1798);
#1798 = DEFINITIONAL_REPRESENTATION('',(#1799),#1802);
#1799 = B_SPLINE_CURVE_WITH_KNOTS('',1,(#1800,#1801),.UNSPECIFIED.,.F.,
  .F.,(2,2),(7.,14.4),.PIECEWISE_BEZIER_KNOTS.);
#1800 = CARTESIAN_POINT('',(38.6,-14.));
#1801 = CARTESIAN_POINT('',(38.6,-21.4));
#1802 = ( GEOMETRIC_REPRESENTATION_CONTEXT(2) 
PARAMETRIC_REPRESENTATION_CONTEXT() REPRESENTATION_CONTEXT('2D SPACE',''
  ) );
#1803 = PCURVE('',#1804,#1809);
#1804 = PLANE('',#1805);
#1805 = AXIS2_PLACEMENT_3D('',#1806,#1807,#1808);
#1806 = CARTESIAN_POINT('',(-1.,64.,13.));
#1807 = DIRECTION('',(-0.,1.,0.));
#1808 = DIRECTION('',(0.,0.,1.));
#1809 = DEFINITIONAL_REPRESENTATION('',(#1810),#1813);
#1810 = B_SPLINE_CURVE_WITH_KNOTS('',1,(#1811,#1812),.UNSPECIFIED.,.F.,
  .F.,(2,2),(7.,14.4),.PIECEWISE_BEZIER_KNOTS.);
#1811 = CARTESIAN_POINT('',(0.,3.4));
#1812 = CARTESIAN_POINT('',(7.4,3.4));
#1813 = ( GEOMETRIC_REPRESENTATION_CONTEXT(2) 
PARAMETRIC_REPRESENTATION_CONTEXT() REPRESENTATION_CONTEXT('2D SPACE',''
  ) );
#1814 = ORIENTED_EDGE('',*,*,#1815,.F.);
#1815 = EDGE_CURVE('',#1816,#1790,#1818,.T.);
#1816 = VERTEX_POINT('',#1817);
#1817 = CARTESIAN_POINT('',(2.4,66.5,20.4));
#1818 = SURFACE_CURVE('',#1819,(#1823,#1829),.PCURVE_S1.);
#1819 = LINE('',#1820,#1821);
#1820 = CARTESIAN_POINT('',(2.4,83.3,20.4));
#1821 = VECTOR('',#1822,1.);
#1822 = DIRECTION('',(0.,-1.,0.));
#1823 = PCURVE('',#411,#1824);
#1824 = DEFINITIONAL_REPRESENTATION('',(#1825),#1828);
#1825 = B_SPLINE_CURVE_WITH_KNOTS('',1,(#1826,#1827),.UNSPECIFIED.,.F.,
  .F.,(2,2),(16.8,19.3),.PIECEWISE_BEZIER_KNOTS.);
#1826 = CARTESIAN_POINT('',(36.1,-21.4));
#1827 = CARTESIAN_POINT('',(38.6,-21.4));
#1828 = ( GEOMETRIC_REPRESENTATION_CONTEXT(2) 
PARAMETRIC_REPRESENTATION_CONTEXT() REPRESENTATION_CONTEXT('2D SPACE',''
  ) );
#1829 = PCURVE('',#1830,#1835);
#1830 = PLANE('',#1831);
#1831 = AXIS2_PLACEMENT_3D('',#1832,#1833,#1834);
#1832 = CARTESIAN_POINT('',(-1.,64.,20.4));
#1833 = DIRECTION('',(0.,0.,1.));
#1834 = DIRECTION('',(1.,0.,-0.));
#1835 = DEFINITIONAL_REPRESENTATION('',(#1836),#1839);
#1836 = B_SPLINE_CURVE_WITH_KNOTS('',1,(#1837,#1838),.UNSPECIFIED.,.F.,
  .F.,(2,2),(16.8,19.3),.PIECEWISE_BEZIER_KNOTS.);
#1837 = CARTESIAN_POINT('',(3.4,2.5));
#1838 = CARTESIAN_POINT('',(3.4,0.));
#1839 = ( GEOMETRIC_REPRESENTATION_CONTEXT(2) 
PARAMETRIC_REPRESENTATION_CONTEXT() REPRESENTATION_CONTEXT('2D SPACE',''
  ) );
#1840 = ORIENTED_EDGE('',*,*,#1841,.F.);
#1841 = EDGE_CURVE('',#1762,#1816,#1842,.T.);
#1842 = SURFACE_CURVE('',#1843,(#1847,#1853),.PCURVE_S1.);
#1843 = LINE('',#1844,#1845);
#1844 = CARTESIAN_POINT('',(2.4,66.5,6.));
#1845 = VECTOR('',#1846,1.);
#1846 = DIRECTION('',(0.,0.,1.));
#1847 = PCURVE('',#411,#1848);
#1848 = DEFINITIONAL_REPRESENTATION('',(#1849),#1852);
#1849 = B_SPLINE_CURVE_WITH_KNOTS('',1,(#1850,#1851),.UNSPECIFIED.,.F.,
  .F.,(2,2),(7.,14.4),.PIECEWISE_BEZIER_KNOTS.);
#1850 = CARTESIAN_POINT('',(36.1,-14.));
#1851 = CARTESIAN_POINT('',(36.1,-21.4));
#1852 = ( GEOMETRIC_REPRESENTATION_CONTEXT(2) 
PARAMETRIC_REPRESENTATION_CONTEXT() REPRESENTATION_CONTEXT('2D SPACE',''
  ) );
#1853 = PCURVE('',#1854,#1859);
#1854 = PLANE('',#1855);
#1855 = AXIS2_PLACEMENT_3D('',#1856,#1857,#1858);
#1856 = CARTESIAN_POINT('',(-1.,66.5,13.));
#1857 = DIRECTION('',(-0.,1.,0.));
#1858 = DIRECTION('',(0.,0.,1.));
#1859 = DEFINITIONAL_REPRESENTATION('',(#1860),#1863);
#1860 = B_SPLINE_CURVE_WITH_KNOTS('',1,(#1861,#1862),.UNSPECIFIED.,.F.,
  .F.,(2,2),(7.,14.4),.PIECEWISE_BEZIER_KNOTS.);
#1861 = CARTESIAN_POINT('',(0.,3.4));
#1862 = CARTESIAN_POINT('',(7.4,3.4));
#1863 = ( GEOMETRIC_REPRESENTATION_CONTEXT(2) 
PARAMETRIC_REPRESENTATION_CONTEXT() REPRESENTATION_CONTEXT('2D SPACE',''
  ) );
#1864 = FACE_BOUND('',#1865,.T.);
#1865 = EDGE_LOOP('',(#1866,#1894,#1920,#1946));
#1866 = ORIENTED_EDGE('',*,*,#1867,.T.);
#1867 = EDGE_CURVE('',#1868,#1870,#1872,.T.);
#1868 = VERTEX_POINT('',#1869);
#1869 = CARTESIAN_POINT('',(2.4,60.5,13.));
#1870 = VERTEX_POINT('',#1871);
#1871 = CARTESIAN_POINT('',(2.4,58.,13.));
#1872 = SURFACE_CURVE('',#1873,(#1877,#1883),.PCURVE_S1.);
#1873 = LINE('',#1874,#1875);
#1874 = CARTESIAN_POINT('',(2.4,80.3,13.));
#1875 = VECTOR('',#1876,1.);
#1876 = DIRECTION('',(0.,-1.,0.));
#1877 = PCURVE('',#411,#1878);
#1878 = DEFINITIONAL_REPRESENTATION('',(#1879),#1882);
#1879 = B_SPLINE_CURVE_WITH_KNOTS('',1,(#1880,#1881),.UNSPECIFIED.,.F.,
  .F.,(2,2),(19.8,22.3),.PIECEWISE_BEZIER_KNOTS.);
#1880 = CARTESIAN_POINT('',(42.1,-14.));
#1881 = CARTESIAN_POINT('',(44.6,-14.));
#1882 = ( GEOMETRIC_REPRESENTATION_CONTEXT(2) 
PARAMETRIC_REPRESENTATION_CONTEXT() REPRESENTATION_CONTEXT('2D SPACE',''
  ) );
#1883 = PCURVE('',#1884,#1889);
#1884 = PLANE('',#1885);
#1885 = AXIS2_PLACEMENT_3D('',#1886,#1887,#1888);
#1886 = CARTESIAN_POINT('',(-1.,58.,13.));
#1887 = DIRECTION('',(0.,0.,1.));
#1888 = DIRECTION('',(1.,0.,-0.));
#1889 = DEFINITIONAL_REPRESENTATION('',(#1890),#1893);
#1890 = B_SPLINE_CURVE_WITH_KNOTS('',1,(#1891,#1892),.UNSPECIFIED.,.F.,
  .F.,(2,2),(19.8,22.3),.PIECEWISE_BEZIER_KNOTS.);
#1891 = CARTESIAN_POINT('',(3.4,2.5));
#1892 = CARTESIAN_POINT('',(3.4,0.));
#1893 = ( GEOMETRIC_REPRESENTATION_CONTEXT(2) 
PARAMETRIC_REPRESENTATION_CONTEXT() REPRESENTATION_CONTEXT('2D SPACE',''
  ) );
#1894 = ORIENTED_EDGE('',*,*,#1895,.T.);
#1895 = EDGE_CURVE('',#1870,#1896,#1898,.T.);
#1896 = VERTEX_POINT('',#1897);
#1897 = CARTESIAN_POINT('',(2.4,58.,20.4));
#1898 = SURFACE_CURVE('',#1899,(#1903,#1909),.PCURVE_S1.);
#1899 = LINE('',#1900,#1901);
#1900 = CARTESIAN_POINT('',(2.4,58.,6.));
#1901 = VECTOR('',#1902,1.);
#1902 = DIRECTION('',(0.,0.,1.));
#1903 = PCURVE('',#411,#1904);
#1904 = DEFINITIONAL_REPRESENTATION('',(#1905),#1908);
#1905 = B_SPLINE_CURVE_WITH_KNOTS('',1,(#1906,#1907),.UNSPECIFIED.,.F.,
  .F.,(2,2),(7.,14.4),.PIECEWISE_BEZIER_KNOTS.);
#1906 = CARTESIAN_POINT('',(44.6,-14.));
#1907 = CARTESIAN_POINT('',(44.6,-21.4));
#1908 = ( GEOMETRIC_REPRESENTATION_CONTEXT(2) 
PARAMETRIC_REPRESENTATION_CONTEXT() REPRESENTATION_CONTEXT('2D SPACE',''
  ) );
#1909 = PCURVE('',#1910,#1915);
#1910 = PLANE('',#1911);
#1911 = AXIS2_PLACEMENT_3D('',#1912,#1913,#1914);
#1912 = CARTESIAN_POINT('',(-1.,58.,13.));
#1913 = DIRECTION('',(-0.,1.,0.));
#1914 = DIRECTION('',(0.,0.,1.));
#1915 = DEFINITIONAL_REPRESENTATION('',(#1916),#1919);
#1916 = B_SPLINE_CURVE_WITH_KNOTS('',1,(#1917,#1918),.UNSPECIFIED.,.F.,
  .F.,(2,2),(7.,14.4),.PIECEWISE_BEZIER_KNOTS.);
#1917 = CARTESIAN_POINT('',(0.,3.4));
#1918 = CARTESIAN_POINT('',(7.4,3.4));
#1919 = ( GEOMETRIC_REPRESENTATION_CONTEXT(2) 
PARAMETRIC_REPRESENTATION_CONTEXT() REPRESENTATION_CONTEXT('2D SPACE',''
  ) );
#1920 = ORIENTED_EDGE('',*,*,#1921,.F.);
#1921 = EDGE_CURVE('',#1922,#1896,#1924,.T.);
#1922 = VERTEX_POINT('',#1923);
#1923 = CARTESIAN_POINT('',(2.4,60.5,20.4));
#1924 = SURFACE_CURVE('',#1925,(#1929,#1935),.PCURVE_S1.);
#1925 = LINE('',#1926,#1927);
#1926 = CARTESIAN_POINT('',(2.4,80.3,20.4));
#1927 = VECTOR('',#1928,1.);
#1928 = DIRECTION('',(0.,-1.,0.));
#1929 = PCURVE('',#411,#1930);
#1930 = DEFINITIONAL_REPRESENTATION('',(#1931),#1934);
#1931 = B_SPLINE_CURVE_WITH_KNOTS('',1,(#1932,#1933),.UNSPECIFIED.,.F.,
  .F.,(2,2),(19.8,22.3),.PIECEWISE_BEZIER_KNOTS.);
#1932 = CARTESIAN_POINT('',(42.1,-21.4));
#1933 = CARTESIAN_POINT('',(44.6,-21.4));
#1934 = ( GEOMETRIC_REPRESENTATION_CONTEXT(2) 
PARAMETRIC_REPRESENTATION_CONTEXT() REPRESENTATION_CONTEXT('2D SPACE',''
  ) );
#1935 = PCURVE('',#1936,#1941);
#1936 = PLANE('',#1937);
#1937 = AXIS2_PLACEMENT_3D('',#1938,#1939,#1940);
#1938 = CARTESIAN_POINT('',(-1.,58.,20.4));
#1939 = DIRECTION('',(0.,0.,1.));
#1940 = DIRECTION('',(1.,0.,-0.));
#1941 = DEFINITIONAL_REPRESENTATION('',(#1942),#1945);
#1942 = B_SPLINE_CURVE_WITH_KNOTS('',1,(#1943,#1944),.UNSPECIFIED.,.F.,
  .F.,(2,2),(19.8,22.3),.PIECEWISE_BEZIER_KNOTS.);
#1943 = CARTESIAN_POINT('',(3.4,2.5));
#1944 = CARTESIAN_POINT('',(3.4,0.));
#1945 = ( GEOMETRIC_REPRESENTATION_CONTEXT(2) 
PARAMETRIC_REPRESENTATION_CONTEXT() REPRESENTATION_CONTEXT('2D SPACE',''
  ) );
#1946 = ORIENTED_EDGE('',*,*,#1947,.F.);
#1947 = EDGE_CURVE('',#1868,#1922,#1948,.T.);
#1948 = SURFACE_CURVE('',#1949,(#1953,#1959),.PCURVE_S1.);
#1949 = LINE('',#1950,#1951);
#1950 = CARTESIAN_POINT('',(2.4,60.5,6.));
#1951 = VECTOR('',#1952,1.);
#1952 = DIRECTION('',(0.,0.,1.));
#1953 = PCURVE('',#411,#1954);
#1954 = DEFINITIONAL_REPRESENTATION('',(#1955),#1958);
#1955 = B_SPLINE_CURVE_WITH_KNOTS('',1,(#1956,#1957),.UNSPECIFIED.,.F.,
  .F.,(2,2),(7.,14.4),.PIECEWISE_BEZIER_KNOTS.);
#1956 = CARTESIAN_POINT('',(42.1,-14.));
#1957 = CARTESIAN_POINT('',(42.1,-21.4));
#1958 = ( GEOMETRIC_REPRESENTATION_CONTEXT(2) 
PARAMETRIC_REPRESENTATION_CONTEXT() REPRESENTATION_CONTEXT('2D SPACE',''
  ) );
#1959 = PCURVE('',#1960,#1965);
#1960 = PLANE('',#1961);
#1961 = AXIS2_PLACEMENT_3D('',#1962,#1963,#1964);
#1962 = CARTESIAN_POINT('',(-1.,60.5,13.));
#1963 = DIRECTION('',(-0.,1.,0.));
#1964 = DIRECTION('',(0.,0.,1.));
#1965 = DEFINITIONAL_REPRESENTATION('',(#1966),#1969);
#1966 = B_SPLINE_CURVE_WITH_KNOTS('',1,(#1967,#1968),.UNSPECIFIED.,.F.,
  .F.,(2,2),(7.,14.4),.PIECEWISE_BEZIER_KNOTS.);
#1967 = CARTESIAN_POINT('',(0.,3.4));
#1968 = CARTESIAN_POINT('',(7.4,3.4));
#1969 = ( GEOMETRIC_REPRESENTATION_CONTEXT(2) 
PARAMETRIC_REPRESENTATION_CONTEXT() REPRESENTATION_CONTEXT('2D SPACE',''
  ) );
#1970 = FACE_BOUND('',#1971,.T.);
#1971 = EDGE_LOOP('',(#1972,#2000,#2026,#2052));
#1972 = ORIENTED_EDGE('',*,*,#1973,.T.);
#1973 = EDGE_CURVE('',#1974,#1976,#1978,.T.);
#1974 = VERTEX_POINT('',#1975);
#1975 = CARTESIAN_POINT('',(2.4,54.5,13.));
#1976 = VERTEX_POINT('',#1977);
#1977 = CARTESIAN_POINT('',(2.4,52.,13.));
#1978 = SURFACE_CURVE('',#1979,(#1983,#1989),.PCURVE_S1.);
#1979 = LINE('',#1980,#1981);
#1980 = CARTESIAN_POINT('',(2.4,77.3,13.));
#1981 = VECTOR('',#1982,1.);
#1982 = DIRECTION('',(0.,-1.,0.));
#1983 = PCURVE('',#411,#1984);
#1984 = DEFINITIONAL_REPRESENTATION('',(#1985),#1988);
#1985 = B_SPLINE_CURVE_WITH_KNOTS('',1,(#1986,#1987),.UNSPECIFIED.,.F.,
  .F.,(2,2),(22.8,25.3),.PIECEWISE_BEZIER_KNOTS.);
#1986 = CARTESIAN_POINT('',(48.1,-14.));
#1987 = CARTESIAN_POINT('',(50.6,-14.));
#1988 = ( GEOMETRIC_REPRESENTATION_CONTEXT(2) 
PARAMETRIC_REPRESENTATION_CONTEXT() REPRESENTATION_CONTEXT('2D SPACE',''
  ) );
#1989 = PCURVE('',#1990,#1995);
#1990 = PLANE('',#1991);
#1991 = AXIS2_PLACEMENT_3D('',#1992,#1993,#1994);
#1992 = CARTESIAN_POINT('',(-1.,52.,13.));
#1993 = DIRECTION('',(0.,0.,1.));
#1994 = DIRECTION('',(1.,0.,-0.));
#1995 = DEFINITIONAL_REPRESENTATION('',(#1996),#1999);
#1996 = B_SPLINE_CURVE_WITH_KNOTS('',1,(#1997,#1998),.UNSPECIFIED.,.F.,
  .F.,(2,2),(22.8,25.3),.PIECEWISE_BEZIER_KNOTS.);
#1997 = CARTESIAN_POINT('',(3.4,2.5));
#1998 = CARTESIAN_POINT('',(3.4,0.));
#1999 = ( GEOMETRIC_REPRESENTATION_CONTEXT(2) 
PARAMETRIC_REPRESENTATION_CONTEXT() REPRESENTATION_CONTEXT('2D SPACE',''
  ) );
#2000 = ORIENTED_EDGE('',*,*,#2001,.T.);
#2001 = EDGE_CURVE('',#1976,#2002,#2004,.T.);
#2002 = VERTEX_POINT('',#2003);
#2003 = CARTESIAN_POINT('',(2.4,52.,20.4));
#2004 = SURFACE_CURVE('',#2005,(#2009,#2015),.PCURVE_S1.);
#2005 = LINE('',#2006,#2007);
#2006 = CARTESIAN_POINT('',(2.4,52.,6.));
#2007 = VECTOR('',#2008,1.);
#2008 = DIRECTION('',(0.,0.,1.));
#2009 = PCURVE('',#411,#2010);
#2010 = DEFINITIONAL_REPRESENTATION('',(#2011),#2014);
#2011 = B_SPLINE_CURVE_WITH_KNOTS('',1,(#2012,#2013),.UNSPECIFIED.,.F.,
  .F.,(2,2),(7.,14.4),.PIECEWISE_BEZIER_KNOTS.);
#2012 = CARTESIAN_POINT('',(50.6,-14.));
#2013 = CARTESIAN_POINT('',(50.6,-21.4));
#2014 = ( GEOMETRIC_REPRESENTATION_CONTEXT(2) 
PARAMETRIC_REPRESENTATION_CONTEXT() REPRESENTATION_CONTEXT('2D SPACE',''
  ) );
#2015 = PCURVE('',#2016,#2021);
#2016 = PLANE('',#2017);
#2017 = AXIS2_PLACEMENT_3D('',#2018,#2019,#2020);
#2018 = CARTESIAN_POINT('',(-1.,52.,13.));
#2019 = DIRECTION('',(-0.,1.,0.));
#2020 = DIRECTION('',(0.,0.,1.));
#2021 = DEFINITIONAL_REPRESENTATION('',(#2022),#2025);
#2022 = B_SPLINE_CURVE_WITH_KNOTS('',1,(#2023,#2024),.UNSPECIFIED.,.F.,
  .F.,(2,2),(7.,14.4),.PIECEWISE_BEZIER_KNOTS.);
#2023 = CARTESIAN_POINT('',(0.,3.4));
#2024 = CARTESIAN_POINT('',(7.4,3.4));
#2025 = ( GEOMETRIC_REPRESENTATION_CONTEXT(2) 
PARAMETRIC_REPRESENTATION_CONTEXT() REPRESENTATION_CONTEXT('2D SPACE',''
  ) );
#2026 = ORIENTED_EDGE('',*,*,#2027,.F.);
#2027 = EDGE_CURVE('',#2028,#2002,#2030,.T.);
#2028 = VERTEX_POINT('',#2029);
#2029 = CARTESIAN_POINT('',(2.4,54.5,20.4));
#2030 = SURFACE_CURVE('',#2031,(#2035,#2041),.PCURVE_S1.);
#2031 = LINE('',#2032,#2033);
#2032 = CARTESIAN_POINT('',(2.4,77.3,20.4));
#2033 = VECTOR('',#2034,1.);
#2034 = DIRECTION('',(0.,-1.,0.));
#2035 = PCURVE('',#411,#2036);
#2036 = DEFINITIONAL_REPRESENTATION('',(#2037),#2040);
#2037 = B_SPLINE_CURVE_WITH_KNOTS('',1,(#2038,#2039),.UNSPECIFIED.,.F.,
  .F.,(2,2),(22.8,25.3),.PIECEWISE_BEZIER_KNOTS.);
#2038 = CARTESIAN_POINT('',(48.1,-21.4));
#2039 = CARTESIAN_POINT('',(50.6,-21.4));
#2040 = ( GEOMETRIC_REPRESENTATION_CONTEXT(2) 
PARAMETRIC_REPRESENTATION_CONTEXT() REPRESENTATION_CONTEXT('2D SPACE',''
  ) );
#2041 = PCURVE('',#2042,#2047);
#2042 = PLANE('',#2043);
#2043 = AXIS2_PLACEMENT_3D('',#2044,#2045,#2046);
#2044 = CARTESIAN_POINT('',(-1.,52.,20.4));
#2045 = DIRECTION('',(0.,0.,1.));
#2046 = DIRECTION('',(1.,0.,-0.));
#2047 = DEFINITIONAL_REPRESENTATION('',(#2048),#2051);
#2048 = B_SPLINE_CURVE_WITH_KNOTS('',1,(#2049,#2050),.UNSPECIFIED.,.F.,
  .F.,(2,2),(22.8,25.3),.PIECEWISE_BEZIER_KNOTS.);
#2049 = CARTESIAN_POINT('',(3.4,2.5));
#2050 = CARTESIAN_POINT('',(3.4,0.));
#2051 = ( GEOMETRIC_REPRESENTATION_CONTEXT(2) 
PARAMETRIC_REPRESENTATION_CONTEXT() REPRESENTATION_CONTEXT('2D SPACE',''
  ) );
#2052 = ORIENTED_EDGE('',*,*,#2053,.F.);
#2053 = EDGE_CURVE('',#1974,#2028,#2054,.T.);
#2054 = SURFACE_CURVE('',#2055,(#2059,#2065),.PCURVE_S1.);
#2055 = LINE('',#2056,#2057);
#2056 = CARTESIAN_POINT('',(2.4,54.5,6.));
#2057 = VECTOR('',#2058,1.);
#2058 = DIRECTION('',(0.,0.,1.));
#2059 = PCURVE('',#411,#2060);
#2060 = DEFINITIONAL_REPRESENTATION('',(#2061),#2064);
#2061 = B_SPLINE_CURVE_WITH_KNOTS('',1,(#2062,#2063),.UNSPECIFIED.,.F.,
  .F.,(2,2),(7.,14.4),.PIECEWISE_BEZIER_KNOTS.);
#2062 = CARTESIAN_POINT('',(48.1,-14.));
#2063 = CARTESIAN_POINT('',(48.1,-21.4));
#2064 = ( GEOMETRIC_REPRESENTATION_CONTEXT(2) 
PARAMETRIC_REPRESENTATION_CONTEXT() REPRESENTATION_CONTEXT('2D SPACE',''
  ) );
#2065 = PCURVE('',#2066,#2071);
#2066 = PLANE('',#2067);
#2067 = AXIS2_PLACEMENT_3D('',#2068,#2069,#2070);
#2068 = CARTESIAN_POINT('',(-1.,54.5,13.));
#2069 = DIRECTION('',(-0.,1.,0.));
#2070 = DIRECTION('',(0.,0.,1.));
#2071 = DEFINITIONAL_REPRESENTATION('',(#2072),#2075);
#2072 = B_SPLINE_CURVE_WITH_KNOTS('',1,(#2073,#2074),.UNSPECIFIED.,.F.,
  .F.,(2,2),(7.,14.4),.PIECEWISE_BEZIER_KNOTS.);
#2073 = CARTESIAN_POINT('',(0.,3.4));
#2074 = CARTESIAN_POINT('',(7.4,3.4));
#2075 = ( GEOMETRIC_REPRESENTATION_CONTEXT(2) 
PARAMETRIC_REPRESENTATION_CONTEXT() REPRESENTATION_CONTEXT('2D SPACE',''
  ) );
#2076 = FACE_BOUND('',#2077,.T.);
#2077 = EDGE_LOOP('',(#2078,#2106,#2132,#2158));
#2078 = ORIENTED_EDGE('',*,*,#2079,.T.);
#2079 = EDGE_CURVE('',#2080,#2082,#2084,.T.);
#2080 = VERTEX_POINT('',#2081);
#2081 = CARTESIAN_POINT('',(2.4,48.5,13.));
#2082 = VERTEX_POINT('',#2083);
#2083 = CARTESIAN_POINT('',(2.4,46.,13.));
#2084 = SURFACE_CURVE('',#2085,(#2089,#2095),.PCURVE_S1.);
#2085 = LINE('',#2086,#2087);
#2086 = CARTESIAN_POINT('',(2.4,74.3,13.));
#2087 = VECTOR('',#2088,1.);
#2088 = DIRECTION('',(0.,-1.,0.));
#2089 = PCURVE('',#411,#2090);
#2090 = DEFINITIONAL_REPRESENTATION('',(#2091),#2094);
#2091 = B_SPLINE_CURVE_WITH_KNOTS('',1,(#2092,#2093),.UNSPECIFIED.,.F.,
  .F.,(2,2),(25.8,28.3),.PIECEWISE_BEZIER_KNOTS.);
#2092 = CARTESIAN_POINT('',(54.1,-14.));
#2093 = CARTESIAN_POINT('',(56.6,-14.));
#2094 = ( GEOMETRIC_REPRESENTATION_CONTEXT(2) 
PARAMETRIC_REPRESENTATION_CONTEXT() REPRESENTATION_CONTEXT('2D SPACE',''
  ) );
#2095 = PCURVE('',#2096,#2101);
#2096 = PLANE('',#2097);
#2097 = AXIS2_PLACEMENT_3D('',#2098,#2099,#2100);
#2098 = CARTESIAN_POINT('',(-1.,46.,13.));
#2099 = DIRECTION('',(0.,0.,1.));
#2100 = DIRECTION('',(1.,0.,-0.));
#2101 = DEFINITIONAL_REPRESENTATION('',(#2102),#2105);
#2102 = B_SPLINE_CURVE_WITH_KNOTS('',1,(#2103,#2104),.UNSPECIFIED.,.F.,
  .F.,(2,2),(25.8,28.3),.PIECEWISE_BEZIER_KNOTS.);
#2103 = CARTESIAN_POINT('',(3.4,2.5));
#2104 = CARTESIAN_POINT('',(3.4,0.));
#2105 = ( GEOMETRIC_REPRESENTATION_CONTEXT(2) 
PARAMETRIC_REPRESENTATION_CONTEXT() REPRESENTATION_CONTEXT('2D SPACE',''
  ) );
#2106 = ORIENTED_EDGE('',*,*,#2107,.T.);
#2107 = EDGE_CURVE('',#2082,#2108,#2110,.T.);
#2108 = VERTEX_POINT('',#2109);
#2109 = CARTESIAN_POINT('',(2.4,46.,20.4));
#2110 = SURFACE_CURVE('',#2111,(#2115,#2121),.PCURVE_S1.);
#2111 = LINE('',#2112,#2113);
#2112 = CARTESIAN_POINT('',(2.4,46.,6.));
#2113 = VECTOR('',#2114,1.);
#2114 = DIRECTION('',(0.,0.,1.));
#2115 = PCURVE('',#411,#2116);
#2116 = DEFINITIONAL_REPRESENTATION('',(#2117),#2120);
#2117 = B_SPLINE_CURVE_WITH_KNOTS('',1,(#2118,#2119),.UNSPECIFIED.,.F.,
  .F.,(2,2),(7.,14.4),.PIECEWISE_BEZIER_KNOTS.);
#2118 = CARTESIAN_POINT('',(56.6,-14.));
#2119 = CARTESIAN_POINT('',(56.6,-21.4));
#2120 = ( GEOMETRIC_REPRESENTATION_CONTEXT(2) 
PARAMETRIC_REPRESENTATION_CONTEXT() REPRESENTATION_CONTEXT('2D SPACE',''
  ) );
#2121 = PCURVE('',#2122,#2127);
#2122 = PLANE('',#2123);
#2123 = AXIS2_PLACEMENT_3D('',#2124,#2125,#2126);
#2124 = CARTESIAN_POINT('',(-1.,46.,13.));
#2125 = DIRECTION('',(-0.,1.,0.));
#2126 = DIRECTION('',(0.,0.,1.));
#2127 = DEFINITIONAL_REPRESENTATION('',(#2128),#2131);
#2128 = B_SPLINE_CURVE_WITH_KNOTS('',1,(#2129,#2130),.UNSPECIFIED.,.F.,
  .F.,(2,2),(7.,14.4),.PIECEWISE_BEZIER_KNOTS.);
#2129 = CARTESIAN_POINT('',(0.,3.4));
#2130 = CARTESIAN_POINT('',(7.4,3.4));
#2131 = ( GEOMETRIC_REPRESENTATION_CONTEXT(2) 
PARAMETRIC_REPRESENTATION_CONTEXT() REPRESENTATION_CONTEXT('2D SPACE',''
  ) );
#2132 = ORIENTED_EDGE('',*,*,#2133,.F.);
#2133 = EDGE_CURVE('',#2134,#2108,#2136,.T.);
#2134 = VERTEX_POINT('',#2135);
#2135 = CARTESIAN_POINT('',(2.4,48.5,20.4));
#2136 = SURFACE_CURVE('',#2137,(#2141,#2147),.PCURVE_S1.);
#2137 = LINE('',#2138,#2139);
#2138 = CARTESIAN_POINT('',(2.4,74.3,20.4));
#2139 = VECTOR('',#2140,1.);
#2140 = DIRECTION('',(0.,-1.,0.));
#2141 = PCURVE('',#411,#2142);
#2142 = DEFINITIONAL_REPRESENTATION('',(#2143),#2146);
#2143 = B_SPLINE_CURVE_WITH_KNOTS('',1,(#2144,#2145),.UNSPECIFIED.,.F.,
  .F.,(2,2),(25.8,28.3),.PIECEWISE_BEZIER_KNOTS.);
#2144 = CARTESIAN_POINT('',(54.1,-21.4));
#2145 = CARTESIAN_POINT('',(56.6,-21.4));
#2146 = ( GEOMETRIC_REPRESENTATION_CONTEXT(2) 
PARAMETRIC_REPRESENTATION_CONTEXT() REPRESENTATION_CONTEXT('2D SPACE',''
  ) );
#2147 = PCURVE('',#2148,#2153);
#2148 = PLANE('',#2149);
#2149 = AXIS2_PLACEMENT_3D('',#2150,#2151,#2152);
#2150 = CARTESIAN_POINT('',(-1.,46.,20.4));
#2151 = DIRECTION('',(0.,0.,1.));
#2152 = DIRECTION('',(1.,0.,-0.));
#2153 = DEFINITIONAL_REPRESENTATION('',(#2154),#2157);
#2154 = B_SPLINE_CURVE_WITH_KNOTS('',1,(#2155,#2156),.UNSPECIFIED.,.F.,
  .F.,(2,2),(25.8,28.3),.PIECEWISE_BEZIER_KNOTS.);
#2155 = CARTESIAN_POINT('',(3.4,2.5));
#2156 = CARTESIAN_POINT('',(3.4,0.));
#2157 = ( GEOMETRIC_REPRESENTATION_CONTEXT(2) 
PARAMETRIC_REPRESENTATION_CONTEXT() REPRESENTATION_CONTEXT('2D SPACE',''
  ) );
#2158 = ORIENTED_EDGE('',*,*,#2159,.F.);
#2159 = EDGE_CURVE('',#2080,#2134,#2160,.T.);
#2160 = SURFACE_CURVE('',#2161,(#2165,#2171),.PCURVE_S1.);
#2161 = LINE('',#2162,#2163);
#2162 = CARTESIAN_POINT('',(2.4,48.5,6.));
#2163 = VECTOR('',#2164,1.);
#2164 = DIRECTION('',(0.,0.,1.));
#2165 = PCURVE('',#411,#2166);
#2166 = DEFINITIONAL_REPRESENTATION('',(#2167),#2170);
#2167 = B_SPLINE_CURVE_WITH_KNOTS('',1,(#2168,#2169),.UNSPECIFIED.,.F.,
  .F.,(2,2),(7.,14.4),.PIECEWISE_BEZIER_KNOTS.);
#2168 = CARTESIAN_POINT('',(54.1,-14.));
#2169 = CARTESIAN_POINT('',(54.1,-21.4));
#2170 = ( GEOMETRIC_REPRESENTATION_CONTEXT(2) 
PARAMETRIC_REPRESENTATION_CONTEXT() REPRESENTATION_CONTEXT('2D SPACE',''
  ) );
#2171 = PCURVE('',#2172,#2177);
#2172 = PLANE('',#2173);
#2173 = AXIS2_PLACEMENT_3D('',#2174,#2175,#2176);
#2174 = CARTESIAN_POINT('',(-1.,48.5,13.));
#2175 = DIRECTION('',(-0.,1.,0.));
#2176 = DIRECTION('',(0.,0.,1.));
#2177 = DEFINITIONAL_REPRESENTATION('',(#2178),#2181);
#2178 = B_SPLINE_CURVE_WITH_KNOTS('',1,(#2179,#2180),.UNSPECIFIED.,.F.,
  .F.,(2,2),(7.,14.4),.PIECEWISE_BEZIER_KNOTS.);
#2179 = CARTESIAN_POINT('',(0.,3.4));
#2180 = CARTESIAN_POINT('',(7.4,3.4));
#2181 = ( GEOMETRIC_REPRESENTATION_CONTEXT(2) 
PARAMETRIC_REPRESENTATION_CONTEXT() REPRESENTATION_CONTEXT('2D SPACE',''
  ) );
#2182 = FACE_BOUND('',#2183,.T.);
#2183 = EDGE_LOOP('',(#2184,#2212,#2238,#2264));
#2184 = ORIENTED_EDGE('',*,*,#2185,.T.);
#2185 = EDGE_CURVE('',#2186,#2188,#2190,.T.);
#2186 = VERTEX_POINT('',#2187);
#2187 = CARTESIAN_POINT('',(2.4,42.5,13.));
#2188 = VERTEX_POINT('',#2189);
#2189 = CARTESIAN_POINT('',(2.4,40.,13.));
#2190 = SURFACE_CURVE('',#2191,(#2195,#2201),.PCURVE_S1.);
#2191 = LINE('',#2192,#2193);
#2192 = CARTESIAN_POINT('',(2.4,71.3,13.));
#2193 = VECTOR('',#2194,1.);
#2194 = DIRECTION('',(0.,-1.,0.));
#2195 = PCURVE('',#411,#2196);
#2196 = DEFINITIONAL_REPRESENTATION('',(#2197),#2200);
#2197 = B_SPLINE_CURVE_WITH_KNOTS('',1,(#2198,#2199),.UNSPECIFIED.,.F.,
  .F.,(2,2),(28.8,31.3),.PIECEWISE_BEZIER_KNOTS.);
#2198 = CARTESIAN_POINT('',(60.1,-14.));
#2199 = CARTESIAN_POINT('',(62.6,-14.));
#2200 = ( GEOMETRIC_REPRESENTATION_CONTEXT(2) 
PARAMETRIC_REPRESENTATION_CONTEXT() REPRESENTATION_CONTEXT('2D SPACE',''
  ) );
#2201 = PCURVE('',#2202,#2207);
#2202 = PLANE('',#2203);
#2203 = AXIS2_PLACEMENT_3D('',#2204,#2205,#2206);
#2204 = CARTESIAN_POINT('',(-1.,40.,13.));
#2205 = DIRECTION('',(0.,0.,1.));
#2206 = DIRECTION('',(1.,0.,-0.));
#2207 = DEFINITIONAL_REPRESENTATION('',(#2208),#2211);
#2208 = B_SPLINE_CURVE_WITH_KNOTS('',1,(#2209,#2210),.UNSPECIFIED.,.F.,
  .F.,(2,2),(28.8,31.3),.PIECEWISE_BEZIER_KNOTS.);
#2209 = CARTESIAN_POINT('',(3.4,2.5));
#2210 = CARTESIAN_POINT('',(3.4,0.));
#2211 = ( GEOMETRIC_REPRESENTATION_CONTEXT(2) 
PARAMETRIC_REPRESENTATION_CONTEXT() REPRESENTATION_CONTEXT('2D SPACE',''
  ) );
#2212 = ORIENTED_EDGE('',*,*,#2213,.T.);
#2213 = EDGE_CURVE('',#2188,#2214,#2216,.T.);
#2214 = VERTEX_POINT('',#2215);
#2215 = CARTESIAN_POINT('',(2.4,40.,20.4));
#2216 = SURFACE_CURVE('',#2217,(#2221,#2227),.PCURVE_S1.);
#2217 = LINE('',#2218,#2219);
#2218 = CARTESIAN_POINT('',(2.4,40.,6.));
#2219 = VECTOR('',#2220,1.);
#2220 = DIRECTION('',(0.,0.,1.));
#2221 = PCURVE('',#411,#2222);
#2222 = DEFINITIONAL_REPRESENTATION('',(#2223),#2226);
#2223 = B_SPLINE_CURVE_WITH_KNOTS('',1,(#2224,#2225),.UNSPECIFIED.,.F.,
  .F.,(2,2),(7.,14.4),.PIECEWISE_BEZIER_KNOTS.);
#2224 = CARTESIAN_POINT('',(62.6,-14.));
#2225 = CARTESIAN_POINT('',(62.6,-21.4));
#2226 = ( GEOMETRIC_REPRESENTATION_CONTEXT(2) 
PARAMETRIC_REPRESENTATION_CONTEXT() REPRESENTATION_CONTEXT('2D SPACE',''
  ) );
#2227 = PCURVE('',#2228,#2233);
#2228 = PLANE('',#2229);
#2229 = AXIS2_PLACEMENT_3D('',#2230,#2231,#2232);
#2230 = CARTESIAN_POINT('',(-1.,40.,13.));
#2231 = DIRECTION('',(-0.,1.,0.));
#2232 = DIRECTION('',(0.,0.,1.));
#2233 = DEFINITIONAL_REPRESENTATION('',(#2234),#2237);
#2234 = B_SPLINE_CURVE_WITH_KNOTS('',1,(#2235,#2236),.UNSPECIFIED.,.F.,
  .F.,(2,2),(7.,14.4),.PIECEWISE_BEZIER_KNOTS.);
#2235 = CARTESIAN_POINT('',(0.,3.4));
#2236 = CARTESIAN_POINT('',(7.4,3.4));
#2237 = ( GEOMETRIC_REPRESENTATION_CONTEXT(2) 
PARAMETRIC_REPRESENTATION_CONTEXT() REPRESENTATION_CONTEXT('2D SPACE',''
  ) );
#2238 = ORIENTED_EDGE('',*,*,#2239,.F.);
#2239 = EDGE_CURVE('',#2240,#2214,#2242,.T.);
#2240 = VERTEX_POINT('',#2241);
#2241 = CARTESIAN_POINT('',(2.4,42.5,20.4));
#2242 = SURFACE_CURVE('',#2243,(#2247,#2253),.PCURVE_S1.);
#2243 = LINE('',#2244,#2245);
#2244 = CARTESIAN_POINT('',(2.4,71.3,20.4));
#2245 = VECTOR('',#2246,1.);
#2246 = DIRECTION('',(0.,-1.,0.));
#2247 = PCURVE('',#411,#2248);
#2248 = DEFINITIONAL_REPRESENTATION('',(#2249),#2252);
#2249 = B_SPLINE_CURVE_WITH_KNOTS('',1,(#2250,#2251),.UNSPECIFIED.,.F.,
  .F.,(2,2),(28.8,31.3),.PIECEWISE_BEZIER_KNOTS.);
#2250 = CARTESIAN_POINT('',(60.1,-21.4));
#2251 = CARTESIAN_POINT('',(62.6,-21.4));
#2252 = ( GEOMETRIC_REPRESENTATION_CONTEXT(2) 
PARAMETRIC_REPRESENTATION_CONTEXT() REPRESENTATION_CONTEXT('2D SPACE',''
  ) );
#2253 = PCURVE('',#2254,#2259);
#2254 = PLANE('',#2255);
#2255 = AXIS2_PLACEMENT_3D('',#2256,#2257,#2258);
#2256 = CARTESIAN_POINT('',(-1.,40.,20.4));
#2257 = DIRECTION('',(0.,0.,1.));
#2258 = DIRECTION('',(1.,0.,-0.));
#2259 = DEFINITIONAL_REPRESENTATION('',(#2260),#2263);
#2260 = B_SPLINE_CURVE_WITH_KNOTS('',1,(#2261,#2262),.UNSPECIFIED.,.F.,
  .F.,(2,2),(28.8,31.3),.PIECEWISE_BEZIER_KNOTS.);
#2261 = CARTESIAN_POINT('',(3.4,2.5));
#2262 = CARTESIAN_POINT('',(3.4,0.));
#2263 = ( GEOMETRIC_REPRESENTATION_CONTEXT(2) 
PARAMETRIC_REPRESENTATION_CONTEXT() REPRESENTATION_CONTEXT('2D SPACE',''
  ) );
#2264 = ORIENTED_EDGE('',*,*,#2265,.F.);
#2265 = EDGE_CURVE('',#2186,#2240,#2266,.T.);
#2266 = SURFACE_CURVE('',#2267,(#2271,#2277),.PCURVE_S1.);
#2267 = LINE('',#2268,#2269);
#2268 = CARTESIAN_POINT('',(2.4,42.5,6.));
#2269 = VECTOR('',#2270,1.);
#2270 = DIRECTION('',(0.,0.,1.));
#2271 = PCURVE('',#411,#2272);
#2272 = DEFINITIONAL_REPRESENTATION('',(#2273),#2276);
#2273 = B_SPLINE_CURVE_WITH_KNOTS('',1,(#2274,#2275),.UNSPECIFIED.,.F.,
  .F.,(2,2),(7.,14.4),.PIECEWISE_BEZIER_KNOTS.);
#2274 = CARTESIAN_POINT('',(60.1,-14.));
#2275 = CARTESIAN_POINT('',(60.1,-21.4));
#2276 = ( GEOMETRIC_REPRESENTATION_CONTEXT(2) 
PARAMETRIC_REPRESENTATION_CONTEXT() REPRESENTATION_CONTEXT('2D SPACE',''
  ) );
#2277 = PCURVE('',#2278,#2283);
#2278 = PLANE('',#2279);
#2279 = AXIS2_PLACEMENT_3D('',#2280,#2281,#2282);
#2280 = CARTESIAN_POINT('',(-1.,42.5,13.));
#2281 = DIRECTION('',(-0.,1.,0.));
#2282 = DIRECTION('',(0.,0.,1.));
#2283 = DEFINITIONAL_REPRESENTATION('',(#2284),#2287);
#2284 = B_SPLINE_CURVE_WITH_KNOTS('',1,(#2285,#2286),.UNSPECIFIED.,.F.,
  .F.,(2,2),(7.,14.4),.PIECEWISE_BEZIER_KNOTS.);
#2285 = CARTESIAN_POINT('',(0.,3.4));
#2286 = CARTESIAN_POINT('',(7.4,3.4));
#2287 = ( GEOMETRIC_REPRESENTATION_CONTEXT(2) 
PARAMETRIC_REPRESENTATION_CONTEXT() REPRESENTATION_CONTEXT('2D SPACE',''
  ) );
#2288 = FACE_BOUND('',#2289,.T.);
#2289 = EDGE_LOOP('',(#2290,#2318,#2344,#2370));
#2290 = ORIENTED_EDGE('',*,*,#2291,.T.);
#2291 = EDGE_CURVE('',#2292,#2294,#2296,.T.);
#2292 = VERTEX_POINT('',#2293);
#2293 = CARTESIAN_POINT('',(2.4,36.5,13.));
#2294 = VERTEX_POINT('',#2295);
#2295 = CARTESIAN_POINT('',(2.4,34.,13.));
#2296 = SURFACE_CURVE('',#2297,(#2301,#2307),.PCURVE_S1.);
#2297 = LINE('',#2298,#2299);
#2298 = CARTESIAN_POINT('',(2.4,68.3,13.));
#2299 = VECTOR('',#2300,1.);
#2300 = DIRECTION('',(0.,-1.,0.));
#2301 = PCURVE('',#411,#2302);
#2302 = DEFINITIONAL_REPRESENTATION('',(#2303),#2306);
#2303 = B_SPLINE_CURVE_WITH_KNOTS('',1,(#2304,#2305),.UNSPECIFIED.,.F.,
  .F.,(2,2),(31.8,34.3),.PIECEWISE_BEZIER_KNOTS.);
#2304 = CARTESIAN_POINT('',(66.1,-14.));
#2305 = CARTESIAN_POINT('',(68.6,-14.));
#2306 = ( GEOMETRIC_REPRESENTATION_CONTEXT(2) 
PARAMETRIC_REPRESENTATION_CONTEXT() REPRESENTATION_CONTEXT('2D SPACE',''
  ) );
#2307 = PCURVE('',#2308,#2313);
#2308 = PLANE('',#2309);
#2309 = AXIS2_PLACEMENT_3D('',#2310,#2311,#2312);
#2310 = CARTESIAN_POINT('',(-1.,34.,13.));
#2311 = DIRECTION('',(0.,0.,1.));
#2312 = DIRECTION('',(1.,0.,-0.));
#2313 = DEFINITIONAL_REPRESENTATION('',(#2314),#2317);
#2314 = B_SPLINE_CURVE_WITH_KNOTS('',1,(#2315,#2316),.UNSPECIFIED.,.F.,
  .F.,(2,2),(31.8,34.3),.PIECEWISE_BEZIER_KNOTS.);
#2315 = CARTESIAN_POINT('',(3.4,2.5));
#2316 = CARTESIAN_POINT('',(3.4,0.));
#2317 = ( GEOMETRIC_REPRESENTATION_CONTEXT(2) 
PARAMETRIC_REPRESENTATION_CONTEXT() REPRESENTATION_CONTEXT('2D SPACE',''
  ) );
#2318 = ORIENTED_EDGE('',*,*,#2319,.T.);
#2319 = EDGE_CURVE('',#2294,#2320,#2322,.T.);
#2320 = VERTEX_POINT('',#2321);
#2321 = CARTESIAN_POINT('',(2.4,34.,20.4));
#2322 = SURFACE_CURVE('',#2323,(#2327,#2333),.PCURVE_S1.);
#2323 = LINE('',#2324,#2325);
#2324 = CARTESIAN_POINT('',(2.4,34.,6.));
#2325 = VECTOR('',#2326,1.);
#2326 = DIRECTION('',(0.,0.,1.));
#2327 = PCURVE('',#411,#2328);
#2328 = DEFINITIONAL_REPRESENTATION('',(#2329),#2332);
#2329 = B_SPLINE_CURVE_WITH_KNOTS('',1,(#2330,#2331),.UNSPECIFIED.,.F.,
  .F.,(2,2),(7.,14.4),.PIECEWISE_BEZIER_KNOTS.);
#2330 = CARTESIAN_POINT('',(68.6,-14.));
#2331 = CARTESIAN_POINT('',(68.6,-21.4));
#2332 = ( GEOMETRIC_REPRESENTATION_CONTEXT(2) 
PARAMETRIC_REPRESENTATION_CONTEXT() REPRESENTATION_CONTEXT('2D SPACE',''
  ) );
#2333 = PCURVE('',#2334,#2339);
#2334 = PLANE('',#2335);
#2335 = AXIS2_PLACEMENT_3D('',#2336,#2337,#2338);
#2336 = CARTESIAN_POINT('',(-1.,34.,13.));
#2337 = DIRECTION('',(-0.,1.,0.));
#2338 = DIRECTION('',(0.,0.,1.));
#2339 = DEFINITIONAL_REPRESENTATION('',(#2340),#2343);
#2340 = B_SPLINE_CURVE_WITH_KNOTS('',1,(#2341,#2342),.UNSPECIFIED.,.F.,
  .F.,(2,2),(7.,14.4),.PIECEWISE_BEZIER_KNOTS.);
#2341 = CARTESIAN_POINT('',(0.,3.4));
#2342 = CARTESIAN_POINT('',(7.4,3.4));
#2343 = ( GEOMETRIC_REPRESENTATION_CONTEXT(2) 
PARAMETRIC_REPRESENTATION_CONTEXT() REPRESENTATION_CONTEXT('2D SPACE',''
  ) );
#2344 = ORIENTED_EDGE('',*,*,#2345,.F.);
#2345 = EDGE_CURVE('',#2346,#2320,#2348,.T.);
#2346 = VERTEX_POINT('',#2347);
#2347 = CARTESIAN_POINT('',(2.4,36.5,20.4));
#2348 = SURFACE_CURVE('',#2349,(#2353,#2359),.PCURVE_S1.);
#2349 = LINE('',#2350,#2351);
#2350 = CARTESIAN_POINT('',(2.4,68.3,20.4));
#2351 = VECTOR('',#2352,1.);
#2352 = DIRECTION('',(0.,-1.,0.));
#2353 = PCURVE('',#411,#2354);
#2354 = DEFINITIONAL_REPRESENTATION('',(#2355),#2358);
#2355 = B_SPLINE_CURVE_WITH_KNOTS('',1,(#2356,#2357),.UNSPECIFIED.,.F.,
  .F.,(2,2),(31.8,34.3),.PIECEWISE_BEZIER_KNOTS.);
#2356 = CARTESIAN_POINT('',(66.1,-21.4));
#2357 = CARTESIAN_POINT('',(68.6,-21.4));
#2358 = ( GEOMETRIC_REPRESENTATION_CONTEXT(2) 
PARAMETRIC_REPRESENTATION_CONTEXT() REPRESENTATION_CONTEXT('2D SPACE',''
  ) );
#2359 = PCURVE('',#2360,#2365);
#2360 = PLANE('',#2361);
#2361 = AXIS2_PLACEMENT_3D('',#2362,#2363,#2364);
#2362 = CARTESIAN_POINT('',(-1.,34.,20.4));
#2363 = DIRECTION('',(0.,0.,1.));
#2364 = DIRECTION('',(1.,0.,-0.));
#2365 = DEFINITIONAL_REPRESENTATION('',(#2366),#2369);
#2366 = B_SPLINE_CURVE_WITH_KNOTS('',1,(#2367,#2368),.UNSPECIFIED.,.F.,
  .F.,(2,2),(31.8,34.3),.PIECEWISE_BEZIER_KNOTS.);
#2367 = CARTESIAN_POINT('',(3.4,2.5));
#2368 = CARTESIAN_POINT('',(3.4,0.));
#2369 = ( GEOMETRIC_REPRESENTATION_CONTEXT(2) 
PARAMETRIC_REPRESENTATION_CONTEXT() REPRESENTATION_CONTEXT('2D SPACE',''
  ) );
#2370 = ORIENTED_EDGE('',*,*,#2371,.F.);
#2371 = EDGE_CURVE('',#2292,#2346,#2372,.T.);
#2372 = SURFACE_CURVE('',#2373,(#2377,#2383),.PCURVE_S1.);
#2373 = LINE('',#2374,#2375);
#2374 = CARTESIAN_POINT('',(2.4,36.5,6.));
#2375 = VECTOR('',#2376,1.);
#2376 = DIRECTION('',(0.,0.,1.));
#2377 = PCURVE('',#411,#2378);
#2378 = DEFINITIONAL_REPRESENTATION('',(#2379),#2382);
#2379 = B_SPLINE_CURVE_WITH_KNOTS('',1,(#2380,#2381),.UNSPECIFIED.,.F.,
  .F.,(2,2),(7.,14.4),.PIECEWISE_BEZIER_KNOTS.);
#2380 = CARTESIAN_POINT('',(66.1,-14.));
#2381 = CARTESIAN_POINT('',(66.1,-21.4));
#2382 = ( GEOMETRIC_REPRESENTATION_CONTEXT(2) 
PARAMETRIC_REPRESENTATION_CONTEXT() REPRESENTATION_CONTEXT('2D SPACE',''
  ) );
#2383 = PCURVE('',#2384,#2389);
#2384 = PLANE('',#2385);
#2385 = AXIS2_PLACEMENT_3D('',#2386,#2387,#2388);
#2386 = CARTESIAN_POINT('',(-1.,36.5,13.));
#2387 = DIRECTION('',(-0.,1.,0.));
#2388 = DIRECTION('',(0.,0.,1.));
#2389 = DEFINITIONAL_REPRESENTATION('',(#2390),#2393);
#2390 = B_SPLINE_CURVE_WITH_KNOTS('',1,(#2391,#2392),.UNSPECIFIED.,.F.,
  .F.,(2,2),(7.,14.4),.PIECEWISE_BEZIER_KNOTS.);
#2391 = CARTESIAN_POINT('',(0.,3.4));
#2392 = CARTESIAN_POINT('',(7.4,3.4));
#2393 = ( GEOMETRIC_REPRESENTATION_CONTEXT(2) 
PARAMETRIC_REPRESENTATION_CONTEXT() REPRESENTATION_CONTEXT('2D SPACE',''
  ) );
#2394 = ADVANCED_FACE('',(#2395),#385,.T.);
#2395 = FACE_BOUND('',#2396,.T.);
#2396 = EDGE_LOOP('',(#2397,#2398,#2399,#2422));
#2397 = ORIENTED_EDGE('',*,*,#370,.T.);
#2398 = ORIENTED_EDGE('',*,*,#1297,.T.);
#2399 = ORIENTED_EDGE('',*,*,#2400,.T.);
#2400 = EDGE_CURVE('',#1298,#2401,#2403,.T.);
#2401 = VERTEX_POINT('',#2402);
#2402 = CARTESIAN_POINT('',(16.994112549695,2.4,24.4));
#2403 = SURFACE_CURVE('',#2404,(#2408,#2415),.PCURVE_S1.);
#2404 = LINE('',#2405,#2406);
#2405 = CARTESIAN_POINT('',(1.697056274848,17.697056274848,24.4));
#2406 = VECTOR('',#2407,1.);
#2407 = DIRECTION('',(0.707106781187,-0.707106781187,-0.));
#2408 = PCURVE('',#385,#2409);
#2409 = DEFINITIONAL_REPRESENTATION('',(#2410),#2414);
#2410 = LINE('',#2411,#2412);
#2411 = CARTESIAN_POINT('',(-0.994112549695,-25.4));
#2412 = VECTOR('',#2413,1.);
#2413 = DIRECTION('',(1.,0.));
#2414 = ( GEOMETRIC_REPRESENTATION_CONTEXT(2) 
PARAMETRIC_REPRESENTATION_CONTEXT() REPRESENTATION_CONTEXT('2D SPACE',''
  ) );
#2415 = PCURVE('',#1122,#2416);
#2416 = DEFINITIONAL_REPRESENTATION('',(#2417),#2421);
#2417 = LINE('',#2418,#2419);
#2418 = CARTESIAN_POINT('',(-60.30294372515,-84.89294372515));
#2419 = VECTOR('',#2420,1.);
#2420 = DIRECTION('',(0.707106781187,-0.707106781187));
#2421 = ( GEOMETRIC_REPRESENTATION_CONTEXT(2) 
PARAMETRIC_REPRESENTATION_CONTEXT() REPRESENTATION_CONTEXT('2D SPACE',''
  ) );
#2422 = ORIENTED_EDGE('',*,*,#2423,.F.);
#2423 = EDGE_CURVE('',#345,#2401,#2424,.T.);
#2424 = SURFACE_CURVE('',#2425,(#2429,#2436),.PCURVE_S1.);
#2425 = LINE('',#2426,#2427);
#2426 = CARTESIAN_POINT('',(16.994112549695,2.4,-1.));
#2427 = VECTOR('',#2428,1.);
#2428 = DIRECTION('',(0.,0.,1.));
#2429 = PCURVE('',#385,#2430);
#2430 = DEFINITIONAL_REPRESENTATION('',(#2431),#2435);
#2431 = LINE('',#2432,#2433);
#2432 = CARTESIAN_POINT('',(20.639191898579,0.));
#2433 = VECTOR('',#2434,1.);
#2434 = DIRECTION('',(0.,-1.));
#2435 = ( GEOMETRIC_REPRESENTATION_CONTEXT(2) 
PARAMETRIC_REPRESENTATION_CONTEXT() REPRESENTATION_CONTEXT('2D SPACE',''
  ) );
#2436 = PCURVE('',#359,#2437);
#2437 = DEFINITIONAL_REPRESENTATION('',(#2438),#2442);
#2438 = LINE('',#2439,#2440);
#2439 = CARTESIAN_POINT('',(0.,0.));
#2440 = VECTOR('',#2441,1.);
#2441 = DIRECTION('',(0.,-1.));
#2442 = ( GEOMETRIC_REPRESENTATION_CONTEXT(2) 
PARAMETRIC_REPRESENTATION_CONTEXT() REPRESENTATION_CONTEXT('2D SPACE',''
  ) );
#2443 = ADVANCED_FACE('',(#2444),#359,.T.);
#2444 = FACE_BOUND('',#2445,.T.);
#2445 = EDGE_LOOP('',(#2446,#2469,#2488,#2489));
#2446 = ORIENTED_EDGE('',*,*,#2447,.T.);
#2447 = EDGE_CURVE('',#2401,#2448,#2450,.T.);
#2448 = VERTEX_POINT('',#2449);
#2449 = CARTESIAN_POINT('',(47.1,2.4,24.4));
#2450 = SURFACE_CURVE('',#2451,(#2455,#2462),.PCURVE_S1.);
#2451 = LINE('',#2452,#2453);
#2452 = CARTESIAN_POINT('',(16.,2.4,24.4));
#2453 = VECTOR('',#2454,1.);
#2454 = DIRECTION('',(1.,0.,0.));
#2455 = PCURVE('',#359,#2456);
#2456 = DEFINITIONAL_REPRESENTATION('',(#2457),#2461);
#2457 = LINE('',#2458,#2459);
#2458 = CARTESIAN_POINT('',(-0.994112549695,-25.4));
#2459 = VECTOR('',#2460,1.);
#2460 = DIRECTION('',(1.,0.));
#2461 = ( GEOMETRIC_REPRESENTATION_CONTEXT(2) 
PARAMETRIC_REPRESENTATION_CONTEXT() REPRESENTATION_CONTEXT('2D SPACE',''
  ) );
#2462 = PCURVE('',#1122,#2463);
#2463 = DEFINITIONAL_REPRESENTATION('',(#2464),#2468);
#2464 = LINE('',#2465,#2466);
#2465 = CARTESIAN_POINT('',(-46.,-100.19));
#2466 = VECTOR('',#2467,1.);
#2467 = DIRECTION('',(1.,0.));
#2468 = ( GEOMETRIC_REPRESENTATION_CONTEXT(2) 
PARAMETRIC_REPRESENTATION_CONTEXT() REPRESENTATION_CONTEXT('2D SPACE',''
  ) );
#2469 = ORIENTED_EDGE('',*,*,#2470,.T.);
#2470 = EDGE_CURVE('',#2448,#319,#2471,.T.);
#2471 = SURFACE_CURVE('',#2472,(#2476,#2482),.PCURVE_S1.);
#2472 = LINE('',#2473,#2474);
#2473 = CARTESIAN_POINT('',(47.1,2.4,-1.));
#2474 = VECTOR('',#2475,1.);
#2475 = DIRECTION('',(-0.,0.,-1.));
#2476 = PCURVE('',#359,#2477);
#2477 = DEFINITIONAL_REPRESENTATION('',(#2478),#2481);
#2478 = B_SPLINE_CURVE_WITH_KNOTS('',1,(#2479,#2480),.UNSPECIFIED.,.F.,
  .F.,(2,2),(-25.4,-1.),.PIECEWISE_BEZIER_KNOTS.);
#2479 = CARTESIAN_POINT('',(30.105887450305,-25.4));
#2480 = CARTESIAN_POINT('',(30.105887450305,-1.));
#2481 = ( GEOMETRIC_REPRESENTATION_CONTEXT(2) 
PARAMETRIC_REPRESENTATION_CONTEXT() REPRESENTATION_CONTEXT('2D SPACE',''
  ) );
#2482 = PCURVE('',#333,#2483);
#2483 = DEFINITIONAL_REPRESENTATION('',(#2484),#2487);
#2484 = B_SPLINE_CURVE_WITH_KNOTS('',1,(#2485,#2486),.UNSPECIFIED.,.F.,
  .F.,(2,2),(-25.4,-1.),.PIECEWISE_BEZIER_KNOTS.);
#2485 = CARTESIAN_POINT('',(25.4,-1.35));
#2486 = CARTESIAN_POINT('',(1.,-1.35));
#2487 = ( GEOMETRIC_REPRESENTATION_CONTEXT(2) 
PARAMETRIC_REPRESENTATION_CONTEXT() REPRESENTATION_CONTEXT('2D SPACE',''
  ) );
#2488 = ORIENTED_EDGE('',*,*,#344,.T.);
#2489 = ORIENTED_EDGE('',*,*,#2423,.T.);
#2490 = ADVANCED_FACE('',(#2491),#333,.T.);
#2491 = FACE_BOUND('',#2492,.T.);
#2492 = EDGE_LOOP('',(#2493,#2516,#2517,#2518,#2540,#2566,#2592,#2620));
#2493 = ORIENTED_EDGE('',*,*,#2494,.F.);
#2494 = EDGE_CURVE('',#293,#2495,#2497,.T.);
#2495 = VERTEX_POINT('',#2496);
#2496 = CARTESIAN_POINT('',(47.1,1.05,25.8));
#2497 = SURFACE_CURVE('',#2498,(#2502,#2509),.PCURVE_S1.);
#2498 = LINE('',#2499,#2500);
#2499 = CARTESIAN_POINT('',(47.1,1.05,-1.));
#2500 = VECTOR('',#2501,1.);
#2501 = DIRECTION('',(0.,0.,1.));
#2502 = PCURVE('',#333,#2503);
#2503 = DEFINITIONAL_REPRESENTATION('',(#2504),#2508);
#2504 = LINE('',#2505,#2506);
#2505 = CARTESIAN_POINT('',(0.,0.));
#2506 = VECTOR('',#2507,1.);
#2507 = DIRECTION('',(1.,0.));
#2508 = ( GEOMETRIC_REPRESENTATION_CONTEXT(2) 
PARAMETRIC_REPRESENTATION_CONTEXT() REPRESENTATION_CONTEXT('2D SPACE',''
  ) );
#2509 = PCURVE('',#307,#2510);
#2510 = DEFINITIONAL_REPRESENTATION('',(#2511),#2515);
#2511 = LINE('',#2512,#2513);
#2512 = CARTESIAN_POINT('',(0.,0.));
#2513 = VECTOR('',#2514,1.);
#2514 = DIRECTION('',(1.,0.));
#2515 = ( GEOMETRIC_REPRESENTATION_CONTEXT(2) 
PARAMETRIC_REPRESENTATION_CONTEXT() REPRESENTATION_CONTEXT('2D SPACE',''
  ) );
#2516 = ORIENTED_EDGE('',*,*,#318,.T.);
#2517 = ORIENTED_EDGE('',*,*,#2470,.F.);
#2518 = ORIENTED_EDGE('',*,*,#2519,.T.);
#2519 = EDGE_CURVE('',#2448,#2520,#2522,.T.);
#2520 = VERTEX_POINT('',#2521);
#2521 = CARTESIAN_POINT('',(47.1,2.54,24.4));
#2522 = SURFACE_CURVE('',#2523,(#2527,#2533),.PCURVE_S1.);
#2523 = LINE('',#2524,#2525);
#2524 = CARTESIAN_POINT('',(47.1,2.5E-02,24.4));
#2525 = VECTOR('',#2526,1.);
#2526 = DIRECTION('',(-0.,1.,0.));
#2527 = PCURVE('',#333,#2528);
#2528 = DEFINITIONAL_REPRESENTATION('',(#2529),#2532);
#2529 = B_SPLINE_CURVE_WITH_KNOTS('',1,(#2530,#2531),.UNSPECIFIED.,.F.,
  .F.,(2,2),(1.025,2.525),.PIECEWISE_BEZIER_KNOTS.);
#2530 = CARTESIAN_POINT('',(25.4,0.));
#2531 = CARTESIAN_POINT('',(25.4,-1.5));
#2532 = ( GEOMETRIC_REPRESENTATION_CONTEXT(2) 
PARAMETRIC_REPRESENTATION_CONTEXT() REPRESENTATION_CONTEXT('2D SPACE',''
  ) );
#2533 = PCURVE('',#1122,#2534);
#2534 = DEFINITIONAL_REPRESENTATION('',(#2535),#2539);
#2535 = LINE('',#2536,#2537);
#2536 = CARTESIAN_POINT('',(-14.9,-102.565));
#2537 = VECTOR('',#2538,1.);
#2538 = DIRECTION('',(0.,1.));
#2539 = ( GEOMETRIC_REPRESENTATION_CONTEXT(2) 
PARAMETRIC_REPRESENTATION_CONTEXT() REPRESENTATION_CONTEXT('2D SPACE',''
  ) );
#2540 = ORIENTED_EDGE('',*,*,#2541,.T.);
#2541 = EDGE_CURVE('',#2520,#2542,#2544,.T.);
#2542 = VERTEX_POINT('',#2543);
#2543 = CARTESIAN_POINT('',(47.1,2.54,8.));
#2544 = SURFACE_CURVE('',#2545,(#2549,#2555),.PCURVE_S1.);
#2545 = LINE('',#2546,#2547);
#2546 = CARTESIAN_POINT('',(47.1,2.54,3.5));
#2547 = VECTOR('',#2548,1.);
#2548 = DIRECTION('',(-0.,0.,-1.));
#2549 = PCURVE('',#333,#2550);
#2550 = DEFINITIONAL_REPRESENTATION('',(#2551),#2554);
#2551 = B_SPLINE_CURVE_WITH_KNOTS('',1,(#2552,#2553),.UNSPECIFIED.,.F.,
  .F.,(2,2),(-20.9,-4.5),.PIECEWISE_BEZIER_KNOTS.);
#2552 = CARTESIAN_POINT('',(25.4,-1.49));
#2553 = CARTESIAN_POINT('',(9.,-1.49));
#2554 = ( GEOMETRIC_REPRESENTATION_CONTEXT(2) 
PARAMETRIC_REPRESENTATION_CONTEXT() REPRESENTATION_CONTEXT('2D SPACE',''
  ) );
#2555 = PCURVE('',#2556,#2561);
#2556 = PLANE('',#2557);
#2557 = AXIS2_PLACEMENT_3D('',#2558,#2559,#2560);
#2558 = CARTESIAN_POINT('',(45.65,2.54,8.));
#2559 = DIRECTION('',(-0.,1.,0.));
#2560 = DIRECTION('',(0.,0.,1.));
#2561 = DEFINITIONAL_REPRESENTATION('',(#2562),#2565);
#2562 = B_SPLINE_CURVE_WITH_KNOTS('',1,(#2563,#2564),.UNSPECIFIED.,.F.,
  .F.,(2,2),(-20.9,-4.5),.PIECEWISE_BEZIER_KNOTS.);
#2563 = CARTESIAN_POINT('',(16.4,1.45));
#2564 = CARTESIAN_POINT('',(0.,1.45));
#2565 = ( GEOMETRIC_REPRESENTATION_CONTEXT(2) 
PARAMETRIC_REPRESENTATION_CONTEXT() REPRESENTATION_CONTEXT('2D SPACE',''
  ) );
#2566 = ORIENTED_EDGE('',*,*,#2567,.T.);
#2567 = EDGE_CURVE('',#2542,#2568,#2570,.T.);
#2568 = VERTEX_POINT('',#2569);
#2569 = CARTESIAN_POINT('',(47.1,2.55,8.));
#2570 = SURFACE_CURVE('',#2571,(#2575,#2581),.PCURVE_S1.);
#2571 = LINE('',#2572,#2573);
#2572 = CARTESIAN_POINT('',(47.1,1.795,8.));
#2573 = VECTOR('',#2574,1.);
#2574 = DIRECTION('',(-0.,1.,0.));
#2575 = PCURVE('',#333,#2576);
#2576 = DEFINITIONAL_REPRESENTATION('',(#2577),#2580);
#2577 = B_SPLINE_CURVE_WITH_KNOTS('',1,(#2578,#2579),.UNSPECIFIED.,.F.,
  .F.,(2,2),(0.745,0.755),.PIECEWISE_BEZIER_KNOTS.);
#2578 = CARTESIAN_POINT('',(9.,-1.49));
#2579 = CARTESIAN_POINT('',(9.,-1.5));
#2580 = ( GEOMETRIC_REPRESENTATION_CONTEXT(2) 
PARAMETRIC_REPRESENTATION_CONTEXT() REPRESENTATION_CONTEXT('2D SPACE',''
  ) );
#2581 = PCURVE('',#2582,#2587);
#2582 = PLANE('',#2583);
#2583 = AXIS2_PLACEMENT_3D('',#2584,#2585,#2586);
#2584 = CARTESIAN_POINT('',(45.65,2.54,8.));
#2585 = DIRECTION('',(0.,0.,1.));
#2586 = DIRECTION('',(1.,0.,-0.));
#2587 = DEFINITIONAL_REPRESENTATION('',(#2588),#2591);
#2588 = B_SPLINE_CURVE_WITH_KNOTS('',1,(#2589,#2590),.UNSPECIFIED.,.F.,
  .F.,(2,2),(0.745,0.755),.PIECEWISE_BEZIER_KNOTS.);
#2589 = CARTESIAN_POINT('',(1.45,0.));
#2590 = CARTESIAN_POINT('',(1.45,1.E-02));
#2591 = ( GEOMETRIC_REPRESENTATION_CONTEXT(2) 
PARAMETRIC_REPRESENTATION_CONTEXT() REPRESENTATION_CONTEXT('2D SPACE',''
  ) );
#2592 = ORIENTED_EDGE('',*,*,#2593,.T.);
#2593 = EDGE_CURVE('',#2568,#2594,#2596,.T.);
#2594 = VERTEX_POINT('',#2595);
#2595 = CARTESIAN_POINT('',(47.1,2.55,25.8));
#2596 = SURFACE_CURVE('',#2597,(#2601,#2608),.PCURVE_S1.);
#2597 = LINE('',#2598,#2599);
#2598 = CARTESIAN_POINT('',(47.1,2.55,-1.));
#2599 = VECTOR('',#2600,1.);
#2600 = DIRECTION('',(0.,0.,1.));
#2601 = PCURVE('',#333,#2602);
#2602 = DEFINITIONAL_REPRESENTATION('',(#2603),#2607);
#2603 = LINE('',#2604,#2605);
#2604 = CARTESIAN_POINT('',(0.,-1.5));
#2605 = VECTOR('',#2606,1.);
#2606 = DIRECTION('',(1.,0.));
#2607 = ( GEOMETRIC_REPRESENTATION_CONTEXT(2) 
PARAMETRIC_REPRESENTATION_CONTEXT() REPRESENTATION_CONTEXT('2D SPACE',''
  ) );
#2608 = PCURVE('',#2609,#2614);
#2609 = PLANE('',#2610);
#2610 = AXIS2_PLACEMENT_3D('',#2611,#2612,#2613);
#2611 = CARTESIAN_POINT('',(47.1,2.55,-1.));
#2612 = DIRECTION('',(-0.,1.,0.));
#2613 = DIRECTION('',(0.,0.,1.));
#2614 = DEFINITIONAL_REPRESENTATION('',(#2615),#2619);
#2615 = LINE('',#2616,#2617);
#2616 = CARTESIAN_POINT('',(0.,0.));
#2617 = VECTOR('',#2618,1.);
#2618 = DIRECTION('',(1.,0.));
#2619 = ( GEOMETRIC_REPRESENTATION_CONTEXT(2) 
PARAMETRIC_REPRESENTATION_CONTEXT() REPRESENTATION_CONTEXT('2D SPACE',''
  ) );
#2620 = ORIENTED_EDGE('',*,*,#2621,.F.);
#2621 = EDGE_CURVE('',#2495,#2594,#2622,.T.);
#2622 = SURFACE_CURVE('',#2623,(#2627,#2634),.PCURVE_S1.);
#2623 = LINE('',#2624,#2625);
#2624 = CARTESIAN_POINT('',(47.1,1.05,25.8));
#2625 = VECTOR('',#2626,1.);
#2626 = DIRECTION('',(-0.,1.,0.));
#2627 = PCURVE('',#333,#2628);
#2628 = DEFINITIONAL_REPRESENTATION('',(#2629),#2633);
#2629 = LINE('',#2630,#2631);
#2630 = CARTESIAN_POINT('',(26.8,0.));
#2631 = VECTOR('',#2632,1.);
#2632 = DIRECTION('',(0.,-1.));
#2633 = ( GEOMETRIC_REPRESENTATION_CONTEXT(2) 
PARAMETRIC_REPRESENTATION_CONTEXT() REPRESENTATION_CONTEXT('2D SPACE',''
  ) );
#2634 = PCURVE('',#2635,#2640);
#2635 = PLANE('',#2636);
#2636 = AXIS2_PLACEMENT_3D('',#2637,#2638,#2639);
#2637 = CARTESIAN_POINT('',(47.1,1.05,25.8));
#2638 = DIRECTION('',(0.,0.,1.));
#2639 = DIRECTION('',(1.,0.,-0.));
#2640 = DEFINITIONAL_REPRESENTATION('',(#2641),#2645);
#2641 = LINE('',#2642,#2643);
#2642 = CARTESIAN_POINT('',(0.,0.));
#2643 = VECTOR('',#2644,1.);
#2644 = DIRECTION('',(0.,1.));
#2645 = ( GEOMETRIC_REPRESENTATION_CONTEXT(2) 
PARAMETRIC_REPRESENTATION_CONTEXT() REPRESENTATION_CONTEXT('2D SPACE',''
  ) );
#2646 = ADVANCED_FACE('',(#2647),#307,.T.);
#2647 = FACE_BOUND('',#2648,.T.);
#2648 = EDGE_LOOP('',(#2649,#2679,#2705,#2731,#2750,#2751,#2752,#2753));
#2649 = ORIENTED_EDGE('',*,*,#2650,.F.);
#2650 = EDGE_CURVE('',#2651,#2653,#2655,.T.);
#2651 = VERTEX_POINT('',#2652);
#2652 = CARTESIAN_POINT('',(115.4,1.05,0.));
#2653 = VERTEX_POINT('',#2654);
#2654 = CARTESIAN_POINT('',(115.4,1.05,25.8));
#2655 = SURFACE_CURVE('',#2656,(#2660,#2667),.PCURVE_S1.);
#2656 = LINE('',#2657,#2658);
#2657 = CARTESIAN_POINT('',(115.4,1.05,-1.));
#2658 = VECTOR('',#2659,1.);
#2659 = DIRECTION('',(0.,0.,1.));
#2660 = PCURVE('',#307,#2661);
#2661 = DEFINITIONAL_REPRESENTATION('',(#2662),#2666);
#2662 = LINE('',#2663,#2664);
#2663 = CARTESIAN_POINT('',(0.,68.3));
#2664 = VECTOR('',#2665,1.);
#2665 = DIRECTION('',(1.,0.));
#2666 = ( GEOMETRIC_REPRESENTATION_CONTEXT(2) 
PARAMETRIC_REPRESENTATION_CONTEXT() REPRESENTATION_CONTEXT('2D SPACE',''
  ) );
#2667 = PCURVE('',#2668,#2673);
#2668 = PLANE('',#2669);
#2669 = AXIS2_PLACEMENT_3D('',#2670,#2671,#2672);
#2670 = CARTESIAN_POINT('',(115.4,1.05,-1.));
#2671 = DIRECTION('',(1.,0.,-0.));
#2672 = DIRECTION('',(0.,0.,1.));
#2673 = DEFINITIONAL_REPRESENTATION('',(#2674),#2678);
#2674 = LINE('',#2675,#2676);
#2675 = CARTESIAN_POINT('',(0.,0.));
#2676 = VECTOR('',#2677,1.);
#2677 = DIRECTION('',(1.,0.));
#2678 = ( GEOMETRIC_REPRESENTATION_CONTEXT(2) 
PARAMETRIC_REPRESENTATION_CONTEXT() REPRESENTATION_CONTEXT('2D SPACE',''
  ) );
#2679 = ORIENTED_EDGE('',*,*,#2680,.T.);
#2680 = EDGE_CURVE('',#2651,#2681,#2683,.T.);
#2681 = VERTEX_POINT('',#2682);
#2682 = CARTESIAN_POINT('',(114.,1.05,0.));
#2683 = SURFACE_CURVE('',#2684,(#2688,#2694),.PCURVE_S1.);
#2684 = LINE('',#2685,#2686);
#2685 = CARTESIAN_POINT('',(58.55,1.05,0.));
#2686 = VECTOR('',#2687,1.);
#2687 = DIRECTION('',(-1.,-0.,0.));
#2688 = PCURVE('',#307,#2689);
#2689 = DEFINITIONAL_REPRESENTATION('',(#2690),#2693);
#2690 = B_SPLINE_CURVE_WITH_KNOTS('',1,(#2691,#2692),.UNSPECIFIED.,.F.,
  .F.,(2,2),(-56.85,11.45),.PIECEWISE_BEZIER_KNOTS.);
#2691 = CARTESIAN_POINT('',(1.,68.3));
#2692 = CARTESIAN_POINT('',(1.,0.));
#2693 = ( GEOMETRIC_REPRESENTATION_CONTEXT(2) 
PARAMETRIC_REPRESENTATION_CONTEXT() REPRESENTATION_CONTEXT('2D SPACE',''
  ) );
#2694 = PCURVE('',#2695,#2700);
#2695 = PLANE('',#2696);
#2696 = AXIS2_PLACEMENT_3D('',#2697,#2698,#2699);
#2697 = CARTESIAN_POINT('',(70.,52.5,0.));
#2698 = DIRECTION('',(0.,0.,1.));
#2699 = DIRECTION('',(1.,0.,-0.));
#2700 = DEFINITIONAL_REPRESENTATION('',(#2701),#2704);
#2701 = B_SPLINE_CURVE_WITH_KNOTS('',1,(#2702,#2703),.UNSPECIFIED.,.F.,
  .F.,(2,2),(-56.85,11.45),.PIECEWISE_BEZIER_KNOTS.);
#2702 = CARTESIAN_POINT('',(45.4,-51.45));
#2703 = CARTESIAN_POINT('',(-22.9,-51.45));
#2704 = ( GEOMETRIC_REPRESENTATION_CONTEXT(2) 
PARAMETRIC_REPRESENTATION_CONTEXT() REPRESENTATION_CONTEXT('2D SPACE',''
  ) );
#2705 = ORIENTED_EDGE('',*,*,#2706,.T.);
#2706 = EDGE_CURVE('',#2681,#2707,#2709,.T.);
#2707 = VERTEX_POINT('',#2708);
#2708 = CARTESIAN_POINT('',(114.,1.05,24.4));
#2709 = SURFACE_CURVE('',#2710,(#2714,#2720),.PCURVE_S1.);
#2710 = LINE('',#2711,#2712);
#2711 = CARTESIAN_POINT('',(114.,1.05,-1.));
#2712 = VECTOR('',#2713,1.);
#2713 = DIRECTION('',(0.,0.,1.));
#2714 = PCURVE('',#307,#2715);
#2715 = DEFINITIONAL_REPRESENTATION('',(#2716),#2719);
#2716 = B_SPLINE_CURVE_WITH_KNOTS('',1,(#2717,#2718),.UNSPECIFIED.,.F.,
  .F.,(2,2),(1.,25.4),.PIECEWISE_BEZIER_KNOTS.);
#2717 = CARTESIAN_POINT('',(1.,66.9));
#2718 = CARTESIAN_POINT('',(25.4,66.9));
#2719 = ( GEOMETRIC_REPRESENTATION_CONTEXT(2) 
PARAMETRIC_REPRESENTATION_CONTEXT() REPRESENTATION_CONTEXT('2D SPACE',''
  ) );
#2720 = PCURVE('',#2721,#2726);
#2721 = PLANE('',#2722);
#2722 = AXIS2_PLACEMENT_3D('',#2723,#2724,#2725);
#2723 = CARTESIAN_POINT('',(114.,-1.,-1.));
#2724 = DIRECTION('',(1.,0.,-0.));
#2725 = DIRECTION('',(0.,0.,1.));
#2726 = DEFINITIONAL_REPRESENTATION('',(#2727),#2730);
#2727 = B_SPLINE_CURVE_WITH_KNOTS('',1,(#2728,#2729),.UNSPECIFIED.,.F.,
  .F.,(2,2),(1.,25.4),.PIECEWISE_BEZIER_KNOTS.);
#2728 = CARTESIAN_POINT('',(1.,-2.05));
#2729 = CARTESIAN_POINT('',(25.4,-2.05));
#2730 = ( GEOMETRIC_REPRESENTATION_CONTEXT(2) 
PARAMETRIC_REPRESENTATION_CONTEXT() REPRESENTATION_CONTEXT('2D SPACE',''
  ) );
#2731 = ORIENTED_EDGE('',*,*,#2732,.T.);
#2732 = EDGE_CURVE('',#2707,#478,#2733,.T.);
#2733 = SURFACE_CURVE('',#2734,(#2738,#2744),.PCURVE_S1.);
#2734 = LINE('',#2735,#2736);
#2735 = CARTESIAN_POINT('',(47.8,1.05,24.4));
#2736 = VECTOR('',#2737,1.);
#2737 = DIRECTION('',(-1.,-0.,0.));
#2738 = PCURVE('',#307,#2739);
#2739 = DEFINITIONAL_REPRESENTATION('',(#2740),#2743);
#2740 = B_SPLINE_CURVE_WITH_KNOTS('',1,(#2741,#2742),.UNSPECIFIED.,.F.,
  .F.,(2,2),(-67.6,0.7),.PIECEWISE_BEZIER_KNOTS.);
#2741 = CARTESIAN_POINT('',(25.4,68.3));
#2742 = CARTESIAN_POINT('',(25.4,0.));
#2743 = ( GEOMETRIC_REPRESENTATION_CONTEXT(2) 
PARAMETRIC_REPRESENTATION_CONTEXT() REPRESENTATION_CONTEXT('2D SPACE',''
  ) );
#2744 = PCURVE('',#493,#2745);
#2745 = DEFINITIONAL_REPRESENTATION('',(#2746),#2749);
#2746 = B_SPLINE_CURVE_WITH_KNOTS('',1,(#2747,#2748),.UNSPECIFIED.,.F.,
  .F.,(2,2),(-67.6,0.7),.PIECEWISE_BEZIER_KNOTS.);
#2747 = CARTESIAN_POINT('',(66.9,2.05));
#2748 = CARTESIAN_POINT('',(-1.4,2.05));
#2749 = ( GEOMETRIC_REPRESENTATION_CONTEXT(2) 
PARAMETRIC_REPRESENTATION_CONTEXT() REPRESENTATION_CONTEXT('2D SPACE',''
  ) );
#2750 = ORIENTED_EDGE('',*,*,#604,.F.);
#2751 = ORIENTED_EDGE('',*,*,#292,.T.);
#2752 = ORIENTED_EDGE('',*,*,#2494,.T.);
#2753 = ORIENTED_EDGE('',*,*,#2754,.T.);
#2754 = EDGE_CURVE('',#2495,#2653,#2755,.T.);
#2755 = SURFACE_CURVE('',#2756,(#2760,#2767),.PCURVE_S1.);
#2756 = LINE('',#2757,#2758);
#2757 = CARTESIAN_POINT('',(47.1,1.05,25.8));
#2758 = VECTOR('',#2759,1.);
#2759 = DIRECTION('',(1.,0.,-0.));
#2760 = PCURVE('',#307,#2761);
#2761 = DEFINITIONAL_REPRESENTATION('',(#2762),#2766);
#2762 = LINE('',#2763,#2764);
#2763 = CARTESIAN_POINT('',(26.8,0.));
#2764 = VECTOR('',#2765,1.);
#2765 = DIRECTION('',(0.,1.));
#2766 = ( GEOMETRIC_REPRESENTATION_CONTEXT(2) 
PARAMETRIC_REPRESENTATION_CONTEXT() REPRESENTATION_CONTEXT('2D SPACE',''
  ) );
#2767 = PCURVE('',#2635,#2768);
#2768 = DEFINITIONAL_REPRESENTATION('',(#2769),#2773);
#2769 = LINE('',#2770,#2771);
#2770 = CARTESIAN_POINT('',(0.,0.));
#2771 = VECTOR('',#2772,1.);
#2772 = DIRECTION('',(1.,0.));
#2773 = ( GEOMETRIC_REPRESENTATION_CONTEXT(2) 
PARAMETRIC_REPRESENTATION_CONTEXT() REPRESENTATION_CONTEXT('2D SPACE',''
  ) );
#2774 = ADVANCED_FACE('',(#2775),#237,.F.);
#2775 = FACE_BOUND('',#2776,.F.);
#2776 = EDGE_LOOP('',(#2777,#2778,#2799,#2800));
#2777 = ORIENTED_EDGE('',*,*,#221,.F.);
#2778 = ORIENTED_EDGE('',*,*,#2779,.T.);
#2779 = EDGE_CURVE('',#194,#650,#2780,.T.);
#2780 = SURFACE_CURVE('',#2781,(#2785,#2792),.PCURVE_S1.);
#2781 = LINE('',#2782,#2783);
#2782 = CARTESIAN_POINT('',(0.,105.,0.));
#2783 = VECTOR('',#2784,1.);
#2784 = DIRECTION('',(0.,0.,1.));
#2785 = PCURVE('',#237,#2786);
#2786 = DEFINITIONAL_REPRESENTATION('',(#2787),#2791);
#2787 = LINE('',#2788,#2789);
#2788 = CARTESIAN_POINT('',(0.,0.));
#2789 = VECTOR('',#2790,1.);
#2790 = DIRECTION('',(0.,-1.));
#2791 = ( GEOMETRIC_REPRESENTATION_CONTEXT(2) 
PARAMETRIC_REPRESENTATION_CONTEXT() REPRESENTATION_CONTEXT('2D SPACE',''
  ) );
#2792 = PCURVE('',#209,#2793);
#2793 = DEFINITIONAL_REPRESENTATION('',(#2794),#2798);
#2794 = LINE('',#2795,#2796);
#2795 = CARTESIAN_POINT('',(124.,0.));
#2796 = VECTOR('',#2797,1.);
#2797 = DIRECTION('',(0.,-1.));
#2798 = ( GEOMETRIC_REPRESENTATION_CONTEXT(2) 
PARAMETRIC_REPRESENTATION_CONTEXT() REPRESENTATION_CONTEXT('2D SPACE',''
  ) );
#2799 = ORIENTED_EDGE('',*,*,#672,.T.);
#2800 = ORIENTED_EDGE('',*,*,#819,.F.);
#2801 = ADVANCED_FACE('',(#2802,#2826),#209,.F.);
#2802 = FACE_BOUND('',#2803,.F.);
#2803 = EDGE_LOOP('',(#2804,#2805,#2824,#2825));
#2804 = ORIENTED_EDGE('',*,*,#193,.F.);
#2805 = ORIENTED_EDGE('',*,*,#2806,.T.);
#2806 = EDGE_CURVE('',#168,#629,#2807,.T.);
#2807 = SURFACE_CURVE('',#2808,(#2812,#2818),.PCURVE_S1.);
#2808 = LINE('',#2809,#2810);
#2809 = CARTESIAN_POINT('',(62.,105.,-0.5));
#2810 = VECTOR('',#2811,1.);
#2811 = DIRECTION('',(0.,0.,1.));
#2812 = PCURVE('',#209,#2813);
#2813 = DEFINITIONAL_REPRESENTATION('',(#2814),#2817);
#2814 = B_SPLINE_CURVE_WITH_KNOTS('',1,(#2815,#2816),.UNSPECIFIED.,.F.,
  .F.,(2,2),(0.5,10.3),.PIECEWISE_BEZIER_KNOTS.);
#2815 = CARTESIAN_POINT('',(62.,0.));
#2816 = CARTESIAN_POINT('',(62.,-9.8));
#2817 = ( GEOMETRIC_REPRESENTATION_CONTEXT(2) 
PARAMETRIC_REPRESENTATION_CONTEXT() REPRESENTATION_CONTEXT('2D SPACE',''
  ) );
#2818 = PCURVE('',#182,#2819);
#2819 = DEFINITIONAL_REPRESENTATION('',(#2820),#2823);
#2820 = B_SPLINE_CURVE_WITH_KNOTS('',1,(#2821,#2822),.UNSPECIFIED.,.F.,
  .F.,(2,2),(0.5,10.3),.PIECEWISE_BEZIER_KNOTS.);
#2821 = CARTESIAN_POINT('',(1.,-2.41));
#2822 = CARTESIAN_POINT('',(10.8,-2.41));
#2823 = ( GEOMETRIC_REPRESENTATION_CONTEXT(2) 
PARAMETRIC_REPRESENTATION_CONTEXT() REPRESENTATION_CONTEXT('2D SPACE',''
  ) );
#2824 = ORIENTED_EDGE('',*,*,#649,.T.);
#2825 = ORIENTED_EDGE('',*,*,#2779,.F.);
#2826 = FACE_BOUND('',#2827,.F.);
#2827 = EDGE_LOOP('',(#2828,#2856,#2882,#2908));
#2828 = ORIENTED_EDGE('',*,*,#2829,.T.);
#2829 = EDGE_CURVE('',#2830,#2832,#2834,.T.);
#2830 = VERTEX_POINT('',#2831);
#2831 = CARTESIAN_POINT('',(58.,105.,4.5));
#2832 = VERTEX_POINT('',#2833);
#2833 = CARTESIAN_POINT('',(14.,105.,4.5));
#2834 = SURFACE_CURVE('',#2835,(#2839,#2845),.PCURVE_S1.);
#2835 = LINE('',#2836,#2837);
#2836 = CARTESIAN_POINT('',(69.,105.,4.5));
#2837 = VECTOR('',#2838,1.);
#2838 = DIRECTION('',(-1.,0.,0.));
#2839 = PCURVE('',#209,#2840);
#2840 = DEFINITIONAL_REPRESENTATION('',(#2841),#2844);
#2841 = B_SPLINE_CURVE_WITH_KNOTS('',1,(#2842,#2843),.UNSPECIFIED.,.F.,
  .F.,(2,2),(11.,55.),.PIECEWISE_BEZIER_KNOTS.);
#2842 = CARTESIAN_POINT('',(66.,-4.5));
#2843 = CARTESIAN_POINT('',(110.,-4.5));
#2844 = ( GEOMETRIC_REPRESENTATION_CONTEXT(2) 
PARAMETRIC_REPRESENTATION_CONTEXT() REPRESENTATION_CONTEXT('2D SPACE',''
  ) );
#2845 = PCURVE('',#2846,#2851);
#2846 = PLANE('',#2847);
#2847 = AXIS2_PLACEMENT_3D('',#2848,#2849,#2850);
#2848 = CARTESIAN_POINT('',(14.,104.6,4.5));
#2849 = DIRECTION('',(0.,0.,1.));
#2850 = DIRECTION('',(1.,0.,-0.));
#2851 = DEFINITIONAL_REPRESENTATION('',(#2852),#2855);
#2852 = B_SPLINE_CURVE_WITH_KNOTS('',1,(#2853,#2854),.UNSPECIFIED.,.F.,
  .F.,(2,2),(11.,55.),.PIECEWISE_BEZIER_KNOTS.);
#2853 = CARTESIAN_POINT('',(44.,0.4));
#2854 = CARTESIAN_POINT('',(0.,0.4));
#2855 = ( GEOMETRIC_REPRESENTATION_CONTEXT(2) 
PARAMETRIC_REPRESENTATION_CONTEXT() REPRESENTATION_CONTEXT('2D SPACE',''
  ) );
#2856 = ORIENTED_EDGE('',*,*,#2857,.T.);
#2857 = EDGE_CURVE('',#2832,#2858,#2860,.T.);
#2858 = VERTEX_POINT('',#2859);
#2859 = CARTESIAN_POINT('',(14.,105.,9.5));
#2860 = SURFACE_CURVE('',#2861,(#2865,#2871),.PCURVE_S1.);
#2861 = LINE('',#2862,#2863);
#2862 = CARTESIAN_POINT('',(14.,105.,2.25));
#2863 = VECTOR('',#2864,1.);
#2864 = DIRECTION('',(0.,0.,1.));
#2865 = PCURVE('',#209,#2866);
#2866 = DEFINITIONAL_REPRESENTATION('',(#2867),#2870);
#2867 = B_SPLINE_CURVE_WITH_KNOTS('',1,(#2868,#2869),.UNSPECIFIED.,.F.,
  .F.,(2,2),(2.25,7.25),.PIECEWISE_BEZIER_KNOTS.);
#2868 = CARTESIAN_POINT('',(110.,-4.5));
#2869 = CARTESIAN_POINT('',(110.,-9.5));
#2870 = ( GEOMETRIC_REPRESENTATION_CONTEXT(2) 
PARAMETRIC_REPRESENTATION_CONTEXT() REPRESENTATION_CONTEXT('2D SPACE',''
  ) );
#2871 = PCURVE('',#2872,#2877);
#2872 = PLANE('',#2873);
#2873 = AXIS2_PLACEMENT_3D('',#2874,#2875,#2876);
#2874 = CARTESIAN_POINT('',(14.,104.6,4.5));
#2875 = DIRECTION('',(1.,0.,-0.));
#2876 = DIRECTION('',(0.,0.,1.));
#2877 = DEFINITIONAL_REPRESENTATION('',(#2878),#2881);
#2878 = B_SPLINE_CURVE_WITH_KNOTS('',1,(#2879,#2880),.UNSPECIFIED.,.F.,
  .F.,(2,2),(2.25,7.25),.PIECEWISE_BEZIER_KNOTS.);
#2879 = CARTESIAN_POINT('',(0.,-0.4));
#2880 = CARTESIAN_POINT('',(5.,-0.4));
#2881 = ( GEOMETRIC_REPRESENTATION_CONTEXT(2) 
PARAMETRIC_REPRESENTATION_CONTEXT() REPRESENTATION_CONTEXT('2D SPACE',''
  ) );
#2882 = ORIENTED_EDGE('',*,*,#2883,.F.);
#2883 = EDGE_CURVE('',#2884,#2858,#2886,.T.);
#2884 = VERTEX_POINT('',#2885);
#2885 = CARTESIAN_POINT('',(58.,105.,9.5));
#2886 = SURFACE_CURVE('',#2887,(#2891,#2897),.PCURVE_S1.);
#2887 = LINE('',#2888,#2889);
#2888 = CARTESIAN_POINT('',(69.,105.,9.5));
#2889 = VECTOR('',#2890,1.);
#2890 = DIRECTION('',(-1.,0.,0.));
#2891 = PCURVE('',#209,#2892);
#2892 = DEFINITIONAL_REPRESENTATION('',(#2893),#2896);
#2893 = B_SPLINE_CURVE_WITH_KNOTS('',1,(#2894,#2895),.UNSPECIFIED.,.F.,
  .F.,(2,2),(11.,55.),.PIECEWISE_BEZIER_KNOTS.);
#2894 = CARTESIAN_POINT('',(66.,-9.5));
#2895 = CARTESIAN_POINT('',(110.,-9.5));
#2896 = ( GEOMETRIC_REPRESENTATION_CONTEXT(2) 
PARAMETRIC_REPRESENTATION_CONTEXT() REPRESENTATION_CONTEXT('2D SPACE',''
  ) );
#2897 = PCURVE('',#2898,#2903);
#2898 = PLANE('',#2899);
#2899 = AXIS2_PLACEMENT_3D('',#2900,#2901,#2902);
#2900 = CARTESIAN_POINT('',(14.,104.6,9.5));
#2901 = DIRECTION('',(0.,0.,1.));
#2902 = DIRECTION('',(1.,0.,-0.));
#2903 = DEFINITIONAL_REPRESENTATION('',(#2904),#2907);
#2904 = B_SPLINE_CURVE_WITH_KNOTS('',1,(#2905,#2906),.UNSPECIFIED.,.F.,
  .F.,(2,2),(11.,55.),.PIECEWISE_BEZIER_KNOTS.);
#2905 = CARTESIAN_POINT('',(44.,0.4));
#2906 = CARTESIAN_POINT('',(0.,0.4));
#2907 = ( GEOMETRIC_REPRESENTATION_CONTEXT(2) 
PARAMETRIC_REPRESENTATION_CONTEXT() REPRESENTATION_CONTEXT('2D SPACE',''
  ) );
#2908 = ORIENTED_EDGE('',*,*,#2909,.F.);
#2909 = EDGE_CURVE('',#2830,#2884,#2910,.T.);
#2910 = SURFACE_CURVE('',#2911,(#2915,#2921),.PCURVE_S1.);
#2911 = LINE('',#2912,#2913);
#2912 = CARTESIAN_POINT('',(58.,105.,2.25));
#2913 = VECTOR('',#2914,1.);
#2914 = DIRECTION('',(0.,0.,1.));
#2915 = PCURVE('',#209,#2916);
#2916 = DEFINITIONAL_REPRESENTATION('',(#2917),#2920);
#2917 = B_SPLINE_CURVE_WITH_KNOTS('',1,(#2918,#2919),.UNSPECIFIED.,.F.,
  .F.,(2,2),(2.25,7.25),.PIECEWISE_BEZIER_KNOTS.);
#2918 = CARTESIAN_POINT('',(66.,-4.5));
#2919 = CARTESIAN_POINT('',(66.,-9.5));
#2920 = ( GEOMETRIC_REPRESENTATION_CONTEXT(2) 
PARAMETRIC_REPRESENTATION_CONTEXT() REPRESENTATION_CONTEXT('2D SPACE',''
  ) );
#2921 = PCURVE('',#2922,#2927);
#2922 = PLANE('',#2923);
#2923 = AXIS2_PLACEMENT_3D('',#2924,#2925,#2926);
#2924 = CARTESIAN_POINT('',(58.,104.6,4.5));
#2925 = DIRECTION('',(1.,0.,-0.));
#2926 = DIRECTION('',(0.,0.,1.));
#2927 = DEFINITIONAL_REPRESENTATION('',(#2928),#2931);
#2928 = B_SPLINE_CURVE_WITH_KNOTS('',1,(#2929,#2930),.UNSPECIFIED.,.F.,
  .F.,(2,2),(2.25,7.25),.PIECEWISE_BEZIER_KNOTS.);
#2929 = CARTESIAN_POINT('',(0.,-0.4));
#2930 = CARTESIAN_POINT('',(5.,-0.4));
#2931 = ( GEOMETRIC_REPRESENTATION_CONTEXT(2) 
PARAMETRIC_REPRESENTATION_CONTEXT() REPRESENTATION_CONTEXT('2D SPACE',''
  ) );
#2932 = ADVANCED_FACE('',(#2933),#182,.T.);
#2933 = FACE_BOUND('',#2934,.T.);
#2934 = EDGE_LOOP('',(#2935,#2958,#2959,#2960,#2961,#2962,#2983,#3004));
#2935 = ORIENTED_EDGE('',*,*,#2936,.F.);
#2936 = EDGE_CURVE('',#928,#2937,#2939,.T.);
#2937 = VERTEX_POINT('',#2938);
#2938 = CARTESIAN_POINT('',(62.,105.,24.4));
#2939 = SURFACE_CURVE('',#2940,(#2944,#2951),.PCURVE_S1.);
#2940 = LINE('',#2941,#2942);
#2941 = CARTESIAN_POINT('',(62.,102.59,24.4));
#2942 = VECTOR('',#2943,1.);
#2943 = DIRECTION('',(-0.,1.,0.));
#2944 = PCURVE('',#182,#2945);
#2945 = DEFINITIONAL_REPRESENTATION('',(#2946),#2950);
#2946 = LINE('',#2947,#2948);
#2947 = CARTESIAN_POINT('',(25.4,0.));
#2948 = VECTOR('',#2949,1.);
#2949 = DIRECTION('',(0.,-1.));
#2950 = ( GEOMETRIC_REPRESENTATION_CONTEXT(2) 
PARAMETRIC_REPRESENTATION_CONTEXT() REPRESENTATION_CONTEXT('2D SPACE',''
  ) );
#2951 = PCURVE('',#942,#2952);
#2952 = DEFINITIONAL_REPRESENTATION('',(#2953),#2957);
#2953 = LINE('',#2954,#2955);
#2954 = CARTESIAN_POINT('',(0.,0.));
#2955 = VECTOR('',#2956,1.);
#2956 = DIRECTION('',(0.,1.));
#2957 = ( GEOMETRIC_REPRESENTATION_CONTEXT(2) 
PARAMETRIC_REPRESENTATION_CONTEXT() REPRESENTATION_CONTEXT('2D SPACE',''
  ) );
#2958 = ORIENTED_EDGE('',*,*,#953,.F.);
#2959 = ORIENTED_EDGE('',*,*,#167,.T.);
#2960 = ORIENTED_EDGE('',*,*,#2806,.T.);
#2961 = ORIENTED_EDGE('',*,*,#626,.F.);
#2962 = ORIENTED_EDGE('',*,*,#2963,.T.);
#2963 = EDGE_CURVE('',#627,#2964,#2966,.T.);
#2964 = VERTEX_POINT('',#2965);
#2965 = CARTESIAN_POINT('',(62.,104.2,11.));
#2966 = SURFACE_CURVE('',#2967,(#2971,#2977),.PCURVE_S1.);
#2967 = LINE('',#2968,#2969);
#2968 = CARTESIAN_POINT('',(62.,104.2,4.35));
#2969 = VECTOR('',#2970,1.);
#2970 = DIRECTION('',(0.,0.,1.));
#2971 = PCURVE('',#182,#2972);
#2972 = DEFINITIONAL_REPRESENTATION('',(#2973),#2976);
#2973 = B_SPLINE_CURVE_WITH_KNOTS('',1,(#2974,#2975),.UNSPECIFIED.,.F.,
  .F.,(2,2),(5.45,6.65),.PIECEWISE_BEZIER_KNOTS.);
#2974 = CARTESIAN_POINT('',(10.8,-1.61));
#2975 = CARTESIAN_POINT('',(12.,-1.61));
#2976 = ( GEOMETRIC_REPRESENTATION_CONTEXT(2) 
PARAMETRIC_REPRESENTATION_CONTEXT() REPRESENTATION_CONTEXT('2D SPACE',''
  ) );
#2977 = PCURVE('',#804,#2978);
#2978 = DEFINITIONAL_REPRESENTATION('',(#2979),#2982);
#2979 = B_SPLINE_CURVE_WITH_KNOTS('',1,(#2980,#2981),.UNSPECIFIED.,.F.,
  .F.,(2,2),(5.45,6.65),.PIECEWISE_BEZIER_KNOTS.);
#2980 = CARTESIAN_POINT('',(61.668629150102,-0.1));
#2981 = CARTESIAN_POINT('',(61.668629150102,-1.3));
#2982 = ( GEOMETRIC_REPRESENTATION_CONTEXT(2) 
PARAMETRIC_REPRESENTATION_CONTEXT() REPRESENTATION_CONTEXT('2D SPACE',''
  ) );
#2983 = ORIENTED_EDGE('',*,*,#2984,.T.);
#2984 = EDGE_CURVE('',#2964,#2985,#2987,.T.);
#2985 = VERTEX_POINT('',#2986);
#2986 = CARTESIAN_POINT('',(62.,105.,11.));
#2987 = SURFACE_CURVE('',#2988,(#2992,#2998),.PCURVE_S1.);
#2988 = LINE('',#2989,#2990);
#2989 = CARTESIAN_POINT('',(62.,77.545,11.));
#2990 = VECTOR('',#2991,1.);
#2991 = DIRECTION('',(-0.,1.,0.));
#2992 = PCURVE('',#182,#2993);
#2993 = DEFINITIONAL_REPRESENTATION('',(#2994),#2997);
#2994 = B_SPLINE_CURVE_WITH_KNOTS('',1,(#2995,#2996),.UNSPECIFIED.,.F.,
  .F.,(2,2),(25.045,27.455),.PIECEWISE_BEZIER_KNOTS.);
#2995 = CARTESIAN_POINT('',(12.,0.));
#2996 = CARTESIAN_POINT('',(12.,-2.41));
#2997 = ( GEOMETRIC_REPRESENTATION_CONTEXT(2) 
PARAMETRIC_REPRESENTATION_CONTEXT() REPRESENTATION_CONTEXT('2D SPACE',''
  ) );
#2998 = PCURVE('',#546,#2999);
#2999 = DEFINITIONAL_REPRESENTATION('',(#3000),#3003);
#3000 = B_SPLINE_CURVE_WITH_KNOTS('',1,(#3001,#3002),.UNSPECIFIED.,.F.,
  .F.,(2,2),(25.045,27.455),.PIECEWISE_BEZIER_KNOTS.);
#3001 = CARTESIAN_POINT('',(-8.,50.09));
#3002 = CARTESIAN_POINT('',(-8.,52.5));
#3003 = ( GEOMETRIC_REPRESENTATION_CONTEXT(2) 
PARAMETRIC_REPRESENTATION_CONTEXT() REPRESENTATION_CONTEXT('2D SPACE',''
  ) );
#3004 = ORIENTED_EDGE('',*,*,#3005,.T.);
#3005 = EDGE_CURVE('',#2985,#2937,#3006,.T.);
#3006 = SURFACE_CURVE('',#3007,(#3011,#3017),.PCURVE_S1.);
#3007 = LINE('',#3008,#3009);
#3008 = CARTESIAN_POINT('',(62.,105.,-0.5));
#3009 = VECTOR('',#3010,1.);
#3010 = DIRECTION('',(0.,0.,1.));
#3011 = PCURVE('',#182,#3012);
#3012 = DEFINITIONAL_REPRESENTATION('',(#3013),#3016);
#3013 = B_SPLINE_CURVE_WITH_KNOTS('',1,(#3014,#3015),.UNSPECIFIED.,.F.,
  .F.,(2,2),(11.5,24.9),.PIECEWISE_BEZIER_KNOTS.);
#3014 = CARTESIAN_POINT('',(12.,-2.41));
#3015 = CARTESIAN_POINT('',(25.4,-2.41));
#3016 = ( GEOMETRIC_REPRESENTATION_CONTEXT(2) 
PARAMETRIC_REPRESENTATION_CONTEXT() REPRESENTATION_CONTEXT('2D SPACE',''
  ) );
#3017 = PCURVE('',#3018,#3023);
#3018 = PLANE('',#3019);
#3019 = AXIS2_PLACEMENT_3D('',#3020,#3021,#3022);
#3020 = CARTESIAN_POINT('',(124.,105.,0.));
#3021 = DIRECTION('',(0.,-1.,0.));
#3022 = DIRECTION('',(-1.,0.,0.));
#3023 = DEFINITIONAL_REPRESENTATION('',(#3024),#3027);
#3024 = B_SPLINE_CURVE_WITH_KNOTS('',1,(#3025,#3026),.UNSPECIFIED.,.F.,
  .F.,(2,2),(11.5,24.9),.PIECEWISE_BEZIER_KNOTS.);
#3025 = CARTESIAN_POINT('',(62.,-11.));
#3026 = CARTESIAN_POINT('',(62.,-24.4));
#3027 = ( GEOMETRIC_REPRESENTATION_CONTEXT(2) 
PARAMETRIC_REPRESENTATION_CONTEXT() REPRESENTATION_CONTEXT('2D SPACE',''
  ) );
#3028 = ADVANCED_FACE('',(#3029),#493,.F.);
#3029 = FACE_BOUND('',#3030,.F.);
#3030 = EDGE_LOOP('',(#3031,#3053,#3074,#3075));
#3031 = ORIENTED_EDGE('',*,*,#3032,.T.);
#3032 = EDGE_CURVE('',#476,#3033,#3035,.T.);
#3033 = VERTEX_POINT('',#3034);
#3034 = CARTESIAN_POINT('',(114.,0.,24.4));
#3035 = SURFACE_CURVE('',#3036,(#3040,#3047),.PCURVE_S1.);
#3036 = LINE('',#3037,#3038);
#3037 = CARTESIAN_POINT('',(32.25,0.,24.4));
#3038 = VECTOR('',#3039,1.);
#3039 = DIRECTION('',(1.,0.,0.));
#3040 = PCURVE('',#493,#3041);
#3041 = DEFINITIONAL_REPRESENTATION('',(#3042),#3046);
#3042 = LINE('',#3043,#3044);
#3043 = CARTESIAN_POINT('',(-16.25,1.));
#3044 = VECTOR('',#3045,1.);
#3045 = DIRECTION('',(1.,0.));
#3046 = ( GEOMETRIC_REPRESENTATION_CONTEXT(2) 
PARAMETRIC_REPRESENTATION_CONTEXT() REPRESENTATION_CONTEXT('2D SPACE',''
  ) );
#3047 = PCURVE('',#520,#3048);
#3048 = DEFINITIONAL_REPRESENTATION('',(#3049),#3052);
#3049 = B_SPLINE_CURVE_WITH_KNOTS('',1,(#3050,#3051),.UNSPECIFIED.,.F.,
  .F.,(2,2),(16.25,81.75),.PIECEWISE_BEZIER_KNOTS.);
#3050 = CARTESIAN_POINT('',(32.5,-24.4));
#3051 = CARTESIAN_POINT('',(98.,-24.4));
#3052 = ( GEOMETRIC_REPRESENTATION_CONTEXT(2) 
PARAMETRIC_REPRESENTATION_CONTEXT() REPRESENTATION_CONTEXT('2D SPACE',''
  ) );
#3053 = ORIENTED_EDGE('',*,*,#3054,.T.);
#3054 = EDGE_CURVE('',#3033,#2707,#3055,.T.);
#3055 = SURFACE_CURVE('',#3056,(#3060,#3067),.PCURVE_S1.);
#3056 = LINE('',#3057,#3058);
#3057 = CARTESIAN_POINT('',(114.,-1.,24.4));
#3058 = VECTOR('',#3059,1.);
#3059 = DIRECTION('',(-0.,1.,0.));
#3060 = PCURVE('',#493,#3061);
#3061 = DEFINITIONAL_REPRESENTATION('',(#3062),#3066);
#3062 = LINE('',#3063,#3064);
#3063 = CARTESIAN_POINT('',(65.5,0.));
#3064 = VECTOR('',#3065,1.);
#3065 = DIRECTION('',(0.,1.));
#3066 = ( GEOMETRIC_REPRESENTATION_CONTEXT(2) 
PARAMETRIC_REPRESENTATION_CONTEXT() REPRESENTATION_CONTEXT('2D SPACE',''
  ) );
#3067 = PCURVE('',#2721,#3068);
#3068 = DEFINITIONAL_REPRESENTATION('',(#3069),#3073);
#3069 = LINE('',#3070,#3071);
#3070 = CARTESIAN_POINT('',(25.4,0.));
#3071 = VECTOR('',#3072,1.);
#3072 = DIRECTION('',(0.,-1.));
#3073 = ( GEOMETRIC_REPRESENTATION_CONTEXT(2) 
PARAMETRIC_REPRESENTATION_CONTEXT() REPRESENTATION_CONTEXT('2D SPACE',''
  ) );
#3074 = ORIENTED_EDGE('',*,*,#2732,.T.);
#3075 = ORIENTED_EDGE('',*,*,#475,.F.);
#3076 = ADVANCED_FACE('',(#3077),#572,.F.);
#3077 = FACE_BOUND('',#3078,.F.);
#3078 = EDGE_LOOP('',(#3079,#3080,#3081,#3104));
#3079 = ORIENTED_EDGE('',*,*,#557,.T.);
#3080 = ORIENTED_EDGE('',*,*,#718,.T.);
#3081 = ORIENTED_EDGE('',*,*,#3082,.T.);
#3082 = EDGE_CURVE('',#719,#3083,#3085,.T.);
#3083 = VERTEX_POINT('',#3084);
#3084 = CARTESIAN_POINT('',(16.331370849898,0.8,11.));
#3085 = SURFACE_CURVE('',#3086,(#3090,#3097),.PCURVE_S1.);
#3086 = LINE('',#3087,#3088);
#3087 = CARTESIAN_POINT('',(16.331370849898,0.8,9.7));
#3088 = VECTOR('',#3089,1.);
#3089 = DIRECTION('',(0.,0.,1.));
#3090 = PCURVE('',#572,#3091);
#3091 = DEFINITIONAL_REPRESENTATION('',(#3092),#3096);
#3092 = LINE('',#3093,#3094);
#3093 = CARTESIAN_POINT('',(0.,0.));
#3094 = VECTOR('',#3095,1.);
#3095 = DIRECTION('',(0.,-1.));
#3096 = ( GEOMETRIC_REPRESENTATION_CONTEXT(2) 
PARAMETRIC_REPRESENTATION_CONTEXT() REPRESENTATION_CONTEXT('2D SPACE',''
  ) );
#3097 = PCURVE('',#754,#3098);
#3098 = DEFINITIONAL_REPRESENTATION('',(#3099),#3103);
#3099 = LINE('',#3100,#3101);
#3100 = CARTESIAN_POINT('',(21.964675298173,0.));
#3101 = VECTOR('',#3102,1.);
#3102 = DIRECTION('',(0.,-1.));
#3103 = ( GEOMETRIC_REPRESENTATION_CONTEXT(2) 
PARAMETRIC_REPRESENTATION_CONTEXT() REPRESENTATION_CONTEXT('2D SPACE',''
  ) );
#3104 = ORIENTED_EDGE('',*,*,#3105,.F.);
#3105 = EDGE_CURVE('',#532,#3083,#3106,.T.);
#3106 = SURFACE_CURVE('',#3107,(#3111,#3117),.PCURVE_S1.);
#3107 = LINE('',#3108,#3109);
#3108 = CARTESIAN_POINT('',(43.165685424949,0.8,11.));
#3109 = VECTOR('',#3110,1.);
#3110 = DIRECTION('',(-1.,0.,0.));
#3111 = PCURVE('',#572,#3112);
#3112 = DEFINITIONAL_REPRESENTATION('',(#3113),#3116);
#3113 = B_SPLINE_CURVE_WITH_KNOTS('',1,(#3114,#3115),.UNSPECIFIED.,.F.,
  .F.,(2,2),(-96.03431457505,26.834314575051),.PIECEWISE_BEZIER_KNOTS.);
#3114 = CARTESIAN_POINT('',(122.8686291501,-1.3));
#3115 = CARTESIAN_POINT('',(0.,-1.3));
#3116 = ( GEOMETRIC_REPRESENTATION_CONTEXT(2) 
PARAMETRIC_REPRESENTATION_CONTEXT() REPRESENTATION_CONTEXT('2D SPACE',''
  ) );
#3117 = PCURVE('',#546,#3118);
#3118 = DEFINITIONAL_REPRESENTATION('',(#3119),#3122);
#3119 = B_SPLINE_CURVE_WITH_KNOTS('',1,(#3120,#3121),.UNSPECIFIED.,.F.,
  .F.,(2,2),(-96.03431457505,26.834314575051),.PIECEWISE_BEZIER_KNOTS.);
#3120 = CARTESIAN_POINT('',(69.2,-51.7));
#3121 = CARTESIAN_POINT('',(-53.6686291501,-51.7));
#3122 = ( GEOMETRIC_REPRESENTATION_CONTEXT(2) 
PARAMETRIC_REPRESENTATION_CONTEXT() REPRESENTATION_CONTEXT('2D SPACE',''
  ) );
#3123 = ADVANCED_FACE('',(#3124),#546,.F.);
#3124 = FACE_BOUND('',#3125,.F.);
#3125 = EDGE_LOOP('',(#3126,#3127,#3150,#3178,#3206,#3227,#3228,#3229,
    #3250,#3271));
#3126 = ORIENTED_EDGE('',*,*,#2984,.T.);
#3127 = ORIENTED_EDGE('',*,*,#3128,.T.);
#3128 = EDGE_CURVE('',#2985,#3129,#3131,.T.);
#3129 = VERTEX_POINT('',#3130);
#3130 = CARTESIAN_POINT('',(0.,105.,11.));
#3131 = SURFACE_CURVE('',#3132,(#3136,#3143),.PCURVE_S1.);
#3132 = LINE('',#3133,#3134);
#3133 = CARTESIAN_POINT('',(124.,105.,11.));
#3134 = VECTOR('',#3135,1.);
#3135 = DIRECTION('',(-1.,0.,0.));
#3136 = PCURVE('',#546,#3137);
#3137 = DEFINITIONAL_REPRESENTATION('',(#3138),#3142);
#3138 = LINE('',#3139,#3140);
#3139 = CARTESIAN_POINT('',(54.,52.5));
#3140 = VECTOR('',#3141,1.);
#3141 = DIRECTION('',(-1.,0.));
#3142 = ( GEOMETRIC_REPRESENTATION_CONTEXT(2) 
PARAMETRIC_REPRESENTATION_CONTEXT() REPRESENTATION_CONTEXT('2D SPACE',''
  ) );
#3143 = PCURVE('',#3018,#3144);
#3144 = DEFINITIONAL_REPRESENTATION('',(#3145),#3149);
#3145 = LINE('',#3146,#3147);
#3146 = CARTESIAN_POINT('',(0.,-11.));
#3147 = VECTOR('',#3148,1.);
#3148 = DIRECTION('',(1.,0.));
#3149 = ( GEOMETRIC_REPRESENTATION_CONTEXT(2) 
PARAMETRIC_REPRESENTATION_CONTEXT() REPRESENTATION_CONTEXT('2D SPACE',''
  ) );
#3150 = ORIENTED_EDGE('',*,*,#3151,.T.);
#3151 = EDGE_CURVE('',#3129,#3152,#3154,.T.);
#3152 = VERTEX_POINT('',#3153);
#3153 = CARTESIAN_POINT('',(0.,16.,11.));
#3154 = SURFACE_CURVE('',#3155,(#3159,#3166),.PCURVE_S1.);
#3155 = LINE('',#3156,#3157);
#3156 = CARTESIAN_POINT('',(0.,105.,11.));
#3157 = VECTOR('',#3158,1.);
#3158 = DIRECTION('',(0.,-1.,0.));
#3159 = PCURVE('',#546,#3160);
#3160 = DEFINITIONAL_REPRESENTATION('',(#3161),#3165);
#3161 = LINE('',#3162,#3163);
#3162 = CARTESIAN_POINT('',(-70.,52.5));
#3163 = VECTOR('',#3164,1.);
#3164 = DIRECTION('',(0.,-1.));
#3165 = ( GEOMETRIC_REPRESENTATION_CONTEXT(2) 
PARAMETRIC_REPRESENTATION_CONTEXT() REPRESENTATION_CONTEXT('2D SPACE',''
  ) );
#3166 = PCURVE('',#3167,#3172);
#3167 = PLANE('',#3168);
#3168 = AXIS2_PLACEMENT_3D('',#3169,#3170,#3171);
#3169 = CARTESIAN_POINT('',(0.,105.,0.));
#3170 = DIRECTION('',(1.,0.,-0.));
#3171 = DIRECTION('',(0.,-1.,0.));
#3172 = DEFINITIONAL_REPRESENTATION('',(#3173),#3177);
#3173 = LINE('',#3174,#3175);
#3174 = CARTESIAN_POINT('',(0.,-11.));
#3175 = VECTOR('',#3176,1.);
#3176 = DIRECTION('',(1.,0.));
#3177 = ( GEOMETRIC_REPRESENTATION_CONTEXT(2) 
PARAMETRIC_REPRESENTATION_CONTEXT() REPRESENTATION_CONTEXT('2D SPACE',''
  ) );
#3178 = ORIENTED_EDGE('',*,*,#3179,.T.);
#3179 = EDGE_CURVE('',#3152,#3180,#3182,.T.);
#3180 = VERTEX_POINT('',#3181);
#3181 = CARTESIAN_POINT('',(16.,0.,11.));
#3182 = SURFACE_CURVE('',#3183,(#3187,#3194),.PCURVE_S1.);
#3183 = LINE('',#3184,#3185);
#3184 = CARTESIAN_POINT('',(0.,16.,11.));
#3185 = VECTOR('',#3186,1.);
#3186 = DIRECTION('',(0.707106781187,-0.707106781187,0.));
#3187 = PCURVE('',#546,#3188);
#3188 = DEFINITIONAL_REPRESENTATION('',(#3189),#3193);
#3189 = LINE('',#3190,#3191);
#3190 = CARTESIAN_POINT('',(-70.,-36.5));
#3191 = VECTOR('',#3192,1.);
#3192 = DIRECTION('',(0.707106781187,-0.707106781187));
#3193 = ( GEOMETRIC_REPRESENTATION_CONTEXT(2) 
PARAMETRIC_REPRESENTATION_CONTEXT() REPRESENTATION_CONTEXT('2D SPACE',''
  ) );
#3194 = PCURVE('',#3195,#3200);
#3195 = PLANE('',#3196);
#3196 = AXIS2_PLACEMENT_3D('',#3197,#3198,#3199);
#3197 = CARTESIAN_POINT('',(0.,16.,0.));
#3198 = DIRECTION('',(0.707106781187,0.707106781187,-0.));
#3199 = DIRECTION('',(0.707106781187,-0.707106781187,0.));
#3200 = DEFINITIONAL_REPRESENTATION('',(#3201),#3205);
#3201 = LINE('',#3202,#3203);
#3202 = CARTESIAN_POINT('',(0.,-11.));
#3203 = VECTOR('',#3204,1.);
#3204 = DIRECTION('',(1.,0.));
#3205 = ( GEOMETRIC_REPRESENTATION_CONTEXT(2) 
PARAMETRIC_REPRESENTATION_CONTEXT() REPRESENTATION_CONTEXT('2D SPACE',''
  ) );
#3206 = ORIENTED_EDGE('',*,*,#3207,.T.);
#3207 = EDGE_CURVE('',#3180,#506,#3208,.T.);
#3208 = SURFACE_CURVE('',#3209,(#3213,#3220),.PCURVE_S1.);
#3209 = LINE('',#3210,#3211);
#3210 = CARTESIAN_POINT('',(16.,0.,11.));
#3211 = VECTOR('',#3212,1.);
#3212 = DIRECTION('',(1.,0.,0.));
#3213 = PCURVE('',#546,#3214);
#3214 = DEFINITIONAL_REPRESENTATION('',(#3215),#3219);
#3215 = LINE('',#3216,#3217);
#3216 = CARTESIAN_POINT('',(-54.,-52.5));
#3217 = VECTOR('',#3218,1.);
#3218 = DIRECTION('',(1.,0.));
#3219 = ( GEOMETRIC_REPRESENTATION_CONTEXT(2) 
PARAMETRIC_REPRESENTATION_CONTEXT() REPRESENTATION_CONTEXT('2D SPACE',''
  ) );
#3220 = PCURVE('',#520,#3221);
#3221 = DEFINITIONAL_REPRESENTATION('',(#3222),#3226);
#3222 = LINE('',#3223,#3224);
#3223 = CARTESIAN_POINT('',(0.,-11.));
#3224 = VECTOR('',#3225,1.);
#3225 = DIRECTION('',(1.,0.));
#3226 = ( GEOMETRIC_REPRESENTATION_CONTEXT(2) 
PARAMETRIC_REPRESENTATION_CONTEXT() REPRESENTATION_CONTEXT('2D SPACE',''
  ) );
#3227 = ORIENTED_EDGE('',*,*,#531,.T.);
#3228 = ORIENTED_EDGE('',*,*,#3105,.T.);
#3229 = ORIENTED_EDGE('',*,*,#3230,.T.);
#3230 = EDGE_CURVE('',#3083,#3231,#3233,.T.);
#3231 = VERTEX_POINT('',#3232);
#3232 = CARTESIAN_POINT('',(0.8,16.331370849898,11.));
#3233 = SURFACE_CURVE('',#3234,(#3238,#3244),.PCURVE_S1.);
#3234 = LINE('',#3235,#3236);
#3235 = CARTESIAN_POINT('',(9.057842712475,8.073528137424,11.));
#3236 = VECTOR('',#3237,1.);
#3237 = DIRECTION('',(-0.707106781187,0.707106781187,0.));
#3238 = PCURVE('',#546,#3239);
#3239 = DEFINITIONAL_REPRESENTATION('',(#3240),#3243);
#3240 = B_SPLINE_CURVE_WITH_KNOTS('',1,(#3241,#3242),.UNSPECIFIED.,.F.,
  .F.,(2,2),(-10.28632213824,11.678353159925),.PIECEWISE_BEZIER_KNOTS.);
#3241 = CARTESIAN_POINT('',(-53.6686291501,-51.7));
#3242 = CARTESIAN_POINT('',(-69.2,-36.1686291501));
#3243 = ( GEOMETRIC_REPRESENTATION_CONTEXT(2) 
PARAMETRIC_REPRESENTATION_CONTEXT() REPRESENTATION_CONTEXT('2D SPACE',''
  ) );
#3244 = PCURVE('',#754,#3245);
#3245 = DEFINITIONAL_REPRESENTATION('',(#3246),#3249);
#3246 = B_SPLINE_CURVE_WITH_KNOTS('',1,(#3247,#3248),.UNSPECIFIED.,.F.,
  .F.,(2,2),(-10.28632213824,11.678353159925),.PIECEWISE_BEZIER_KNOTS.);
#3247 = CARTESIAN_POINT('',(21.964675298173,-1.3));
#3248 = CARTESIAN_POINT('',(1.7763568394E-15,-1.3));
#3249 = ( GEOMETRIC_REPRESENTATION_CONTEXT(2) 
PARAMETRIC_REPRESENTATION_CONTEXT() REPRESENTATION_CONTEXT('2D SPACE',''
  ) );
#3250 = ORIENTED_EDGE('',*,*,#3251,.T.);
#3251 = EDGE_CURVE('',#3231,#3252,#3254,.T.);
#3252 = VERTEX_POINT('',#3253);
#3253 = CARTESIAN_POINT('',(0.8,104.2,11.));
#3254 = SURFACE_CURVE('',#3255,(#3259,#3265),.PCURVE_S1.);
#3255 = LINE('',#3256,#3257);
#3256 = CARTESIAN_POINT('',(0.8,78.35,11.));
#3257 = VECTOR('',#3258,1.);
#3258 = DIRECTION('',(-0.,1.,0.));
#3259 = PCURVE('',#546,#3260);
#3260 = DEFINITIONAL_REPRESENTATION('',(#3261),#3264);
#3261 = B_SPLINE_CURVE_WITH_KNOTS('',1,(#3262,#3263),.UNSPECIFIED.,.F.,
  .F.,(2,2),(-62.0186291501,25.85),.PIECEWISE_BEZIER_KNOTS.);
#3262 = CARTESIAN_POINT('',(-69.2,-36.1686291501));
#3263 = CARTESIAN_POINT('',(-69.2,51.7));
#3264 = ( GEOMETRIC_REPRESENTATION_CONTEXT(2) 
PARAMETRIC_REPRESENTATION_CONTEXT() REPRESENTATION_CONTEXT('2D SPACE',''
  ) );
#3265 = PCURVE('',#780,#3266);
#3266 = DEFINITIONAL_REPRESENTATION('',(#3267),#3270);
#3267 = B_SPLINE_CURVE_WITH_KNOTS('',1,(#3268,#3269),.UNSPECIFIED.,.F.,
  .F.,(2,2),(-62.0186291501,25.85),.PIECEWISE_BEZIER_KNOTS.);
#3268 = CARTESIAN_POINT('',(87.868629150102,-1.3));
#3269 = CARTESIAN_POINT('',(0.,-1.3));
#3270 = ( GEOMETRIC_REPRESENTATION_CONTEXT(2) 
PARAMETRIC_REPRESENTATION_CONTEXT() REPRESENTATION_CONTEXT('2D SPACE',''
  ) );
#3271 = ORIENTED_EDGE('',*,*,#3272,.T.);
#3272 = EDGE_CURVE('',#3252,#2964,#3273,.T.);
#3273 = SURFACE_CURVE('',#3274,(#3278,#3284),.PCURVE_S1.);
#3274 = LINE('',#3275,#3276);
#3275 = CARTESIAN_POINT('',(96.834314575051,104.2,11.));
#3276 = VECTOR('',#3277,1.);
#3277 = DIRECTION('',(1.,0.,-0.));
#3278 = PCURVE('',#546,#3279);
#3279 = DEFINITIONAL_REPRESENTATION('',(#3280),#3283);
#3280 = B_SPLINE_CURVE_WITH_KNOTS('',1,(#3281,#3282),.UNSPECIFIED.,.F.,
  .F.,(2,2),(-96.03431457505,26.834314575051),.PIECEWISE_BEZIER_KNOTS.);
#3281 = CARTESIAN_POINT('',(-69.2,51.7));
#3282 = CARTESIAN_POINT('',(53.668629150102,51.7));
#3283 = ( GEOMETRIC_REPRESENTATION_CONTEXT(2) 
PARAMETRIC_REPRESENTATION_CONTEXT() REPRESENTATION_CONTEXT('2D SPACE',''
  ) );
#3284 = PCURVE('',#804,#3285);
#3285 = DEFINITIONAL_REPRESENTATION('',(#3286),#3289);
#3286 = B_SPLINE_CURVE_WITH_KNOTS('',1,(#3287,#3288),.UNSPECIFIED.,.F.,
  .F.,(2,2),(-96.03431457505,26.834314575051),.PIECEWISE_BEZIER_KNOTS.);
#3287 = CARTESIAN_POINT('',(122.8686291501,-1.3));
#3288 = CARTESIAN_POINT('',(-3.552713678801E-15,-1.3));
#3289 = ( GEOMETRIC_REPRESENTATION_CONTEXT(2) 
PARAMETRIC_REPRESENTATION_CONTEXT() REPRESENTATION_CONTEXT('2D SPACE',''
  ) );
#3290 = ADVANCED_FACE('',(#3291),#520,.F.);
#3291 = FACE_BOUND('',#3292,.F.);
#3292 = EDGE_LOOP('',(#3293,#3294,#3317,#3345,#3373,#3401,#3420,#3421));
#3293 = ORIENTED_EDGE('',*,*,#3207,.F.);
#3294 = ORIENTED_EDGE('',*,*,#3295,.T.);
#3295 = EDGE_CURVE('',#3180,#3296,#3298,.T.);
#3296 = VERTEX_POINT('',#3297);
#3297 = CARTESIAN_POINT('',(16.,1.887379141863E-15,25.6));
#3298 = SURFACE_CURVE('',#3299,(#3303,#3310),.PCURVE_S1.);
#3299 = LINE('',#3300,#3301);
#3300 = CARTESIAN_POINT('',(16.,0.,0.));
#3301 = VECTOR('',#3302,1.);
#3302 = DIRECTION('',(0.,0.,1.));
#3303 = PCURVE('',#520,#3304);
#3304 = DEFINITIONAL_REPRESENTATION('',(#3305),#3309);
#3305 = LINE('',#3306,#3307);
#3306 = CARTESIAN_POINT('',(0.,0.));
#3307 = VECTOR('',#3308,1.);
#3308 = DIRECTION('',(0.,-1.));
#3309 = ( GEOMETRIC_REPRESENTATION_CONTEXT(2) 
PARAMETRIC_REPRESENTATION_CONTEXT() REPRESENTATION_CONTEXT('2D SPACE',''
  ) );
#3310 = PCURVE('',#3195,#3311);
#3311 = DEFINITIONAL_REPRESENTATION('',(#3312),#3316);
#3312 = LINE('',#3313,#3314);
#3313 = CARTESIAN_POINT('',(22.62741699797,0.));
#3314 = VECTOR('',#3315,1.);
#3315 = DIRECTION('',(0.,-1.));
#3316 = ( GEOMETRIC_REPRESENTATION_CONTEXT(2) 
PARAMETRIC_REPRESENTATION_CONTEXT() REPRESENTATION_CONTEXT('2D SPACE',''
  ) );
#3317 = ORIENTED_EDGE('',*,*,#3318,.T.);
#3318 = EDGE_CURVE('',#3296,#3319,#3321,.T.);
#3319 = VERTEX_POINT('',#3320);
#3320 = CARTESIAN_POINT('',(140.,1.887379141863E-15,25.6));
#3321 = SURFACE_CURVE('',#3322,(#3326,#3333),.PCURVE_S1.);
#3322 = LINE('',#3323,#3324);
#3323 = CARTESIAN_POINT('',(16.,0.,25.6));
#3324 = VECTOR('',#3325,1.);
#3325 = DIRECTION('',(1.,0.,0.));
#3326 = PCURVE('',#520,#3327);
#3327 = DEFINITIONAL_REPRESENTATION('',(#3328),#3332);
#3328 = LINE('',#3329,#3330);
#3329 = CARTESIAN_POINT('',(0.,-25.6));
#3330 = VECTOR('',#3331,1.);
#3331 = DIRECTION('',(1.,0.));
#3332 = ( GEOMETRIC_REPRESENTATION_CONTEXT(2) 
PARAMETRIC_REPRESENTATION_CONTEXT() REPRESENTATION_CONTEXT('2D SPACE',''
  ) );
#3333 = PCURVE('',#3334,#3339);
#3334 = PLANE('',#3335);
#3335 = AXIS2_PLACEMENT_3D('',#3336,#3337,#3338);
#3336 = CARTESIAN_POINT('',(16.,1.,26.6));
#3337 = DIRECTION('',(0.,0.707106781187,-0.707106781187));
#3338 = DIRECTION('',(-1.,-0.,-0.));
#3339 = DEFINITIONAL_REPRESENTATION('',(#3340),#3344);
#3340 = LINE('',#3341,#3342);
#3341 = CARTESIAN_POINT('',(-0.,-1.414213562373));
#3342 = VECTOR('',#3343,1.);
#3343 = DIRECTION('',(-1.,0.));
#3344 = ( GEOMETRIC_REPRESENTATION_CONTEXT(2) 
PARAMETRIC_REPRESENTATION_CONTEXT() REPRESENTATION_CONTEXT('2D SPACE',''
  ) );
#3345 = ORIENTED_EDGE('',*,*,#3346,.F.);
#3346 = EDGE_CURVE('',#3347,#3319,#3349,.T.);
#3347 = VERTEX_POINT('',#3348);
#3348 = CARTESIAN_POINT('',(140.,0.,11.));
#3349 = SURFACE_CURVE('',#3350,(#3354,#3361),.PCURVE_S1.);
#3350 = LINE('',#3351,#3352);
#3351 = CARTESIAN_POINT('',(140.,0.,0.));
#3352 = VECTOR('',#3353,1.);
#3353 = DIRECTION('',(0.,0.,1.));
#3354 = PCURVE('',#520,#3355);
#3355 = DEFINITIONAL_REPRESENTATION('',(#3356),#3360);
#3356 = LINE('',#3357,#3358);
#3357 = CARTESIAN_POINT('',(124.,0.));
#3358 = VECTOR('',#3359,1.);
#3359 = DIRECTION('',(0.,-1.));
#3360 = ( GEOMETRIC_REPRESENTATION_CONTEXT(2) 
PARAMETRIC_REPRESENTATION_CONTEXT() REPRESENTATION_CONTEXT('2D SPACE',''
  ) );
#3361 = PCURVE('',#3362,#3367);
#3362 = PLANE('',#3363);
#3363 = AXIS2_PLACEMENT_3D('',#3364,#3365,#3366);
#3364 = CARTESIAN_POINT('',(140.,0.,0.));
#3365 = DIRECTION('',(-1.,0.,0.));
#3366 = DIRECTION('',(0.,1.,0.));
#3367 = DEFINITIONAL_REPRESENTATION('',(#3368),#3372);
#3368 = LINE('',#3369,#3370);
#3369 = CARTESIAN_POINT('',(0.,0.));
#3370 = VECTOR('',#3371,1.);
#3371 = DIRECTION('',(0.,-1.));
#3372 = ( GEOMETRIC_REPRESENTATION_CONTEXT(2) 
PARAMETRIC_REPRESENTATION_CONTEXT() REPRESENTATION_CONTEXT('2D SPACE',''
  ) );
#3373 = ORIENTED_EDGE('',*,*,#3374,.F.);
#3374 = EDGE_CURVE('',#3375,#3347,#3377,.T.);
#3375 = VERTEX_POINT('',#3376);
#3376 = CARTESIAN_POINT('',(114.,0.,11.));
#3377 = SURFACE_CURVE('',#3378,(#3382,#3389),.PCURVE_S1.);
#3378 = LINE('',#3379,#3380);
#3379 = CARTESIAN_POINT('',(16.,0.,11.));
#3380 = VECTOR('',#3381,1.);
#3381 = DIRECTION('',(1.,0.,0.));
#3382 = PCURVE('',#520,#3383);
#3383 = DEFINITIONAL_REPRESENTATION('',(#3384),#3388);
#3384 = LINE('',#3385,#3386);
#3385 = CARTESIAN_POINT('',(0.,-11.));
#3386 = VECTOR('',#3387,1.);
#3387 = DIRECTION('',(1.,0.));
#3388 = ( GEOMETRIC_REPRESENTATION_CONTEXT(2) 
PARAMETRIC_REPRESENTATION_CONTEXT() REPRESENTATION_CONTEXT('2D SPACE',''
  ) );
#3389 = PCURVE('',#3390,#3395);
#3390 = PLANE('',#3391);
#3391 = AXIS2_PLACEMENT_3D('',#3392,#3393,#3394);
#3392 = CARTESIAN_POINT('',(70.,52.5,11.));
#3393 = DIRECTION('',(0.,0.,1.));
#3394 = DIRECTION('',(1.,0.,-0.));
#3395 = DEFINITIONAL_REPRESENTATION('',(#3396),#3400);
#3396 = LINE('',#3397,#3398);
#3397 = CARTESIAN_POINT('',(-54.,-52.5));
#3398 = VECTOR('',#3399,1.);
#3399 = DIRECTION('',(1.,0.));
#3400 = ( GEOMETRIC_REPRESENTATION_CONTEXT(2) 
PARAMETRIC_REPRESENTATION_CONTEXT() REPRESENTATION_CONTEXT('2D SPACE',''
  ) );
#3401 = ORIENTED_EDGE('',*,*,#3402,.F.);
#3402 = EDGE_CURVE('',#3033,#3375,#3403,.T.);
#3403 = SURFACE_CURVE('',#3404,(#3408,#3414),.PCURVE_S1.);
#3404 = LINE('',#3405,#3406);
#3405 = CARTESIAN_POINT('',(114.,0.,-0.5));
#3406 = VECTOR('',#3407,1.);
#3407 = DIRECTION('',(-0.,0.,-1.));
#3408 = PCURVE('',#520,#3409);
#3409 = DEFINITIONAL_REPRESENTATION('',(#3410),#3413);
#3410 = B_SPLINE_CURVE_WITH_KNOTS('',1,(#3411,#3412),.UNSPECIFIED.,.F.,
  .F.,(2,2),(-24.9,-11.5),.PIECEWISE_BEZIER_KNOTS.);
#3411 = CARTESIAN_POINT('',(98.,-24.4));
#3412 = CARTESIAN_POINT('',(98.,-11.));
#3413 = ( GEOMETRIC_REPRESENTATION_CONTEXT(2) 
PARAMETRIC_REPRESENTATION_CONTEXT() REPRESENTATION_CONTEXT('2D SPACE',''
  ) );
#3414 = PCURVE('',#2721,#3415);
#3415 = DEFINITIONAL_REPRESENTATION('',(#3416),#3419);
#3416 = B_SPLINE_CURVE_WITH_KNOTS('',1,(#3417,#3418),.UNSPECIFIED.,.F.,
  .F.,(2,2),(-24.9,-11.5),.PIECEWISE_BEZIER_KNOTS.);
#3417 = CARTESIAN_POINT('',(25.4,-1.));
#3418 = CARTESIAN_POINT('',(12.,-1.));
#3419 = ( GEOMETRIC_REPRESENTATION_CONTEXT(2) 
PARAMETRIC_REPRESENTATION_CONTEXT() REPRESENTATION_CONTEXT('2D SPACE',''
  ) );
#3420 = ORIENTED_EDGE('',*,*,#3032,.F.);
#3421 = ORIENTED_EDGE('',*,*,#505,.T.);
#3422 = ADVANCED_FACE('',(#3423),#804,.F.);
#3423 = FACE_BOUND('',#3424,.F.);
#3424 = EDGE_LOOP('',(#3425,#3446,#3447,#3448));
#3425 = ORIENTED_EDGE('',*,*,#3426,.F.);
#3426 = EDGE_CURVE('',#766,#3252,#3427,.T.);
#3427 = SURFACE_CURVE('',#3428,(#3432,#3439),.PCURVE_S1.);
#3428 = LINE('',#3429,#3430);
#3429 = CARTESIAN_POINT('',(0.8,104.2,9.7));
#3430 = VECTOR('',#3431,1.);
#3431 = DIRECTION('',(0.,0.,1.));
#3432 = PCURVE('',#804,#3433);
#3433 = DEFINITIONAL_REPRESENTATION('',(#3434),#3438);
#3434 = LINE('',#3435,#3436);
#3435 = CARTESIAN_POINT('',(122.8686291501,0.));
#3436 = VECTOR('',#3437,1.);
#3437 = DIRECTION('',(0.,-1.));
#3438 = ( GEOMETRIC_REPRESENTATION_CONTEXT(2) 
PARAMETRIC_REPRESENTATION_CONTEXT() REPRESENTATION_CONTEXT('2D SPACE',''
  ) );
#3439 = PCURVE('',#780,#3440);
#3440 = DEFINITIONAL_REPRESENTATION('',(#3441),#3445);
#3441 = LINE('',#3442,#3443);
#3442 = CARTESIAN_POINT('',(0.,0.));
#3443 = VECTOR('',#3444,1.);
#3444 = DIRECTION('',(0.,-1.));
#3445 = ( GEOMETRIC_REPRESENTATION_CONTEXT(2) 
PARAMETRIC_REPRESENTATION_CONTEXT() REPRESENTATION_CONTEXT('2D SPACE',''
  ) );
#3446 = ORIENTED_EDGE('',*,*,#791,.T.);
#3447 = ORIENTED_EDGE('',*,*,#2963,.T.);
#3448 = ORIENTED_EDGE('',*,*,#3272,.F.);
#3449 = ADVANCED_FACE('',(#3450),#780,.F.);
#3450 = FACE_BOUND('',#3451,.F.);
#3451 = EDGE_LOOP('',(#3452,#3453,#3454,#3455));
#3452 = ORIENTED_EDGE('',*,*,#765,.T.);
#3453 = ORIENTED_EDGE('',*,*,#3426,.T.);
#3454 = ORIENTED_EDGE('',*,*,#3251,.F.);
#3455 = ORIENTED_EDGE('',*,*,#3456,.F.);
#3456 = EDGE_CURVE('',#740,#3231,#3457,.T.);
#3457 = SURFACE_CURVE('',#3458,(#3462,#3469),.PCURVE_S1.);
#3458 = LINE('',#3459,#3460);
#3459 = CARTESIAN_POINT('',(0.8,16.331370849898,9.7));
#3460 = VECTOR('',#3461,1.);
#3461 = DIRECTION('',(0.,0.,1.));
#3462 = PCURVE('',#780,#3463);
#3463 = DEFINITIONAL_REPRESENTATION('',(#3464),#3468);
#3464 = LINE('',#3465,#3466);
#3465 = CARTESIAN_POINT('',(87.868629150102,0.));
#3466 = VECTOR('',#3467,1.);
#3467 = DIRECTION('',(0.,-1.));
#3468 = ( GEOMETRIC_REPRESENTATION_CONTEXT(2) 
PARAMETRIC_REPRESENTATION_CONTEXT() REPRESENTATION_CONTEXT('2D SPACE',''
  ) );
#3469 = PCURVE('',#754,#3470);
#3470 = DEFINITIONAL_REPRESENTATION('',(#3471),#3475);
#3471 = LINE('',#3472,#3473);
#3472 = CARTESIAN_POINT('',(9.577563997971E-15,0.));
#3473 = VECTOR('',#3474,1.);
#3474 = DIRECTION('',(0.,-1.));
#3475 = ( GEOMETRIC_REPRESENTATION_CONTEXT(2) 
PARAMETRIC_REPRESENTATION_CONTEXT() REPRESENTATION_CONTEXT('2D SPACE',''
  ) );
#3476 = ADVANCED_FACE('',(#3477),#754,.F.);
#3477 = FACE_BOUND('',#3478,.F.);
#3478 = EDGE_LOOP('',(#3479,#3480,#3481,#3482));
#3479 = ORIENTED_EDGE('',*,*,#739,.T.);
#3480 = ORIENTED_EDGE('',*,*,#3456,.T.);
#3481 = ORIENTED_EDGE('',*,*,#3230,.F.);
#3482 = ORIENTED_EDGE('',*,*,#3082,.F.);
#3483 = ADVANCED_FACE('',(#3484),#863,.F.);
#3484 = FACE_BOUND('',#3485,.F.);
#3485 = EDGE_LOOP('',(#3486,#3511,#3537,#3563,#3584,#3610,#3629,#3630));
#3486 = ORIENTED_EDGE('',*,*,#3487,.F.);
#3487 = EDGE_CURVE('',#3488,#3490,#3492,.T.);
#3488 = VERTEX_POINT('',#3489);
#3489 = CARTESIAN_POINT('',(107.4,102.45,3.2));
#3490 = VERTEX_POINT('',#3491);
#3491 = CARTESIAN_POINT('',(107.4,102.45,25.8));
#3492 = SURFACE_CURVE('',#3493,(#3497,#3504),.PCURVE_S1.);
#3493 = LINE('',#3494,#3495);
#3494 = CARTESIAN_POINT('',(107.4,102.45,-1.));
#3495 = VECTOR('',#3496,1.);
#3496 = DIRECTION('',(0.,0.,1.));
#3497 = PCURVE('',#863,#3498);
#3498 = DEFINITIONAL_REPRESENTATION('',(#3499),#3503);
#3499 = LINE('',#3500,#3501);
#3500 = CARTESIAN_POINT('',(0.,0.));
#3501 = VECTOR('',#3502,1.);
#3502 = DIRECTION('',(1.,0.));
#3503 = ( GEOMETRIC_REPRESENTATION_CONTEXT(2) 
PARAMETRIC_REPRESENTATION_CONTEXT() REPRESENTATION_CONTEXT('2D SPACE',''
  ) );
#3504 = PCURVE('',#1043,#3505);
#3505 = DEFINITIONAL_REPRESENTATION('',(#3506),#3510);
#3506 = LINE('',#3507,#3508);
#3507 = CARTESIAN_POINT('',(0.,46.8));
#3508 = VECTOR('',#3509,1.);
#3509 = DIRECTION('',(1.,0.));
#3510 = ( GEOMETRIC_REPRESENTATION_CONTEXT(2) 
PARAMETRIC_REPRESENTATION_CONTEXT() REPRESENTATION_CONTEXT('2D SPACE',''
  ) );
#3511 = ORIENTED_EDGE('',*,*,#3512,.T.);
#3512 = EDGE_CURVE('',#3488,#3513,#3515,.T.);
#3513 = VERTEX_POINT('',#3514);
#3514 = CARTESIAN_POINT('',(107.4,102.46,3.2));
#3515 = SURFACE_CURVE('',#3516,(#3520,#3526),.PCURVE_S1.);
#3516 = LINE('',#3517,#3518);
#3517 = CARTESIAN_POINT('',(107.4,101.73,3.2));
#3518 = VECTOR('',#3519,1.);
#3519 = DIRECTION('',(-0.,1.,0.));
#3520 = PCURVE('',#863,#3521);
#3521 = DEFINITIONAL_REPRESENTATION('',(#3522),#3525);
#3522 = B_SPLINE_CURVE_WITH_KNOTS('',1,(#3523,#3524),.UNSPECIFIED.,.F.,
  .F.,(2,2),(0.72,0.73),.PIECEWISE_BEZIER_KNOTS.);
#3523 = CARTESIAN_POINT('',(4.2,0.));
#3524 = CARTESIAN_POINT('',(4.2,-9.999999999988E-03));
#3525 = ( GEOMETRIC_REPRESENTATION_CONTEXT(2) 
PARAMETRIC_REPRESENTATION_CONTEXT() REPRESENTATION_CONTEXT('2D SPACE',''
  ) );
#3526 = PCURVE('',#3527,#3532);
#3527 = PLANE('',#3528);
#3528 = AXIS2_PLACEMENT_3D('',#3529,#3530,#3531);
#3529 = CARTESIAN_POINT('',(106.,101.01,3.2));
#3530 = DIRECTION('',(0.,0.,1.));
#3531 = DIRECTION('',(1.,0.,-0.));
#3532 = DEFINITIONAL_REPRESENTATION('',(#3533),#3536);
#3533 = B_SPLINE_CURVE_WITH_KNOTS('',1,(#3534,#3535),.UNSPECIFIED.,.F.,
  .F.,(2,2),(0.72,0.73),.PIECEWISE_BEZIER_KNOTS.);
#3534 = CARTESIAN_POINT('',(1.4,1.44));
#3535 = CARTESIAN_POINT('',(1.4,1.45));
#3536 = ( GEOMETRIC_REPRESENTATION_CONTEXT(2) 
PARAMETRIC_REPRESENTATION_CONTEXT() REPRESENTATION_CONTEXT('2D SPACE',''
  ) );
#3537 = ORIENTED_EDGE('',*,*,#3538,.F.);
#3538 = EDGE_CURVE('',#3539,#3513,#3541,.T.);
#3539 = VERTEX_POINT('',#3540);
#3540 = CARTESIAN_POINT('',(107.4,102.46,24.4));
#3541 = SURFACE_CURVE('',#3542,(#3546,#3552),.PCURVE_S1.);
#3542 = LINE('',#3543,#3544);
#3543 = CARTESIAN_POINT('',(107.4,102.46,1.1));
#3544 = VECTOR('',#3545,1.);
#3545 = DIRECTION('',(-0.,0.,-1.));
#3546 = PCURVE('',#863,#3547);
#3547 = DEFINITIONAL_REPRESENTATION('',(#3548),#3551);
#3548 = B_SPLINE_CURVE_WITH_KNOTS('',1,(#3549,#3550),.UNSPECIFIED.,.F.,
  .F.,(2,2),(-23.3,-2.1),.PIECEWISE_BEZIER_KNOTS.);
#3549 = CARTESIAN_POINT('',(25.4,-9.999999999991E-03));
#3550 = CARTESIAN_POINT('',(4.2,-9.999999999991E-03));
#3551 = ( GEOMETRIC_REPRESENTATION_CONTEXT(2) 
PARAMETRIC_REPRESENTATION_CONTEXT() REPRESENTATION_CONTEXT('2D SPACE',''
  ) );
#3552 = PCURVE('',#3553,#3558);
#3553 = PLANE('',#3554);
#3554 = AXIS2_PLACEMENT_3D('',#3555,#3556,#3557);
#3555 = CARTESIAN_POINT('',(106.,102.46,3.2));
#3556 = DIRECTION('',(-0.,1.,0.));
#3557 = DIRECTION('',(0.,0.,1.));
#3558 = DEFINITIONAL_REPRESENTATION('',(#3559),#3562);
#3559 = B_SPLINE_CURVE_WITH_KNOTS('',1,(#3560,#3561),.UNSPECIFIED.,.F.,
  .F.,(2,2),(-23.3,-2.1),.PIECEWISE_BEZIER_KNOTS.);
#3560 = CARTESIAN_POINT('',(21.2,1.4));
#3561 = CARTESIAN_POINT('',(0.,1.4));
#3562 = ( GEOMETRIC_REPRESENTATION_CONTEXT(2) 
PARAMETRIC_REPRESENTATION_CONTEXT() REPRESENTATION_CONTEXT('2D SPACE',''
  ) );
#3563 = ORIENTED_EDGE('',*,*,#3564,.T.);
#3564 = EDGE_CURVE('',#3539,#3565,#3567,.T.);
#3565 = VERTEX_POINT('',#3566);
#3566 = CARTESIAN_POINT('',(107.4,102.6,24.4));
#3567 = SURFACE_CURVE('',#3568,(#3572,#3578),.PCURVE_S1.);
#3568 = LINE('',#3569,#3570);
#3569 = CARTESIAN_POINT('',(107.4,102.52,24.4));
#3570 = VECTOR('',#3571,1.);
#3571 = DIRECTION('',(-0.,1.,0.));
#3572 = PCURVE('',#863,#3573);
#3573 = DEFINITIONAL_REPRESENTATION('',(#3574),#3577);
#3574 = B_SPLINE_CURVE_WITH_KNOTS('',1,(#3575,#3576),.UNSPECIFIED.,.F.,
  .F.,(2,2),(-7.000000000001E-02,1.43),.PIECEWISE_BEZIER_KNOTS.);
#3575 = CARTESIAN_POINT('',(25.4,0.));
#3576 = CARTESIAN_POINT('',(25.4,-1.5));
#3577 = ( GEOMETRIC_REPRESENTATION_CONTEXT(2) 
PARAMETRIC_REPRESENTATION_CONTEXT() REPRESENTATION_CONTEXT('2D SPACE',''
  ) );
#3578 = PCURVE('',#1122,#3579);
#3579 = DEFINITIONAL_REPRESENTATION('',(#3580),#3583);
#3580 = B_SPLINE_CURVE_WITH_KNOTS('',1,(#3581,#3582),.UNSPECIFIED.,.F.,
  .F.,(2,2),(-7.000000000001E-02,1.43),.PIECEWISE_BEZIER_KNOTS.);
#3581 = CARTESIAN_POINT('',(45.4,-0.14));
#3582 = CARTESIAN_POINT('',(45.4,1.36));
#3583 = ( GEOMETRIC_REPRESENTATION_CONTEXT(2) 
PARAMETRIC_REPRESENTATION_CONTEXT() REPRESENTATION_CONTEXT('2D SPACE',''
  ) );
#3584 = ORIENTED_EDGE('',*,*,#3585,.F.);
#3585 = EDGE_CURVE('',#3586,#3565,#3588,.T.);
#3586 = VERTEX_POINT('',#3587);
#3587 = CARTESIAN_POINT('',(107.4,102.6,0.));
#3588 = SURFACE_CURVE('',#3589,(#3593,#3599),.PCURVE_S1.);
#3589 = LINE('',#3590,#3591);
#3590 = CARTESIAN_POINT('',(107.4,102.6,-1.));
#3591 = VECTOR('',#3592,1.);
#3592 = DIRECTION('',(0.,0.,1.));
#3593 = PCURVE('',#863,#3594);
#3594 = DEFINITIONAL_REPRESENTATION('',(#3595),#3598);
#3595 = B_SPLINE_CURVE_WITH_KNOTS('',1,(#3596,#3597),.UNSPECIFIED.,.F.,
  .F.,(2,2),(1.,25.4),.PIECEWISE_BEZIER_KNOTS.);
#3596 = CARTESIAN_POINT('',(1.,-0.15));
#3597 = CARTESIAN_POINT('',(25.4,-0.15));
#3598 = ( GEOMETRIC_REPRESENTATION_CONTEXT(2) 
PARAMETRIC_REPRESENTATION_CONTEXT() REPRESENTATION_CONTEXT('2D SPACE',''
  ) );
#3599 = PCURVE('',#3600,#3605);
#3600 = PLANE('',#3601);
#3601 = AXIS2_PLACEMENT_3D('',#3602,#3603,#3604);
#3602 = CARTESIAN_POINT('',(123.0058874503,102.6,-1.));
#3603 = DIRECTION('',(0.,-1.,0.));
#3604 = DIRECTION('',(-1.,0.,0.));
#3605 = DEFINITIONAL_REPRESENTATION('',(#3606),#3609);
#3606 = B_SPLINE_CURVE_WITH_KNOTS('',1,(#3607,#3608),.UNSPECIFIED.,.F.,
  .F.,(2,2),(1.,25.4),.PIECEWISE_BEZIER_KNOTS.);
#3607 = CARTESIAN_POINT('',(15.605887450305,-1.));
#3608 = CARTESIAN_POINT('',(15.605887450305,-25.4));
#3609 = ( GEOMETRIC_REPRESENTATION_CONTEXT(2) 
PARAMETRIC_REPRESENTATION_CONTEXT() REPRESENTATION_CONTEXT('2D SPACE',''
  ) );
#3610 = ORIENTED_EDGE('',*,*,#3611,.T.);
#3611 = EDGE_CURVE('',#3586,#846,#3612,.T.);
#3612 = SURFACE_CURVE('',#3613,(#3617,#3623),.PCURVE_S1.);
#3613 = LINE('',#3614,#3615);
#3614 = CARTESIAN_POINT('',(107.4,77.475,0.));
#3615 = VECTOR('',#3616,1.);
#3616 = DIRECTION('',(-0.,1.,0.));
#3617 = PCURVE('',#863,#3618);
#3618 = DEFINITIONAL_REPRESENTATION('',(#3619),#3622);
#3619 = B_SPLINE_CURVE_WITH_KNOTS('',1,(#3620,#3621),.UNSPECIFIED.,.F.,
  .F.,(2,2),(24.975,26.475),.PIECEWISE_BEZIER_KNOTS.);
#3620 = CARTESIAN_POINT('',(1.,0.));
#3621 = CARTESIAN_POINT('',(1.,-1.5));
#3622 = ( GEOMETRIC_REPRESENTATION_CONTEXT(2) 
PARAMETRIC_REPRESENTATION_CONTEXT() REPRESENTATION_CONTEXT('2D SPACE',''
  ) );
#3623 = PCURVE('',#890,#3624);
#3624 = DEFINITIONAL_REPRESENTATION('',(#3625),#3628);
#3625 = B_SPLINE_CURVE_WITH_KNOTS('',1,(#3626,#3627),.UNSPECIFIED.,.F.,
  .F.,(2,2),(24.975,26.475),.PIECEWISE_BEZIER_KNOTS.);
#3626 = CARTESIAN_POINT('',(37.4,49.95));
#3627 = CARTESIAN_POINT('',(37.4,51.45));
#3628 = ( GEOMETRIC_REPRESENTATION_CONTEXT(2) 
PARAMETRIC_REPRESENTATION_CONTEXT() REPRESENTATION_CONTEXT('2D SPACE',''
  ) );
#3629 = ORIENTED_EDGE('',*,*,#845,.T.);
#3630 = ORIENTED_EDGE('',*,*,#3631,.F.);
#3631 = EDGE_CURVE('',#3490,#848,#3632,.T.);
#3632 = SURFACE_CURVE('',#3633,(#3637,#3644),.PCURVE_S1.);
#3633 = LINE('',#3634,#3635);
#3634 = CARTESIAN_POINT('',(107.4,102.45,25.8));
#3635 = VECTOR('',#3636,1.);
#3636 = DIRECTION('',(-0.,1.,0.));
#3637 = PCURVE('',#863,#3638);
#3638 = DEFINITIONAL_REPRESENTATION('',(#3639),#3643);
#3639 = LINE('',#3640,#3641);
#3640 = CARTESIAN_POINT('',(26.8,0.));
#3641 = VECTOR('',#3642,1.);
#3642 = DIRECTION('',(0.,-1.));
#3643 = ( GEOMETRIC_REPRESENTATION_CONTEXT(2) 
PARAMETRIC_REPRESENTATION_CONTEXT() REPRESENTATION_CONTEXT('2D SPACE',''
  ) );
#3644 = PCURVE('',#1010,#3645);
#3645 = DEFINITIONAL_REPRESENTATION('',(#3646),#3650);
#3646 = LINE('',#3647,#3648);
#3647 = CARTESIAN_POINT('',(46.8,0.));
#3648 = VECTOR('',#3649,1.);
#3649 = DIRECTION('',(0.,1.));
#3650 = ( GEOMETRIC_REPRESENTATION_CONTEXT(2) 
PARAMETRIC_REPRESENTATION_CONTEXT() REPRESENTATION_CONTEXT('2D SPACE',''
  ) );
#3651 = ADVANCED_FACE('',(#3652),#1010,.F.);
#3652 = FACE_BOUND('',#3653,.F.);
#3653 = EDGE_LOOP('',(#3654,#3655,#3676,#3677));
#3654 = ORIENTED_EDGE('',*,*,#1154,.F.);
#3655 = ORIENTED_EDGE('',*,*,#3656,.T.);
#3656 = EDGE_CURVE('',#1028,#3490,#3657,.T.);
#3657 = SURFACE_CURVE('',#3658,(#3662,#3669),.PCURVE_S1.);
#3658 = LINE('',#3659,#3660);
#3659 = CARTESIAN_POINT('',(60.6,102.45,25.8));
#3660 = VECTOR('',#3661,1.);
#3661 = DIRECTION('',(1.,0.,-0.));
#3662 = PCURVE('',#1010,#3663);
#3663 = DEFINITIONAL_REPRESENTATION('',(#3664),#3668);
#3664 = LINE('',#3665,#3666);
#3665 = CARTESIAN_POINT('',(0.,0.));
#3666 = VECTOR('',#3667,1.);
#3667 = DIRECTION('',(1.,0.));
#3668 = ( GEOMETRIC_REPRESENTATION_CONTEXT(2) 
PARAMETRIC_REPRESENTATION_CONTEXT() REPRESENTATION_CONTEXT('2D SPACE',''
  ) );
#3669 = PCURVE('',#1043,#3670);
#3670 = DEFINITIONAL_REPRESENTATION('',(#3671),#3675);
#3671 = LINE('',#3672,#3673);
#3672 = CARTESIAN_POINT('',(26.8,0.));
#3673 = VECTOR('',#3674,1.);
#3674 = DIRECTION('',(0.,1.));
#3675 = ( GEOMETRIC_REPRESENTATION_CONTEXT(2) 
PARAMETRIC_REPRESENTATION_CONTEXT() REPRESENTATION_CONTEXT('2D SPACE',''
  ) );
#3676 = ORIENTED_EDGE('',*,*,#3631,.T.);
#3677 = ORIENTED_EDGE('',*,*,#996,.F.);
#3678 = ADVANCED_FACE('',(#3679),#942,.F.);
#3679 = FACE_BOUND('',#3680,.F.);
#3680 = EDGE_LOOP('',(#3681,#3682,#3683,#3706));
#3681 = ORIENTED_EDGE('',*,*,#2936,.F.);
#3682 = ORIENTED_EDGE('',*,*,#927,.F.);
#3683 = ORIENTED_EDGE('',*,*,#3684,.T.);
#3684 = EDGE_CURVE('',#902,#3685,#3687,.T.);
#3685 = VERTEX_POINT('',#3686);
#3686 = CARTESIAN_POINT('',(106.,105.,24.4));
#3687 = SURFACE_CURVE('',#3688,(#3692,#3699),.PCURVE_S1.);
#3688 = LINE('',#3689,#3690);
#3689 = CARTESIAN_POINT('',(106.,102.59,24.4));
#3690 = VECTOR('',#3691,1.);
#3691 = DIRECTION('',(-0.,1.,0.));
#3692 = PCURVE('',#942,#3693);
#3693 = DEFINITIONAL_REPRESENTATION('',(#3694),#3698);
#3694 = LINE('',#3695,#3696);
#3695 = CARTESIAN_POINT('',(44.,0.));
#3696 = VECTOR('',#3697,1.);
#3697 = DIRECTION('',(0.,1.));
#3698 = ( GEOMETRIC_REPRESENTATION_CONTEXT(2) 
PARAMETRIC_REPRESENTATION_CONTEXT() REPRESENTATION_CONTEXT('2D SPACE',''
  ) );
#3699 = PCURVE('',#916,#3700);
#3700 = DEFINITIONAL_REPRESENTATION('',(#3701),#3705);
#3701 = LINE('',#3702,#3703);
#3702 = CARTESIAN_POINT('',(25.4,0.));
#3703 = VECTOR('',#3704,1.);
#3704 = DIRECTION('',(0.,-1.));
#3705 = ( GEOMETRIC_REPRESENTATION_CONTEXT(2) 
PARAMETRIC_REPRESENTATION_CONTEXT() REPRESENTATION_CONTEXT('2D SPACE',''
  ) );
#3706 = ORIENTED_EDGE('',*,*,#3707,.T.);
#3707 = EDGE_CURVE('',#3685,#2937,#3708,.T.);
#3708 = SURFACE_CURVE('',#3709,(#3713,#3720),.PCURVE_S1.);
#3709 = LINE('',#3710,#3711);
#3710 = CARTESIAN_POINT('',(93.,105.,24.4));
#3711 = VECTOR('',#3712,1.);
#3712 = DIRECTION('',(-1.,0.,0.));
#3713 = PCURVE('',#942,#3714);
#3714 = DEFINITIONAL_REPRESENTATION('',(#3715),#3719);
#3715 = LINE('',#3716,#3717);
#3716 = CARTESIAN_POINT('',(31.,2.41));
#3717 = VECTOR('',#3718,1.);
#3718 = DIRECTION('',(-1.,0.));
#3719 = ( GEOMETRIC_REPRESENTATION_CONTEXT(2) 
PARAMETRIC_REPRESENTATION_CONTEXT() REPRESENTATION_CONTEXT('2D SPACE',''
  ) );
#3720 = PCURVE('',#3018,#3721);
#3721 = DEFINITIONAL_REPRESENTATION('',(#3722),#3725);
#3722 = B_SPLINE_CURVE_WITH_KNOTS('',1,(#3723,#3724),.UNSPECIFIED.,.F.,
  .F.,(2,2),(-13.,31.),.PIECEWISE_BEZIER_KNOTS.);
#3723 = CARTESIAN_POINT('',(18.,-24.4));
#3724 = CARTESIAN_POINT('',(62.,-24.4));
#3725 = ( GEOMETRIC_REPRESENTATION_CONTEXT(2) 
PARAMETRIC_REPRESENTATION_CONTEXT() REPRESENTATION_CONTEXT('2D SPACE',''
  ) );
#3726 = ADVANCED_FACE('',(#3727),#916,.F.);
#3727 = FACE_BOUND('',#3728,.F.);
#3728 = EDGE_LOOP('',(#3729,#3730,#3731,#3752,#3778,#3804,#3830,#3856));
#3729 = ORIENTED_EDGE('',*,*,#3684,.F.);
#3730 = ORIENTED_EDGE('',*,*,#901,.F.);
#3731 = ORIENTED_EDGE('',*,*,#3732,.T.);
#3732 = EDGE_CURVE('',#876,#3733,#3735,.T.);
#3733 = VERTEX_POINT('',#3734);
#3734 = CARTESIAN_POINT('',(106.,105.,0.));
#3735 = SURFACE_CURVE('',#3736,(#3740,#3746),.PCURVE_S1.);
#3736 = LINE('',#3737,#3738);
#3737 = CARTESIAN_POINT('',(106.,77.545,0.));
#3738 = VECTOR('',#3739,1.);
#3739 = DIRECTION('',(-0.,1.,0.));
#3740 = PCURVE('',#916,#3741);
#3741 = DEFINITIONAL_REPRESENTATION('',(#3742),#3745);
#3742 = B_SPLINE_CURVE_WITH_KNOTS('',1,(#3743,#3744),.UNSPECIFIED.,.F.,
  .F.,(2,2),(25.045,27.455),.PIECEWISE_BEZIER_KNOTS.);
#3743 = CARTESIAN_POINT('',(1.,0.));
#3744 = CARTESIAN_POINT('',(1.,-2.41));
#3745 = ( GEOMETRIC_REPRESENTATION_CONTEXT(2) 
PARAMETRIC_REPRESENTATION_CONTEXT() REPRESENTATION_CONTEXT('2D SPACE',''
  ) );
#3746 = PCURVE('',#890,#3747);
#3747 = DEFINITIONAL_REPRESENTATION('',(#3748),#3751);
#3748 = B_SPLINE_CURVE_WITH_KNOTS('',1,(#3749,#3750),.UNSPECIFIED.,.F.,
  .F.,(2,2),(25.045,27.455),.PIECEWISE_BEZIER_KNOTS.);
#3749 = CARTESIAN_POINT('',(36.,50.09));
#3750 = CARTESIAN_POINT('',(36.,52.5));
#3751 = ( GEOMETRIC_REPRESENTATION_CONTEXT(2) 
PARAMETRIC_REPRESENTATION_CONTEXT() REPRESENTATION_CONTEXT('2D SPACE',''
  ) );
#3752 = ORIENTED_EDGE('',*,*,#3753,.T.);
#3753 = EDGE_CURVE('',#3733,#3754,#3756,.T.);
#3754 = VERTEX_POINT('',#3755);
#3755 = CARTESIAN_POINT('',(106.,105.,9.8));
#3756 = SURFACE_CURVE('',#3757,(#3761,#3767),.PCURVE_S1.);
#3757 = LINE('',#3758,#3759);
#3758 = CARTESIAN_POINT('',(106.,105.,-0.5));
#3759 = VECTOR('',#3760,1.);
#3760 = DIRECTION('',(0.,0.,1.));
#3761 = PCURVE('',#916,#3762);
#3762 = DEFINITIONAL_REPRESENTATION('',(#3763),#3766);
#3763 = B_SPLINE_CURVE_WITH_KNOTS('',1,(#3764,#3765),.UNSPECIFIED.,.F.,
  .F.,(2,2),(0.5,10.3),.PIECEWISE_BEZIER_KNOTS.);
#3764 = CARTESIAN_POINT('',(1.,-2.41));
#3765 = CARTESIAN_POINT('',(10.8,-2.41));
#3766 = ( GEOMETRIC_REPRESENTATION_CONTEXT(2) 
PARAMETRIC_REPRESENTATION_CONTEXT() REPRESENTATION_CONTEXT('2D SPACE',''
  ) );
#3767 = PCURVE('',#3768,#3773);
#3768 = PLANE('',#3769);
#3769 = AXIS2_PLACEMENT_3D('',#3770,#3771,#3772);
#3770 = CARTESIAN_POINT('',(124.,105.,0.));
#3771 = DIRECTION('',(0.,-1.,0.));
#3772 = DIRECTION('',(-1.,0.,0.));
#3773 = DEFINITIONAL_REPRESENTATION('',(#3774),#3777);
#3774 = B_SPLINE_CURVE_WITH_KNOTS('',1,(#3775,#3776),.UNSPECIFIED.,.F.,
  .F.,(2,2),(0.5,10.3),.PIECEWISE_BEZIER_KNOTS.);
#3775 = CARTESIAN_POINT('',(18.,0.));
#3776 = CARTESIAN_POINT('',(18.,-9.8));
#3777 = ( GEOMETRIC_REPRESENTATION_CONTEXT(2) 
PARAMETRIC_REPRESENTATION_CONTEXT() REPRESENTATION_CONTEXT('2D SPACE',''
  ) );
#3778 = ORIENTED_EDGE('',*,*,#3779,.F.);
#3779 = EDGE_CURVE('',#3780,#3754,#3782,.T.);
#3780 = VERTEX_POINT('',#3781);
#3781 = CARTESIAN_POINT('',(106.,104.2,9.8));
#3782 = SURFACE_CURVE('',#3783,(#3787,#3793),.PCURVE_S1.);
#3783 = LINE('',#3784,#3785);
#3784 = CARTESIAN_POINT('',(106.,77.545,9.8));
#3785 = VECTOR('',#3786,1.);
#3786 = DIRECTION('',(-0.,1.,0.));
#3787 = PCURVE('',#916,#3788);
#3788 = DEFINITIONAL_REPRESENTATION('',(#3789),#3792);
#3789 = B_SPLINE_CURVE_WITH_KNOTS('',1,(#3790,#3791),.UNSPECIFIED.,.F.,
  .F.,(2,2),(25.045,27.455),.PIECEWISE_BEZIER_KNOTS.);
#3790 = CARTESIAN_POINT('',(10.8,0.));
#3791 = CARTESIAN_POINT('',(10.8,-2.41));
#3792 = ( GEOMETRIC_REPRESENTATION_CONTEXT(2) 
PARAMETRIC_REPRESENTATION_CONTEXT() REPRESENTATION_CONTEXT('2D SPACE',''
  ) );
#3793 = PCURVE('',#3794,#3799);
#3794 = PLANE('',#3795);
#3795 = AXIS2_PLACEMENT_3D('',#3796,#3797,#3798);
#3796 = CARTESIAN_POINT('',(70.,52.5,9.8));
#3797 = DIRECTION('',(0.,0.,1.));
#3798 = DIRECTION('',(1.,0.,-0.));
#3799 = DEFINITIONAL_REPRESENTATION('',(#3800),#3803);
#3800 = B_SPLINE_CURVE_WITH_KNOTS('',1,(#3801,#3802),.UNSPECIFIED.,.F.,
  .F.,(2,2),(25.045,27.455),.PIECEWISE_BEZIER_KNOTS.);
#3801 = CARTESIAN_POINT('',(36.,50.09));
#3802 = CARTESIAN_POINT('',(36.,52.5));
#3803 = ( GEOMETRIC_REPRESENTATION_CONTEXT(2) 
PARAMETRIC_REPRESENTATION_CONTEXT() REPRESENTATION_CONTEXT('2D SPACE',''
  ) );
#3804 = ORIENTED_EDGE('',*,*,#3805,.T.);
#3805 = EDGE_CURVE('',#3780,#3806,#3808,.T.);
#3806 = VERTEX_POINT('',#3807);
#3807 = CARTESIAN_POINT('',(106.,104.2,11.));
#3808 = SURFACE_CURVE('',#3809,(#3813,#3819),.PCURVE_S1.);
#3809 = LINE('',#3810,#3811);
#3810 = CARTESIAN_POINT('',(106.,104.2,4.35));
#3811 = VECTOR('',#3812,1.);
#3812 = DIRECTION('',(0.,0.,1.));
#3813 = PCURVE('',#916,#3814);
#3814 = DEFINITIONAL_REPRESENTATION('',(#3815),#3818);
#3815 = B_SPLINE_CURVE_WITH_KNOTS('',1,(#3816,#3817),.UNSPECIFIED.,.F.,
  .F.,(2,2),(5.45,6.65),.PIECEWISE_BEZIER_KNOTS.);
#3816 = CARTESIAN_POINT('',(10.8,-1.61));
#3817 = CARTESIAN_POINT('',(12.,-1.61));
#3818 = ( GEOMETRIC_REPRESENTATION_CONTEXT(2) 
PARAMETRIC_REPRESENTATION_CONTEXT() REPRESENTATION_CONTEXT('2D SPACE',''
  ) );
#3819 = PCURVE('',#3820,#3825);
#3820 = PLANE('',#3821);
#3821 = AXIS2_PLACEMENT_3D('',#3822,#3823,#3824);
#3822 = CARTESIAN_POINT('',(123.6686291501,104.2,9.7));
#3823 = DIRECTION('',(0.,-1.,0.));
#3824 = DIRECTION('',(-1.,0.,0.));
#3825 = DEFINITIONAL_REPRESENTATION('',(#3826),#3829);
#3826 = B_SPLINE_CURVE_WITH_KNOTS('',1,(#3827,#3828),.UNSPECIFIED.,.F.,
  .F.,(2,2),(5.45,6.65),.PIECEWISE_BEZIER_KNOTS.);
#3827 = CARTESIAN_POINT('',(17.668629150102,-0.1));
#3828 = CARTESIAN_POINT('',(17.668629150102,-1.3));
#3829 = ( GEOMETRIC_REPRESENTATION_CONTEXT(2) 
PARAMETRIC_REPRESENTATION_CONTEXT() REPRESENTATION_CONTEXT('2D SPACE',''
  ) );
#3830 = ORIENTED_EDGE('',*,*,#3831,.T.);
#3831 = EDGE_CURVE('',#3806,#3832,#3834,.T.);
#3832 = VERTEX_POINT('',#3833);
#3833 = CARTESIAN_POINT('',(106.,105.,11.));
#3834 = SURFACE_CURVE('',#3835,(#3839,#3845),.PCURVE_S1.);
#3835 = LINE('',#3836,#3837);
#3836 = CARTESIAN_POINT('',(106.,77.545,11.));
#3837 = VECTOR('',#3838,1.);
#3838 = DIRECTION('',(-0.,1.,0.));
#3839 = PCURVE('',#916,#3840);
#3840 = DEFINITIONAL_REPRESENTATION('',(#3841),#3844);
#3841 = B_SPLINE_CURVE_WITH_KNOTS('',1,(#3842,#3843),.UNSPECIFIED.,.F.,
  .F.,(2,2),(25.045,27.455),.PIECEWISE_BEZIER_KNOTS.);
#3842 = CARTESIAN_POINT('',(12.,0.));
#3843 = CARTESIAN_POINT('',(12.,-2.41));
#3844 = ( GEOMETRIC_REPRESENTATION_CONTEXT(2) 
PARAMETRIC_REPRESENTATION_CONTEXT() REPRESENTATION_CONTEXT('2D SPACE',''
  ) );
#3845 = PCURVE('',#3846,#3851);
#3846 = PLANE('',#3847);
#3847 = AXIS2_PLACEMENT_3D('',#3848,#3849,#3850);
#3848 = CARTESIAN_POINT('',(70.,52.5,11.));
#3849 = DIRECTION('',(0.,0.,1.));
#3850 = DIRECTION('',(1.,0.,-0.));
#3851 = DEFINITIONAL_REPRESENTATION('',(#3852),#3855);
#3852 = B_SPLINE_CURVE_WITH_KNOTS('',1,(#3853,#3854),.UNSPECIFIED.,.F.,
  .F.,(2,2),(25.045,27.455),.PIECEWISE_BEZIER_KNOTS.);
#3853 = CARTESIAN_POINT('',(36.,50.09));
#3854 = CARTESIAN_POINT('',(36.,52.5));
#3855 = ( GEOMETRIC_REPRESENTATION_CONTEXT(2) 
PARAMETRIC_REPRESENTATION_CONTEXT() REPRESENTATION_CONTEXT('2D SPACE',''
  ) );
#3856 = ORIENTED_EDGE('',*,*,#3857,.T.);
#3857 = EDGE_CURVE('',#3832,#3685,#3858,.T.);
#3858 = SURFACE_CURVE('',#3859,(#3863,#3869),.PCURVE_S1.);
#3859 = LINE('',#3860,#3861);
#3860 = CARTESIAN_POINT('',(106.,105.,-0.5));
#3861 = VECTOR('',#3862,1.);
#3862 = DIRECTION('',(0.,0.,1.));
#3863 = PCURVE('',#916,#3864);
#3864 = DEFINITIONAL_REPRESENTATION('',(#3865),#3868);
#3865 = B_SPLINE_CURVE_WITH_KNOTS('',1,(#3866,#3867),.UNSPECIFIED.,.F.,
  .F.,(2,2),(11.5,24.9),.PIECEWISE_BEZIER_KNOTS.);
#3866 = CARTESIAN_POINT('',(12.,-2.41));
#3867 = CARTESIAN_POINT('',(25.4,-2.41));
#3868 = ( GEOMETRIC_REPRESENTATION_CONTEXT(2) 
PARAMETRIC_REPRESENTATION_CONTEXT() REPRESENTATION_CONTEXT('2D SPACE',''
  ) );
#3869 = PCURVE('',#3018,#3870);
#3870 = DEFINITIONAL_REPRESENTATION('',(#3871),#3874);
#3871 = B_SPLINE_CURVE_WITH_KNOTS('',1,(#3872,#3873),.UNSPECIFIED.,.F.,
  .F.,(2,2),(11.5,24.9),.PIECEWISE_BEZIER_KNOTS.);
#3872 = CARTESIAN_POINT('',(18.,-11.));
#3873 = CARTESIAN_POINT('',(18.,-24.4));
#3874 = ( GEOMETRIC_REPRESENTATION_CONTEXT(2) 
PARAMETRIC_REPRESENTATION_CONTEXT() REPRESENTATION_CONTEXT('2D SPACE',''
  ) );
#3875 = ADVANCED_FACE('',(#3876),#890,.F.);
#3876 = FACE_BOUND('',#3877,.F.);
#3877 = EDGE_LOOP('',(#3878,#3906,#3934,#3962,#3983,#3984,#3985,#3986,
    #4007,#4033,#4059,#4085));
#3878 = ORIENTED_EDGE('',*,*,#3879,.F.);
#3879 = EDGE_CURVE('',#3880,#3882,#3884,.T.);
#3880 = VERTEX_POINT('',#3881);
#3881 = CARTESIAN_POINT('',(140.,60.5,0.));
#3882 = VERTEX_POINT('',#3883);
#3883 = CARTESIAN_POINT('',(138.95,60.5,0.));
#3884 = SURFACE_CURVE('',#3885,(#3889,#3895),.PCURVE_S1.);
#3885 = LINE('',#3886,#3887);
#3886 = CARTESIAN_POINT('',(103.795,60.5,0.));
#3887 = VECTOR('',#3888,1.);
#3888 = DIRECTION('',(-1.,-0.,0.));
#3889 = PCURVE('',#890,#3890);
#3890 = DEFINITIONAL_REPRESENTATION('',(#3891),#3894);
#3891 = B_SPLINE_CURVE_WITH_KNOTS('',1,(#3892,#3893),.UNSPECIFIED.,.F.,
  .F.,(2,2),(-36.205,-33.795),.PIECEWISE_BEZIER_KNOTS.);
#3892 = CARTESIAN_POINT('',(70.,8.));
#3893 = CARTESIAN_POINT('',(67.59,8.));
#3894 = ( GEOMETRIC_REPRESENTATION_CONTEXT(2) 
PARAMETRIC_REPRESENTATION_CONTEXT() REPRESENTATION_CONTEXT('2D SPACE',''
  ) );
#3895 = PCURVE('',#3896,#3901);
#3896 = PLANE('',#3897);
#3897 = AXIS2_PLACEMENT_3D('',#3898,#3899,#3900);
#3898 = CARTESIAN_POINT('',(137.59,60.5,-1.));
#3899 = DIRECTION('',(-0.,1.,0.));
#3900 = DIRECTION('',(0.,0.,1.));
#3901 = DEFINITIONAL_REPRESENTATION('',(#3902),#3905);
#3902 = B_SPLINE_CURVE_WITH_KNOTS('',1,(#3903,#3904),.UNSPECIFIED.,.F.,
  .F.,(2,2),(-36.205,-33.795),.PIECEWISE_BEZIER_KNOTS.);
#3903 = CARTESIAN_POINT('',(1.,2.41));
#3904 = CARTESIAN_POINT('',(1.,0.));
#3905 = ( GEOMETRIC_REPRESENTATION_CONTEXT(2) 
PARAMETRIC_REPRESENTATION_CONTEXT() REPRESENTATION_CONTEXT('2D SPACE',''
  ) );
#3906 = ORIENTED_EDGE('',*,*,#3907,.T.);
#3907 = EDGE_CURVE('',#3880,#3908,#3910,.T.);
#3908 = VERTEX_POINT('',#3909);
#3909 = CARTESIAN_POINT('',(140.,89.,0.));
#3910 = SURFACE_CURVE('',#3911,(#3915,#3922),.PCURVE_S1.);
#3911 = LINE('',#3912,#3913);
#3912 = CARTESIAN_POINT('',(140.,0.,0.));
#3913 = VECTOR('',#3914,1.);
#3914 = DIRECTION('',(0.,1.,0.));
#3915 = PCURVE('',#890,#3916);
#3916 = DEFINITIONAL_REPRESENTATION('',(#3917),#3921);
#3917 = LINE('',#3918,#3919);
#3918 = CARTESIAN_POINT('',(70.,-52.5));
#3919 = VECTOR('',#3920,1.);
#3920 = DIRECTION('',(0.,1.));
#3921 = ( GEOMETRIC_REPRESENTATION_CONTEXT(2) 
PARAMETRIC_REPRESENTATION_CONTEXT() REPRESENTATION_CONTEXT('2D SPACE',''
  ) );
#3922 = PCURVE('',#3923,#3928);
#3923 = PLANE('',#3924);
#3924 = AXIS2_PLACEMENT_3D('',#3925,#3926,#3927);
#3925 = CARTESIAN_POINT('',(140.,0.,0.));
#3926 = DIRECTION('',(-1.,0.,0.));
#3927 = DIRECTION('',(0.,1.,0.));
#3928 = DEFINITIONAL_REPRESENTATION('',(#3929),#3933);
#3929 = LINE('',#3930,#3931);
#3930 = CARTESIAN_POINT('',(0.,0.));
#3931 = VECTOR('',#3932,1.);
#3932 = DIRECTION('',(1.,0.));
#3933 = ( GEOMETRIC_REPRESENTATION_CONTEXT(2) 
PARAMETRIC_REPRESENTATION_CONTEXT() REPRESENTATION_CONTEXT('2D SPACE',''
  ) );
#3934 = ORIENTED_EDGE('',*,*,#3935,.T.);
#3935 = EDGE_CURVE('',#3908,#3936,#3938,.T.);
#3936 = VERTEX_POINT('',#3937);
#3937 = CARTESIAN_POINT('',(124.,105.,0.));
#3938 = SURFACE_CURVE('',#3939,(#3943,#3950),.PCURVE_S1.);
#3939 = LINE('',#3940,#3941);
#3940 = CARTESIAN_POINT('',(140.,89.,0.));
#3941 = VECTOR('',#3942,1.);
#3942 = DIRECTION('',(-0.707106781187,0.707106781187,0.));
#3943 = PCURVE('',#890,#3944);
#3944 = DEFINITIONAL_REPRESENTATION('',(#3945),#3949);
#3945 = LINE('',#3946,#3947);
#3946 = CARTESIAN_POINT('',(70.,36.5));
#3947 = VECTOR('',#3948,1.);
#3948 = DIRECTION('',(-0.707106781187,0.707106781187));
#3949 = ( GEOMETRIC_REPRESENTATION_CONTEXT(2) 
PARAMETRIC_REPRESENTATION_CONTEXT() REPRESENTATION_CONTEXT('2D SPACE',''
  ) );
#3950 = PCURVE('',#3951,#3956);
#3951 = PLANE('',#3952);
#3952 = AXIS2_PLACEMENT_3D('',#3953,#3954,#3955);
#3953 = CARTESIAN_POINT('',(140.,89.,0.));
#3954 = DIRECTION('',(-0.707106781187,-0.707106781187,0.));
#3955 = DIRECTION('',(-0.707106781187,0.707106781187,0.));
#3956 = DEFINITIONAL_REPRESENTATION('',(#3957),#3961);
#3957 = LINE('',#3958,#3959);
#3958 = CARTESIAN_POINT('',(0.,0.));
#3959 = VECTOR('',#3960,1.);
#3960 = DIRECTION('',(1.,0.));
#3961 = ( GEOMETRIC_REPRESENTATION_CONTEXT(2) 
PARAMETRIC_REPRESENTATION_CONTEXT() REPRESENTATION_CONTEXT('2D SPACE',''
  ) );
#3962 = ORIENTED_EDGE('',*,*,#3963,.T.);
#3963 = EDGE_CURVE('',#3936,#3733,#3964,.T.);
#3964 = SURFACE_CURVE('',#3965,(#3969,#3976),.PCURVE_S1.);
#3965 = LINE('',#3966,#3967);
#3966 = CARTESIAN_POINT('',(124.,105.,0.));
#3967 = VECTOR('',#3968,1.);
#3968 = DIRECTION('',(-1.,0.,0.));
#3969 = PCURVE('',#890,#3970);
#3970 = DEFINITIONAL_REPRESENTATION('',(#3971),#3975);
#3971 = LINE('',#3972,#3973);
#3972 = CARTESIAN_POINT('',(54.,52.5));
#3973 = VECTOR('',#3974,1.);
#3974 = DIRECTION('',(-1.,0.));
#3975 = ( GEOMETRIC_REPRESENTATION_CONTEXT(2) 
PARAMETRIC_REPRESENTATION_CONTEXT() REPRESENTATION_CONTEXT('2D SPACE',''
  ) );
#3976 = PCURVE('',#3768,#3977);
#3977 = DEFINITIONAL_REPRESENTATION('',(#3978),#3982);
#3978 = LINE('',#3979,#3980);
#3979 = CARTESIAN_POINT('',(0.,-0.));
#3980 = VECTOR('',#3981,1.);
#3981 = DIRECTION('',(1.,0.));
#3982 = ( GEOMETRIC_REPRESENTATION_CONTEXT(2) 
PARAMETRIC_REPRESENTATION_CONTEXT() REPRESENTATION_CONTEXT('2D SPACE',''
  ) );
#3983 = ORIENTED_EDGE('',*,*,#3732,.F.);
#3984 = ORIENTED_EDGE('',*,*,#875,.F.);
#3985 = ORIENTED_EDGE('',*,*,#3611,.F.);
#3986 = ORIENTED_EDGE('',*,*,#3987,.T.);
#3987 = EDGE_CURVE('',#3586,#3988,#3990,.T.);
#3988 = VERTEX_POINT('',#3989);
#3989 = CARTESIAN_POINT('',(123.0058874503,102.6,0.));
#3990 = SURFACE_CURVE('',#3991,(#3995,#4001),.PCURVE_S1.);
#3991 = LINE('',#3992,#3993);
#3992 = CARTESIAN_POINT('',(96.502943725152,102.6,0.));
#3993 = VECTOR('',#3994,1.);
#3994 = DIRECTION('',(1.,0.,-0.));
#3995 = PCURVE('',#890,#3996);
#3996 = DEFINITIONAL_REPRESENTATION('',(#3997),#4000);
#3997 = B_SPLINE_CURVE_WITH_KNOTS('',1,(#3998,#3999),.UNSPECIFIED.,.F.,
  .F.,(2,2),(-94.10294372515,26.502943725152),.PIECEWISE_BEZIER_KNOTS.);
#3998 = CARTESIAN_POINT('',(-67.6,50.1));
#3999 = CARTESIAN_POINT('',(53.005887450305,50.1));
#4000 = ( GEOMETRIC_REPRESENTATION_CONTEXT(2) 
PARAMETRIC_REPRESENTATION_CONTEXT() REPRESENTATION_CONTEXT('2D SPACE',''
  ) );
#4001 = PCURVE('',#3600,#4002);
#4002 = DEFINITIONAL_REPRESENTATION('',(#4003),#4006);
#4003 = B_SPLINE_CURVE_WITH_KNOTS('',1,(#4004,#4005),.UNSPECIFIED.,.F.,
  .F.,(2,2),(-94.10294372515,26.502943725152),.PIECEWISE_BEZIER_KNOTS.);
#4004 = CARTESIAN_POINT('',(120.6058874503,-1.));
#4005 = CARTESIAN_POINT('',(-3.552713678801E-15,-1.));
#4006 = ( GEOMETRIC_REPRESENTATION_CONTEXT(2) 
PARAMETRIC_REPRESENTATION_CONTEXT() REPRESENTATION_CONTEXT('2D SPACE',''
  ) );
#4007 = ORIENTED_EDGE('',*,*,#4008,.T.);
#4008 = EDGE_CURVE('',#3988,#4009,#4011,.T.);
#4009 = VERTEX_POINT('',#4010);
#4010 = CARTESIAN_POINT('',(137.6,88.005887450305,0.));
#4011 = SURFACE_CURVE('',#4012,(#4016,#4022),.PCURVE_S1.);
#4012 = LINE('',#4013,#4014);
#4013 = CARTESIAN_POINT('',(129.57647186257,96.029415587728,
    1.110223024625E-16));
#4014 = VECTOR('',#4015,1.);
#4015 = DIRECTION('',(0.707106781187,-0.707106781187,0.));
#4016 = PCURVE('',#890,#4017);
#4017 = DEFINITIONAL_REPRESENTATION('',(#4018),#4021);
#4018 = B_SPLINE_CURVE_WITH_KNOTS('',1,(#4019,#4020),.UNSPECIFIED.,.F.,
  .F.,(2,2),(-9.292209588552,11.346982310027),.PIECEWISE_BEZIER_KNOTS.);
#4019 = CARTESIAN_POINT('',(53.005887450305,50.1));
#4020 = CARTESIAN_POINT('',(67.6,35.505887450305));
#4021 = ( GEOMETRIC_REPRESENTATION_CONTEXT(2) 
PARAMETRIC_REPRESENTATION_CONTEXT() REPRESENTATION_CONTEXT('2D SPACE',''
  ) );
#4022 = PCURVE('',#4023,#4028);
#4023 = PLANE('',#4024);
#4024 = AXIS2_PLACEMENT_3D('',#4025,#4026,#4027);
#4025 = CARTESIAN_POINT('',(137.6,88.005887450305,-1.));
#4026 = DIRECTION('',(-0.707106781187,-0.707106781187,0.));
#4027 = DIRECTION('',(-0.707106781187,0.707106781187,0.));
#4028 = DEFINITIONAL_REPRESENTATION('',(#4029),#4032);
#4029 = B_SPLINE_CURVE_WITH_KNOTS('',1,(#4030,#4031),.UNSPECIFIED.,.F.,
  .F.,(2,2),(-9.292209588552,11.346982310027),.PIECEWISE_BEZIER_KNOTS.);
#4030 = CARTESIAN_POINT('',(20.639191898579,-1.));
#4031 = CARTESIAN_POINT('',(-5.329070518201E-15,-1.));
#4032 = ( GEOMETRIC_REPRESENTATION_CONTEXT(2) 
PARAMETRIC_REPRESENTATION_CONTEXT() REPRESENTATION_CONTEXT('2D SPACE',''
  ) );
#4033 = ORIENTED_EDGE('',*,*,#4034,.T.);
#4034 = EDGE_CURVE('',#4009,#4035,#4037,.T.);
#4035 = VERTEX_POINT('',#4036);
#4036 = CARTESIAN_POINT('',(137.6,61.9,0.));
#4037 = SURFACE_CURVE('',#4038,(#4042,#4048),.PCURVE_S1.);
#4038 = LINE('',#4039,#4040);
#4039 = CARTESIAN_POINT('',(137.6,27.45,0.));
#4040 = VECTOR('',#4041,1.);
#4041 = DIRECTION('',(0.,-1.,0.));
#4042 = PCURVE('',#890,#4043);
#4043 = DEFINITIONAL_REPRESENTATION('',(#4044),#4047);
#4044 = B_SPLINE_CURVE_WITH_KNOTS('',1,(#4045,#4046),.UNSPECIFIED.,.F.,
  .F.,(2,2),(-60.5558874503,25.05),.PIECEWISE_BEZIER_KNOTS.);
#4045 = CARTESIAN_POINT('',(67.6,35.505887450305));
#4046 = CARTESIAN_POINT('',(67.6,-50.1));
#4047 = ( GEOMETRIC_REPRESENTATION_CONTEXT(2) 
PARAMETRIC_REPRESENTATION_CONTEXT() REPRESENTATION_CONTEXT('2D SPACE',''
  ) );
#4048 = PCURVE('',#4049,#4054);
#4049 = PLANE('',#4050);
#4050 = AXIS2_PLACEMENT_3D('',#4051,#4052,#4053);
#4051 = CARTESIAN_POINT('',(137.6,2.4,-1.));
#4052 = DIRECTION('',(-1.,0.,0.));
#4053 = DIRECTION('',(0.,1.,0.));
#4054 = DEFINITIONAL_REPRESENTATION('',(#4055),#4058);
#4055 = B_SPLINE_CURVE_WITH_KNOTS('',1,(#4056,#4057),.UNSPECIFIED.,.F.,
  .F.,(2,2),(-60.5558874503,25.05),.PIECEWISE_BEZIER_KNOTS.);
#4056 = CARTESIAN_POINT('',(85.605887450305,-1.));
#4057 = CARTESIAN_POINT('',(-7.105427357601E-15,-1.));
#4058 = ( GEOMETRIC_REPRESENTATION_CONTEXT(2) 
PARAMETRIC_REPRESENTATION_CONTEXT() REPRESENTATION_CONTEXT('2D SPACE',''
  ) );
#4059 = ORIENTED_EDGE('',*,*,#4060,.F.);
#4060 = EDGE_CURVE('',#4061,#4035,#4063,.T.);
#4061 = VERTEX_POINT('',#4062);
#4062 = CARTESIAN_POINT('',(138.95,61.9,0.));
#4063 = SURFACE_CURVE('',#4064,(#4068,#4074),.PCURVE_S1.);
#4064 = LINE('',#4065,#4066);
#4065 = CARTESIAN_POINT('',(103.725,61.9,0.));
#4066 = VECTOR('',#4067,1.);
#4067 = DIRECTION('',(-1.,-0.,0.));
#4068 = PCURVE('',#890,#4069);
#4069 = DEFINITIONAL_REPRESENTATION('',(#4070),#4073);
#4070 = B_SPLINE_CURVE_WITH_KNOTS('',1,(#4071,#4072),.UNSPECIFIED.,.F.,
  .F.,(2,2),(-35.225,-33.725),.PIECEWISE_BEZIER_KNOTS.);
#4071 = CARTESIAN_POINT('',(68.95,9.4));
#4072 = CARTESIAN_POINT('',(67.45,9.4));
#4073 = ( GEOMETRIC_REPRESENTATION_CONTEXT(2) 
PARAMETRIC_REPRESENTATION_CONTEXT() REPRESENTATION_CONTEXT('2D SPACE',''
  ) );
#4074 = PCURVE('',#4075,#4080);
#4075 = PLANE('',#4076);
#4076 = AXIS2_PLACEMENT_3D('',#4077,#4078,#4079);
#4077 = CARTESIAN_POINT('',(137.45,61.9,-1.));
#4078 = DIRECTION('',(-0.,1.,0.));
#4079 = DIRECTION('',(0.,0.,1.));
#4080 = DEFINITIONAL_REPRESENTATION('',(#4081),#4084);
#4081 = B_SPLINE_CURVE_WITH_KNOTS('',1,(#4082,#4083),.UNSPECIFIED.,.F.,
  .F.,(2,2),(-35.225,-33.725),.PIECEWISE_BEZIER_KNOTS.);
#4082 = CARTESIAN_POINT('',(1.,1.5));
#4083 = CARTESIAN_POINT('',(1.,0.));
#4084 = ( GEOMETRIC_REPRESENTATION_CONTEXT(2) 
PARAMETRIC_REPRESENTATION_CONTEXT() REPRESENTATION_CONTEXT('2D SPACE',''
  ) );
#4085 = ORIENTED_EDGE('',*,*,#4086,.F.);
#4086 = EDGE_CURVE('',#3882,#4061,#4087,.T.);
#4087 = SURFACE_CURVE('',#4088,(#4092,#4098),.PCURVE_S1.);
#4088 = LINE('',#4089,#4090);
#4089 = CARTESIAN_POINT('',(138.95,26.75,0.));
#4090 = VECTOR('',#4091,1.);
#4091 = DIRECTION('',(-0.,1.,0.));
#4092 = PCURVE('',#890,#4093);
#4093 = DEFINITIONAL_REPRESENTATION('',(#4094),#4097);
#4094 = B_SPLINE_CURVE_WITH_KNOTS('',1,(#4095,#4096),.UNSPECIFIED.,.F.,
  .F.,(2,2),(-25.75,35.15),.PIECEWISE_BEZIER_KNOTS.);
#4095 = CARTESIAN_POINT('',(68.95,-51.5));
#4096 = CARTESIAN_POINT('',(68.95,9.4));
#4097 = ( GEOMETRIC_REPRESENTATION_CONTEXT(2) 
PARAMETRIC_REPRESENTATION_CONTEXT() REPRESENTATION_CONTEXT('2D SPACE',''
  ) );
#4098 = PCURVE('',#4099,#4104);
#4099 = PLANE('',#4100);
#4100 = AXIS2_PLACEMENT_3D('',#4101,#4102,#4103);
#4101 = CARTESIAN_POINT('',(138.95,1.,-1.));
#4102 = DIRECTION('',(1.,0.,-0.));
#4103 = DIRECTION('',(0.,0.,1.));
#4104 = DEFINITIONAL_REPRESENTATION('',(#4105),#4108);
#4105 = B_SPLINE_CURVE_WITH_KNOTS('',1,(#4106,#4107),.UNSPECIFIED.,.F.,
  .F.,(2,2),(-25.75,35.15),.PIECEWISE_BEZIER_KNOTS.);
#4106 = CARTESIAN_POINT('',(1.,0.));
#4107 = CARTESIAN_POINT('',(1.,-60.9));
#4108 = ( GEOMETRIC_REPRESENTATION_CONTEXT(2) 
PARAMETRIC_REPRESENTATION_CONTEXT() REPRESENTATION_CONTEXT('2D SPACE',''
  ) );
#4109 = ADVANCED_FACE('',(#4110),#1043,.T.);
#4110 = FACE_BOUND('',#4111,.T.);
#4111 = EDGE_LOOP('',(#4112,#4113,#4134,#4160,#4181,#4207,#4226,#4227));
#4112 = ORIENTED_EDGE('',*,*,#3487,.F.);
#4113 = ORIENTED_EDGE('',*,*,#4114,.T.);
#4114 = EDGE_CURVE('',#3488,#4115,#4117,.T.);
#4115 = VERTEX_POINT('',#4116);
#4116 = CARTESIAN_POINT('',(106.,102.45,3.2));
#4117 = SURFACE_CURVE('',#4118,(#4122,#4128),.PCURVE_S1.);
#4118 = LINE('',#4119,#4120);
#4119 = CARTESIAN_POINT('',(83.3,102.45,3.2));
#4120 = VECTOR('',#4121,1.);
#4121 = DIRECTION('',(-1.,-0.,0.));
#4122 = PCURVE('',#1043,#4123);
#4123 = DEFINITIONAL_REPRESENTATION('',(#4124),#4127);
#4124 = B_SPLINE_CURVE_WITH_KNOTS('',1,(#4125,#4126),.UNSPECIFIED.,.F.,
  .F.,(2,2),(-24.1,-22.7),.PIECEWISE_BEZIER_KNOTS.);
#4125 = CARTESIAN_POINT('',(4.2,46.8));
#4126 = CARTESIAN_POINT('',(4.2,45.4));
#4127 = ( GEOMETRIC_REPRESENTATION_CONTEXT(2) 
PARAMETRIC_REPRESENTATION_CONTEXT() REPRESENTATION_CONTEXT('2D SPACE',''
  ) );
#4128 = PCURVE('',#3527,#4129);
#4129 = DEFINITIONAL_REPRESENTATION('',(#4130),#4133);
#4130 = B_SPLINE_CURVE_WITH_KNOTS('',1,(#4131,#4132),.UNSPECIFIED.,.F.,
  .F.,(2,2),(-24.1,-22.7),.PIECEWISE_BEZIER_KNOTS.);
#4131 = CARTESIAN_POINT('',(1.4,1.44));
#4132 = CARTESIAN_POINT('',(0.,1.44));
#4133 = ( GEOMETRIC_REPRESENTATION_CONTEXT(2) 
PARAMETRIC_REPRESENTATION_CONTEXT() REPRESENTATION_CONTEXT('2D SPACE',''
  ) );
#4134 = ORIENTED_EDGE('',*,*,#4135,.T.);
#4135 = EDGE_CURVE('',#4115,#4136,#4138,.T.);
#4136 = VERTEX_POINT('',#4137);
#4137 = CARTESIAN_POINT('',(106.,102.45,24.4));
#4138 = SURFACE_CURVE('',#4139,(#4143,#4149),.PCURVE_S1.);
#4139 = LINE('',#4140,#4141);
#4140 = CARTESIAN_POINT('',(106.,102.45,1.1));
#4141 = VECTOR('',#4142,1.);
#4142 = DIRECTION('',(0.,0.,1.));
#4143 = PCURVE('',#1043,#4144);
#4144 = DEFINITIONAL_REPRESENTATION('',(#4145),#4148);
#4145 = B_SPLINE_CURVE_WITH_KNOTS('',1,(#4146,#4147),.UNSPECIFIED.,.F.,
  .F.,(2,2),(2.1,23.3),.PIECEWISE_BEZIER_KNOTS.);
#4146 = CARTESIAN_POINT('',(4.2,45.4));
#4147 = CARTESIAN_POINT('',(25.4,45.4));
#4148 = ( GEOMETRIC_REPRESENTATION_CONTEXT(2) 
PARAMETRIC_REPRESENTATION_CONTEXT() REPRESENTATION_CONTEXT('2D SPACE',''
  ) );
#4149 = PCURVE('',#4150,#4155);
#4150 = PLANE('',#4151);
#4151 = AXIS2_PLACEMENT_3D('',#4152,#4153,#4154);
#4152 = CARTESIAN_POINT('',(106.,101.01,3.2));
#4153 = DIRECTION('',(1.,0.,-0.));
#4154 = DIRECTION('',(0.,0.,1.));
#4155 = DEFINITIONAL_REPRESENTATION('',(#4156),#4159);
#4156 = B_SPLINE_CURVE_WITH_KNOTS('',1,(#4157,#4158),.UNSPECIFIED.,.F.,
  .F.,(2,2),(2.1,23.3),.PIECEWISE_BEZIER_KNOTS.);
#4157 = CARTESIAN_POINT('',(0.,-1.44));
#4158 = CARTESIAN_POINT('',(21.2,-1.44));
#4159 = ( GEOMETRIC_REPRESENTATION_CONTEXT(2) 
PARAMETRIC_REPRESENTATION_CONTEXT() REPRESENTATION_CONTEXT('2D SPACE',''
  ) );
#4160 = ORIENTED_EDGE('',*,*,#4161,.T.);
#4161 = EDGE_CURVE('',#4136,#4162,#4164,.T.);
#4162 = VERTEX_POINT('',#4163);
#4163 = CARTESIAN_POINT('',(62.,102.45,24.4));
#4164 = SURFACE_CURVE('',#4165,(#4169,#4175),.PCURVE_S1.);
#4165 = LINE('',#4166,#4167);
#4166 = CARTESIAN_POINT('',(61.3,102.45,24.4));
#4167 = VECTOR('',#4168,1.);
#4168 = DIRECTION('',(-1.,-0.,0.));
#4169 = PCURVE('',#1043,#4170);
#4170 = DEFINITIONAL_REPRESENTATION('',(#4171),#4174);
#4171 = B_SPLINE_CURVE_WITH_KNOTS('',1,(#4172,#4173),.UNSPECIFIED.,.F.,
  .F.,(2,2),(-46.1,0.7),.PIECEWISE_BEZIER_KNOTS.);
#4172 = CARTESIAN_POINT('',(25.4,46.8));
#4173 = CARTESIAN_POINT('',(25.4,0.));
#4174 = ( GEOMETRIC_REPRESENTATION_CONTEXT(2) 
PARAMETRIC_REPRESENTATION_CONTEXT() REPRESENTATION_CONTEXT('2D SPACE',''
  ) );
#4175 = PCURVE('',#1122,#4176);
#4176 = DEFINITIONAL_REPRESENTATION('',(#4177),#4180);
#4177 = B_SPLINE_CURVE_WITH_KNOTS('',1,(#4178,#4179),.UNSPECIFIED.,.F.,
  .F.,(2,2),(-46.1,0.7),.PIECEWISE_BEZIER_KNOTS.);
#4178 = CARTESIAN_POINT('',(45.4,-0.14));
#4179 = CARTESIAN_POINT('',(-1.4,-0.14));
#4180 = ( GEOMETRIC_REPRESENTATION_CONTEXT(2) 
PARAMETRIC_REPRESENTATION_CONTEXT() REPRESENTATION_CONTEXT('2D SPACE',''
  ) );
#4181 = ORIENTED_EDGE('',*,*,#4182,.F.);
#4182 = EDGE_CURVE('',#4183,#4162,#4185,.T.);
#4183 = VERTEX_POINT('',#4184);
#4184 = CARTESIAN_POINT('',(62.,102.45,3.2));
#4185 = SURFACE_CURVE('',#4186,(#4190,#4196),.PCURVE_S1.);
#4186 = LINE('',#4187,#4188);
#4187 = CARTESIAN_POINT('',(62.,102.45,1.1));
#4188 = VECTOR('',#4189,1.);
#4189 = DIRECTION('',(0.,0.,1.));
#4190 = PCURVE('',#1043,#4191);
#4191 = DEFINITIONAL_REPRESENTATION('',(#4192),#4195);
#4192 = B_SPLINE_CURVE_WITH_KNOTS('',1,(#4193,#4194),.UNSPECIFIED.,.F.,
  .F.,(2,2),(2.1,23.3),.PIECEWISE_BEZIER_KNOTS.);
#4193 = CARTESIAN_POINT('',(4.2,1.4));
#4194 = CARTESIAN_POINT('',(25.4,1.4));
#4195 = ( GEOMETRIC_REPRESENTATION_CONTEXT(2) 
PARAMETRIC_REPRESENTATION_CONTEXT() REPRESENTATION_CONTEXT('2D SPACE',''
  ) );
#4196 = PCURVE('',#4197,#4202);
#4197 = PLANE('',#4198);
#4198 = AXIS2_PLACEMENT_3D('',#4199,#4200,#4201);
#4199 = CARTESIAN_POINT('',(62.,101.01,3.2));
#4200 = DIRECTION('',(1.,0.,-0.));
#4201 = DIRECTION('',(0.,0.,1.));
#4202 = DEFINITIONAL_REPRESENTATION('',(#4203),#4206);
#4203 = B_SPLINE_CURVE_WITH_KNOTS('',1,(#4204,#4205),.UNSPECIFIED.,.F.,
  .F.,(2,2),(2.1,23.3),.PIECEWISE_BEZIER_KNOTS.);
#4204 = CARTESIAN_POINT('',(0.,-1.44));
#4205 = CARTESIAN_POINT('',(21.2,-1.44));
#4206 = ( GEOMETRIC_REPRESENTATION_CONTEXT(2) 
PARAMETRIC_REPRESENTATION_CONTEXT() REPRESENTATION_CONTEXT('2D SPACE',''
  ) );
#4207 = ORIENTED_EDGE('',*,*,#4208,.T.);
#4208 = EDGE_CURVE('',#4183,#1026,#4209,.T.);
#4209 = SURFACE_CURVE('',#4210,(#4214,#4220),.PCURVE_S1.);
#4210 = LINE('',#4211,#4212);
#4211 = CARTESIAN_POINT('',(59.875,102.45,3.2));
#4212 = VECTOR('',#4213,1.);
#4213 = DIRECTION('',(-1.,-0.,0.));
#4214 = PCURVE('',#1043,#4215);
#4215 = DEFINITIONAL_REPRESENTATION('',(#4216),#4219);
#4216 = B_SPLINE_CURVE_WITH_KNOTS('',1,(#4217,#4218),.UNSPECIFIED.,.F.,
  .F.,(2,2),(-2.125,-0.725),.PIECEWISE_BEZIER_KNOTS.);
#4217 = CARTESIAN_POINT('',(4.2,1.4));
#4218 = CARTESIAN_POINT('',(4.2,0.));
#4219 = ( GEOMETRIC_REPRESENTATION_CONTEXT(2) 
PARAMETRIC_REPRESENTATION_CONTEXT() REPRESENTATION_CONTEXT('2D SPACE',''
  ) );
#4220 = PCURVE('',#1070,#4221);
#4221 = DEFINITIONAL_REPRESENTATION('',(#4222),#4225);
#4222 = B_SPLINE_CURVE_WITH_KNOTS('',1,(#4223,#4224),.UNSPECIFIED.,.F.,
  .F.,(2,2),(-2.125,-0.725),.PIECEWISE_BEZIER_KNOTS.);
#4223 = CARTESIAN_POINT('',(2.85,1.44));
#4224 = CARTESIAN_POINT('',(1.45,1.44));
#4225 = ( GEOMETRIC_REPRESENTATION_CONTEXT(2) 
PARAMETRIC_REPRESENTATION_CONTEXT() REPRESENTATION_CONTEXT('2D SPACE',''
  ) );
#4226 = ORIENTED_EDGE('',*,*,#1025,.T.);
#4227 = ORIENTED_EDGE('',*,*,#3656,.T.);
#4228 = ADVANCED_FACE('',(#4229,#5171,#5202,#5312,#5422,#5532,#5642,
    #5752,#5862,#5972,#6003),#1122,.F.);
#4229 = FACE_BOUND('',#4230,.F.);
#4230 = EDGE_LOOP('',(#4231,#4232,#4233,#4234,#4256,#4284,#4313,#4337,
    #4365,#4385,#4386,#4387,#4388,#4389,#4411,#4438,#4465,#4492,#4514,
    #4541,#4568,#4595,#4622,#4644,#4672,#4699,#4726,#4753,#4780,#4807,
    #4829,#4852,#4875,#4902,#4929,#4956,#4977,#4978,#5000,#5027,#5054,
    #5074,#5075,#5097,#5124,#5151));
#4231 = ORIENTED_EDGE('',*,*,#1107,.T.);
#4232 = ORIENTED_EDGE('',*,*,#1203,.T.);
#4233 = ORIENTED_EDGE('',*,*,#1322,.T.);
#4234 = ORIENTED_EDGE('',*,*,#4235,.F.);
#4235 = EDGE_CURVE('',#4236,#1323,#4238,.T.);
#4236 = VERTEX_POINT('',#4237);
#4237 = CARTESIAN_POINT('',(6.2,88.4,24.4));
#4238 = SURFACE_CURVE('',#4239,(#4243,#4250),.PCURVE_S1.);
#4239 = LINE('',#4240,#4241);
#4240 = CARTESIAN_POINT('',(35.95,88.4,24.4));
#4241 = VECTOR('',#4242,1.);
#4242 = DIRECTION('',(-1.,-0.,0.));
#4243 = PCURVE('',#1122,#4244);
#4244 = DEFINITIONAL_REPRESENTATION('',(#4245),#4249);
#4245 = LINE('',#4246,#4247);
#4246 = CARTESIAN_POINT('',(-26.05,-14.19));
#4247 = VECTOR('',#4248,1.);
#4248 = DIRECTION('',(-1.,0.));
#4249 = ( GEOMETRIC_REPRESENTATION_CONTEXT(2) 
PARAMETRIC_REPRESENTATION_CONTEXT() REPRESENTATION_CONTEXT('2D SPACE',''
  ) );
#4250 = PCURVE('',#1360,#4251);
#4251 = DEFINITIONAL_REPRESENTATION('',(#4252),#4255);
#4252 = B_SPLINE_CURVE_WITH_KNOTS('',1,(#4253,#4254),.UNSPECIFIED.,.F.,
  .F.,(2,2),(29.75,33.55),.PIECEWISE_BEZIER_KNOTS.);
#4253 = CARTESIAN_POINT('',(15.4,4.3));
#4254 = CARTESIAN_POINT('',(15.4,0.5));
#4255 = ( GEOMETRIC_REPRESENTATION_CONTEXT(2) 
PARAMETRIC_REPRESENTATION_CONTEXT() REPRESENTATION_CONTEXT('2D SPACE',''
  ) );
#4256 = ORIENTED_EDGE('',*,*,#4257,.F.);
#4257 = EDGE_CURVE('',#4258,#4236,#4260,.T.);
#4258 = VERTEX_POINT('',#4259);
#4259 = CARTESIAN_POINT('',(6.2,85.788854382,24.4));
#4260 = SURFACE_CURVE('',#4261,(#4265,#4272),.PCURVE_S1.);
#4261 = LINE('',#4262,#4263);
#4262 = CARTESIAN_POINT('',(6.2,29.6,24.4));
#4263 = VECTOR('',#4264,1.);
#4264 = DIRECTION('',(0.,1.,0.));
#4265 = PCURVE('',#1122,#4266);
#4266 = DEFINITIONAL_REPRESENTATION('',(#4267),#4271);
#4267 = LINE('',#4268,#4269);
#4268 = CARTESIAN_POINT('',(-55.8,-72.99));
#4269 = VECTOR('',#4270,1.);
#4270 = DIRECTION('',(0.,1.));
#4271 = ( GEOMETRIC_REPRESENTATION_CONTEXT(2) 
PARAMETRIC_REPRESENTATION_CONTEXT() REPRESENTATION_CONTEXT('2D SPACE',''
  ) );
#4272 = PCURVE('',#4273,#4278);
#4273 = PLANE('',#4274);
#4274 = AXIS2_PLACEMENT_3D('',#4275,#4276,#4277);
#4275 = CARTESIAN_POINT('',(6.2,29.6,9.));
#4276 = DIRECTION('',(1.,0.,-0.));
#4277 = DIRECTION('',(0.,0.,1.));
#4278 = DEFINITIONAL_REPRESENTATION('',(#4279),#4283);
#4279 = LINE('',#4280,#4281);
#4280 = CARTESIAN_POINT('',(15.4,0.));
#4281 = VECTOR('',#4282,1.);
#4282 = DIRECTION('',(0.,-1.));
#4283 = ( GEOMETRIC_REPRESENTATION_CONTEXT(2) 
PARAMETRIC_REPRESENTATION_CONTEXT() REPRESENTATION_CONTEXT('2D SPACE',''
  ) );
#4284 = ORIENTED_EDGE('',*,*,#4285,.F.);
#4285 = EDGE_CURVE('',#4286,#4258,#4288,.T.);
#4286 = VERTEX_POINT('',#4287);
#4287 = CARTESIAN_POINT('',(14.2,84.,24.4));
#4288 = SURFACE_CURVE('',#4289,(#4294,#4301),.PCURVE_S1.);
#4289 = CIRCLE('',#4290,4.2);
#4290 = AXIS2_PLACEMENT_3D('',#4291,#4292,#4293);
#4291 = CARTESIAN_POINT('',(10.,84.,24.4));
#4292 = DIRECTION('',(0.,0.,1.));
#4293 = DIRECTION('',(1.,0.,-0.));
#4294 = PCURVE('',#1122,#4295);
#4295 = DEFINITIONAL_REPRESENTATION('',(#4296),#4300);
#4296 = CIRCLE('',#4297,4.2);
#4297 = AXIS2_PLACEMENT_2D('',#4298,#4299);
#4298 = CARTESIAN_POINT('',(-52.,-18.59));
#4299 = DIRECTION('',(1.,0.));
#4300 = ( GEOMETRIC_REPRESENTATION_CONTEXT(2) 
PARAMETRIC_REPRESENTATION_CONTEXT() REPRESENTATION_CONTEXT('2D SPACE',''
  ) );
#4301 = PCURVE('',#4302,#4307);
#4302 = CYLINDRICAL_SURFACE('',#4303,4.2);
#4303 = AXIS2_PLACEMENT_3D('',#4304,#4305,#4306);
#4304 = CARTESIAN_POINT('',(10.,84.,3.));
#4305 = DIRECTION('',(0.,0.,1.));
#4306 = DIRECTION('',(1.,0.,-0.));
#4307 = DEFINITIONAL_REPRESENTATION('',(#4308),#4312);
#4308 = LINE('',#4309,#4310);
#4309 = CARTESIAN_POINT('',(0.,21.4));
#4310 = VECTOR('',#4311,1.);
#4311 = DIRECTION('',(1.,0.));
#4312 = ( GEOMETRIC_REPRESENTATION_CONTEXT(2) 
PARAMETRIC_REPRESENTATION_CONTEXT() REPRESENTATION_CONTEXT('2D SPACE',''
  ) );
#4313 = ORIENTED_EDGE('',*,*,#4314,.F.);
#4314 = EDGE_CURVE('',#4315,#4286,#4317,.T.);
#4315 = VERTEX_POINT('',#4316);
#4316 = CARTESIAN_POINT('',(6.2,82.211145618,24.4));
#4317 = SURFACE_CURVE('',#4318,(#4323,#4330),.PCURVE_S1.);
#4318 = CIRCLE('',#4319,4.2);
#4319 = AXIS2_PLACEMENT_3D('',#4320,#4321,#4322);
#4320 = CARTESIAN_POINT('',(10.,84.,24.4));
#4321 = DIRECTION('',(0.,0.,1.));
#4322 = DIRECTION('',(1.,0.,-0.));
#4323 = PCURVE('',#1122,#4324);
#4324 = DEFINITIONAL_REPRESENTATION('',(#4325),#4329);
#4325 = CIRCLE('',#4326,4.2);
#4326 = AXIS2_PLACEMENT_2D('',#4327,#4328);
#4327 = CARTESIAN_POINT('',(-52.,-18.59));
#4328 = DIRECTION('',(1.,0.));
#4329 = ( GEOMETRIC_REPRESENTATION_CONTEXT(2) 
PARAMETRIC_REPRESENTATION_CONTEXT() REPRESENTATION_CONTEXT('2D SPACE',''
  ) );
#4330 = PCURVE('',#4302,#4331);
#4331 = DEFINITIONAL_REPRESENTATION('',(#4332),#4336);
#4332 = LINE('',#4333,#4334);
#4333 = CARTESIAN_POINT('',(0.,21.4));
#4334 = VECTOR('',#4335,1.);
#4335 = DIRECTION('',(1.,0.));
#4336 = ( GEOMETRIC_REPRESENTATION_CONTEXT(2) 
PARAMETRIC_REPRESENTATION_CONTEXT() REPRESENTATION_CONTEXT('2D SPACE',''
  ) );
#4337 = ORIENTED_EDGE('',*,*,#4338,.F.);
#4338 = EDGE_CURVE('',#4339,#4315,#4341,.T.);
#4339 = VERTEX_POINT('',#4340);
#4340 = CARTESIAN_POINT('',(6.2,29.6,24.4));
#4341 = SURFACE_CURVE('',#4342,(#4346,#4353),.PCURVE_S1.);
#4342 = LINE('',#4343,#4344);
#4343 = CARTESIAN_POINT('',(6.2,29.6,24.4));
#4344 = VECTOR('',#4345,1.);
#4345 = DIRECTION('',(0.,1.,0.));
#4346 = PCURVE('',#1122,#4347);
#4347 = DEFINITIONAL_REPRESENTATION('',(#4348),#4352);
#4348 = LINE('',#4349,#4350);
#4349 = CARTESIAN_POINT('',(-55.8,-72.99));
#4350 = VECTOR('',#4351,1.);
#4351 = DIRECTION('',(0.,1.));
#4352 = ( GEOMETRIC_REPRESENTATION_CONTEXT(2) 
PARAMETRIC_REPRESENTATION_CONTEXT() REPRESENTATION_CONTEXT('2D SPACE',''
  ) );
#4353 = PCURVE('',#4354,#4359);
#4354 = PLANE('',#4355);
#4355 = AXIS2_PLACEMENT_3D('',#4356,#4357,#4358);
#4356 = CARTESIAN_POINT('',(6.2,29.6,9.));
#4357 = DIRECTION('',(1.,0.,-0.));
#4358 = DIRECTION('',(0.,0.,1.));
#4359 = DEFINITIONAL_REPRESENTATION('',(#4360),#4364);
#4360 = LINE('',#4361,#4362);
#4361 = CARTESIAN_POINT('',(15.4,0.));
#4362 = VECTOR('',#4363,1.);
#4363 = DIRECTION('',(0.,-1.));
#4364 = ( GEOMETRIC_REPRESENTATION_CONTEXT(2) 
PARAMETRIC_REPRESENTATION_CONTEXT() REPRESENTATION_CONTEXT('2D SPACE',''
  ) );
#4365 = ORIENTED_EDGE('',*,*,#4366,.T.);
#4366 = EDGE_CURVE('',#4339,#1501,#4367,.T.);
#4367 = SURFACE_CURVE('',#4368,(#4372,#4379),.PCURVE_S1.);
#4368 = LINE('',#4369,#4370);
#4369 = CARTESIAN_POINT('',(35.95,29.6,24.4));
#4370 = VECTOR('',#4371,1.);
#4371 = DIRECTION('',(-1.,-0.,0.));
#4372 = PCURVE('',#1122,#4373);
#4373 = DEFINITIONAL_REPRESENTATION('',(#4374),#4378);
#4374 = LINE('',#4375,#4376);
#4375 = CARTESIAN_POINT('',(-26.05,-72.99));
#4376 = VECTOR('',#4377,1.);
#4377 = DIRECTION('',(-1.,0.));
#4378 = ( GEOMETRIC_REPRESENTATION_CONTEXT(2) 
PARAMETRIC_REPRESENTATION_CONTEXT() REPRESENTATION_CONTEXT('2D SPACE',''
  ) );
#4379 = PCURVE('',#1515,#4380);
#4380 = DEFINITIONAL_REPRESENTATION('',(#4381),#4384);
#4381 = B_SPLINE_CURVE_WITH_KNOTS('',1,(#4382,#4383),.UNSPECIFIED.,.F.,
  .F.,(2,2),(29.75,33.55),.PIECEWISE_BEZIER_KNOTS.);
#4382 = CARTESIAN_POINT('',(15.4,4.3));
#4383 = CARTESIAN_POINT('',(15.4,0.5));
#4384 = ( GEOMETRIC_REPRESENTATION_CONTEXT(2) 
PARAMETRIC_REPRESENTATION_CONTEXT() REPRESENTATION_CONTEXT('2D SPACE',''
  ) );
#4385 = ORIENTED_EDGE('',*,*,#1526,.T.);
#4386 = ORIENTED_EDGE('',*,*,#2400,.T.);
#4387 = ORIENTED_EDGE('',*,*,#2447,.T.);
#4388 = ORIENTED_EDGE('',*,*,#2519,.T.);
#4389 = ORIENTED_EDGE('',*,*,#4390,.T.);
#4390 = EDGE_CURVE('',#2520,#4391,#4393,.T.);
#4391 = VERTEX_POINT('',#4392);
#4392 = CARTESIAN_POINT('',(45.65,2.54,24.4));
#4393 = SURFACE_CURVE('',#4394,(#4398,#4405),.PCURVE_S1.);
#4394 = LINE('',#4395,#4396);
#4395 = CARTESIAN_POINT('',(57.825,2.54,24.4));
#4396 = VECTOR('',#4397,1.);
#4397 = DIRECTION('',(-1.,-0.,0.));
#4398 = PCURVE('',#1122,#4399);
#4399 = DEFINITIONAL_REPRESENTATION('',(#4400),#4404);
#4400 = LINE('',#4401,#4402);
#4401 = CARTESIAN_POINT('',(-4.175,-100.05));
#4402 = VECTOR('',#4403,1.);
#4403 = DIRECTION('',(-1.,0.));
#4404 = ( GEOMETRIC_REPRESENTATION_CONTEXT(2) 
PARAMETRIC_REPRESENTATION_CONTEXT() REPRESENTATION_CONTEXT('2D SPACE',''
  ) );
#4405 = PCURVE('',#2556,#4406);
#4406 = DEFINITIONAL_REPRESENTATION('',(#4407),#4410);
#4407 = B_SPLINE_CURVE_WITH_KNOTS('',1,(#4408,#4409),.UNSPECIFIED.,.F.,
  .F.,(2,2),(9.325,12.175),.PIECEWISE_BEZIER_KNOTS.);
#4408 = CARTESIAN_POINT('',(16.4,2.85));
#4409 = CARTESIAN_POINT('',(16.4,0.));
#4410 = ( GEOMETRIC_REPRESENTATION_CONTEXT(2) 
PARAMETRIC_REPRESENTATION_CONTEXT() REPRESENTATION_CONTEXT('2D SPACE',''
  ) );
#4411 = ORIENTED_EDGE('',*,*,#4412,.T.);
#4412 = EDGE_CURVE('',#4391,#4413,#4415,.T.);
#4413 = VERTEX_POINT('',#4414);
#4414 = CARTESIAN_POINT('',(45.65,3.99,24.4));
#4415 = SURFACE_CURVE('',#4416,(#4420,#4427),.PCURVE_S1.);
#4416 = LINE('',#4417,#4418);
#4417 = CARTESIAN_POINT('',(45.65,27.52,24.4));
#4418 = VECTOR('',#4419,1.);
#4419 = DIRECTION('',(-0.,1.,0.));
#4420 = PCURVE('',#1122,#4421);
#4421 = DEFINITIONAL_REPRESENTATION('',(#4422),#4426);
#4422 = LINE('',#4423,#4424);
#4423 = CARTESIAN_POINT('',(-16.35,-75.07));
#4424 = VECTOR('',#4425,1.);
#4425 = DIRECTION('',(0.,1.));
#4426 = ( GEOMETRIC_REPRESENTATION_CONTEXT(2) 
PARAMETRIC_REPRESENTATION_CONTEXT() REPRESENTATION_CONTEXT('2D SPACE',''
  ) );
#4427 = PCURVE('',#4428,#4433);
#4428 = PLANE('',#4429);
#4429 = AXIS2_PLACEMENT_3D('',#4430,#4431,#4432);
#4430 = CARTESIAN_POINT('',(45.65,2.54,8.));
#4431 = DIRECTION('',(1.,0.,-0.));
#4432 = DIRECTION('',(0.,0.,1.));
#4433 = DEFINITIONAL_REPRESENTATION('',(#4434),#4437);
#4434 = B_SPLINE_CURVE_WITH_KNOTS('',1,(#4435,#4436),.UNSPECIFIED.,.F.,
  .F.,(2,2),(-24.98,-23.53),.PIECEWISE_BEZIER_KNOTS.);
#4435 = CARTESIAN_POINT('',(16.4,0.));
#4436 = CARTESIAN_POINT('',(16.4,-1.45));
#4437 = ( GEOMETRIC_REPRESENTATION_CONTEXT(2) 
PARAMETRIC_REPRESENTATION_CONTEXT() REPRESENTATION_CONTEXT('2D SPACE',''
  ) );
#4438 = ORIENTED_EDGE('',*,*,#4439,.F.);
#4439 = EDGE_CURVE('',#4440,#4413,#4442,.T.);
#4440 = VERTEX_POINT('',#4441);
#4441 = CARTESIAN_POINT('',(48.5,3.99,24.4));
#4442 = SURFACE_CURVE('',#4443,(#4447,#4454),.PCURVE_S1.);
#4443 = LINE('',#4444,#4445);
#4444 = CARTESIAN_POINT('',(57.825,3.99,24.4));
#4445 = VECTOR('',#4446,1.);
#4446 = DIRECTION('',(-1.,-0.,0.));
#4447 = PCURVE('',#1122,#4448);
#4448 = DEFINITIONAL_REPRESENTATION('',(#4449),#4453);
#4449 = LINE('',#4450,#4451);
#4450 = CARTESIAN_POINT('',(-4.175,-98.6));
#4451 = VECTOR('',#4452,1.);
#4452 = DIRECTION('',(-1.,0.));
#4453 = ( GEOMETRIC_REPRESENTATION_CONTEXT(2) 
PARAMETRIC_REPRESENTATION_CONTEXT() REPRESENTATION_CONTEXT('2D SPACE',''
  ) );
#4454 = PCURVE('',#4455,#4460);
#4455 = PLANE('',#4456);
#4456 = AXIS2_PLACEMENT_3D('',#4457,#4458,#4459);
#4457 = CARTESIAN_POINT('',(45.65,3.99,8.));
#4458 = DIRECTION('',(-0.,1.,0.));
#4459 = DIRECTION('',(0.,0.,1.));
#4460 = DEFINITIONAL_REPRESENTATION('',(#4461),#4464);
#4461 = B_SPLINE_CURVE_WITH_KNOTS('',1,(#4462,#4463),.UNSPECIFIED.,.F.,
  .F.,(2,2),(9.325,12.175),.PIECEWISE_BEZIER_KNOTS.);
#4462 = CARTESIAN_POINT('',(16.4,2.85));
#4463 = CARTESIAN_POINT('',(16.4,0.));
#4464 = ( GEOMETRIC_REPRESENTATION_CONTEXT(2) 
PARAMETRIC_REPRESENTATION_CONTEXT() REPRESENTATION_CONTEXT('2D SPACE',''
  ) );
#4465 = ORIENTED_EDGE('',*,*,#4466,.F.);
#4466 = EDGE_CURVE('',#4467,#4440,#4469,.T.);
#4467 = VERTEX_POINT('',#4468);
#4468 = CARTESIAN_POINT('',(48.5,2.55,24.4));
#4469 = SURFACE_CURVE('',#4470,(#4474,#4481),.PCURVE_S1.);
#4470 = LINE('',#4471,#4472);
#4471 = CARTESIAN_POINT('',(48.5,27.52,24.4));
#4472 = VECTOR('',#4473,1.);
#4473 = DIRECTION('',(-0.,1.,0.));
#4474 = PCURVE('',#1122,#4475);
#4475 = DEFINITIONAL_REPRESENTATION('',(#4476),#4480);
#4476 = LINE('',#4477,#4478);
#4477 = CARTESIAN_POINT('',(-13.5,-75.07));
#4478 = VECTOR('',#4479,1.);
#4479 = DIRECTION('',(0.,1.));
#4480 = ( GEOMETRIC_REPRESENTATION_CONTEXT(2) 
PARAMETRIC_REPRESENTATION_CONTEXT() REPRESENTATION_CONTEXT('2D SPACE',''
  ) );
#4481 = PCURVE('',#4482,#4487);
#4482 = PLANE('',#4483);
#4483 = AXIS2_PLACEMENT_3D('',#4484,#4485,#4486);
#4484 = CARTESIAN_POINT('',(48.5,2.54,8.));
#4485 = DIRECTION('',(1.,0.,-0.));
#4486 = DIRECTION('',(0.,0.,1.));
#4487 = DEFINITIONAL_REPRESENTATION('',(#4488),#4491);
#4488 = B_SPLINE_CURVE_WITH_KNOTS('',1,(#4489,#4490),.UNSPECIFIED.,.F.,
  .F.,(2,2),(-24.98,-23.53),.PIECEWISE_BEZIER_KNOTS.);
#4489 = CARTESIAN_POINT('',(16.4,0.));
#4490 = CARTESIAN_POINT('',(16.4,-1.45));
#4491 = ( GEOMETRIC_REPRESENTATION_CONTEXT(2) 
PARAMETRIC_REPRESENTATION_CONTEXT() REPRESENTATION_CONTEXT('2D SPACE',''
  ) );
#4492 = ORIENTED_EDGE('',*,*,#4493,.F.);
#4493 = EDGE_CURVE('',#4494,#4467,#4496,.T.);
#4494 = VERTEX_POINT('',#4495);
#4495 = CARTESIAN_POINT('',(114.,2.55,24.4));
#4496 = SURFACE_CURVE('',#4497,(#4501,#4508),.PCURVE_S1.);
#4497 = LINE('',#4498,#4499);
#4498 = CARTESIAN_POINT('',(47.8,2.55,24.4));
#4499 = VECTOR('',#4500,1.);
#4500 = DIRECTION('',(-1.,-0.,0.));
#4501 = PCURVE('',#1122,#4502);
#4502 = DEFINITIONAL_REPRESENTATION('',(#4503),#4507);
#4503 = LINE('',#4504,#4505);
#4504 = CARTESIAN_POINT('',(-14.2,-100.04));
#4505 = VECTOR('',#4506,1.);
#4506 = DIRECTION('',(-1.,0.));
#4507 = ( GEOMETRIC_REPRESENTATION_CONTEXT(2) 
PARAMETRIC_REPRESENTATION_CONTEXT() REPRESENTATION_CONTEXT('2D SPACE',''
  ) );
#4508 = PCURVE('',#2609,#4509);
#4509 = DEFINITIONAL_REPRESENTATION('',(#4510),#4513);
#4510 = B_SPLINE_CURVE_WITH_KNOTS('',1,(#4511,#4512),.UNSPECIFIED.,.F.,
  .F.,(2,2),(-67.6,0.7),.PIECEWISE_BEZIER_KNOTS.);
#4511 = CARTESIAN_POINT('',(25.4,68.3));
#4512 = CARTESIAN_POINT('',(25.4,0.));
#4513 = ( GEOMETRIC_REPRESENTATION_CONTEXT(2) 
PARAMETRIC_REPRESENTATION_CONTEXT() REPRESENTATION_CONTEXT('2D SPACE',''
  ) );
#4514 = ORIENTED_EDGE('',*,*,#4515,.T.);
#4515 = EDGE_CURVE('',#4494,#4516,#4518,.T.);
#4516 = VERTEX_POINT('',#4517);
#4517 = CARTESIAN_POINT('',(114.,3.99,24.4));
#4518 = SURFACE_CURVE('',#4519,(#4523,#4530),.PCURVE_S1.);
#4519 = LINE('',#4520,#4521);
#4520 = CARTESIAN_POINT('',(114.,27.52,24.4));
#4521 = VECTOR('',#4522,1.);
#4522 = DIRECTION('',(-0.,1.,0.));
#4523 = PCURVE('',#1122,#4524);
#4524 = DEFINITIONAL_REPRESENTATION('',(#4525),#4529);
#4525 = LINE('',#4526,#4527);
#4526 = CARTESIAN_POINT('',(52.,-75.07));
#4527 = VECTOR('',#4528,1.);
#4528 = DIRECTION('',(0.,1.));
#4529 = ( GEOMETRIC_REPRESENTATION_CONTEXT(2) 
PARAMETRIC_REPRESENTATION_CONTEXT() REPRESENTATION_CONTEXT('2D SPACE',''
  ) );
#4530 = PCURVE('',#4531,#4536);
#4531 = PLANE('',#4532);
#4532 = AXIS2_PLACEMENT_3D('',#4533,#4534,#4535);
#4533 = CARTESIAN_POINT('',(114.,2.54,8.));
#4534 = DIRECTION('',(1.,0.,-0.));
#4535 = DIRECTION('',(0.,0.,1.));
#4536 = DEFINITIONAL_REPRESENTATION('',(#4537),#4540);
#4537 = B_SPLINE_CURVE_WITH_KNOTS('',1,(#4538,#4539),.UNSPECIFIED.,.F.,
  .F.,(2,2),(-24.98,-23.53),.PIECEWISE_BEZIER_KNOTS.);
#4538 = CARTESIAN_POINT('',(16.4,0.));
#4539 = CARTESIAN_POINT('',(16.4,-1.45));
#4540 = ( GEOMETRIC_REPRESENTATION_CONTEXT(2) 
PARAMETRIC_REPRESENTATION_CONTEXT() REPRESENTATION_CONTEXT('2D SPACE',''
  ) );
#4541 = ORIENTED_EDGE('',*,*,#4542,.F.);
#4542 = EDGE_CURVE('',#4543,#4516,#4545,.T.);
#4543 = VERTEX_POINT('',#4544);
#4544 = CARTESIAN_POINT('',(116.85,3.99,24.4));
#4545 = SURFACE_CURVE('',#4546,(#4550,#4557),.PCURVE_S1.);
#4546 = LINE('',#4547,#4548);
#4547 = CARTESIAN_POINT('',(92.,3.99,24.4));
#4548 = VECTOR('',#4549,1.);
#4549 = DIRECTION('',(-1.,-0.,0.));
#4550 = PCURVE('',#1122,#4551);
#4551 = DEFINITIONAL_REPRESENTATION('',(#4552),#4556);
#4552 = LINE('',#4553,#4554);
#4553 = CARTESIAN_POINT('',(30.,-98.6));
#4554 = VECTOR('',#4555,1.);
#4555 = DIRECTION('',(-1.,0.));
#4556 = ( GEOMETRIC_REPRESENTATION_CONTEXT(2) 
PARAMETRIC_REPRESENTATION_CONTEXT() REPRESENTATION_CONTEXT('2D SPACE',''
  ) );
#4557 = PCURVE('',#4558,#4563);
#4558 = PLANE('',#4559);
#4559 = AXIS2_PLACEMENT_3D('',#4560,#4561,#4562);
#4560 = CARTESIAN_POINT('',(114.,3.99,8.));
#4561 = DIRECTION('',(-0.,1.,0.));
#4562 = DIRECTION('',(0.,0.,1.));
#4563 = DEFINITIONAL_REPRESENTATION('',(#4564),#4567);
#4564 = B_SPLINE_CURVE_WITH_KNOTS('',1,(#4565,#4566),.UNSPECIFIED.,.F.,
  .F.,(2,2),(-24.85,-22.),.PIECEWISE_BEZIER_KNOTS.);
#4565 = CARTESIAN_POINT('',(16.4,2.85));
#4566 = CARTESIAN_POINT('',(16.4,0.));
#4567 = ( GEOMETRIC_REPRESENTATION_CONTEXT(2) 
PARAMETRIC_REPRESENTATION_CONTEXT() REPRESENTATION_CONTEXT('2D SPACE',''
  ) );
#4568 = ORIENTED_EDGE('',*,*,#4569,.F.);
#4569 = EDGE_CURVE('',#4570,#4543,#4572,.T.);
#4570 = VERTEX_POINT('',#4571);
#4571 = CARTESIAN_POINT('',(116.85,2.54,24.4));
#4572 = SURFACE_CURVE('',#4573,(#4577,#4584),.PCURVE_S1.);
#4573 = LINE('',#4574,#4575);
#4574 = CARTESIAN_POINT('',(116.85,27.52,24.4));
#4575 = VECTOR('',#4576,1.);
#4576 = DIRECTION('',(-0.,1.,0.));
#4577 = PCURVE('',#1122,#4578);
#4578 = DEFINITIONAL_REPRESENTATION('',(#4579),#4583);
#4579 = LINE('',#4580,#4581);
#4580 = CARTESIAN_POINT('',(54.85,-75.07));
#4581 = VECTOR('',#4582,1.);
#4582 = DIRECTION('',(0.,1.));
#4583 = ( GEOMETRIC_REPRESENTATION_CONTEXT(2) 
PARAMETRIC_REPRESENTATION_CONTEXT() REPRESENTATION_CONTEXT('2D SPACE',''
  ) );
#4584 = PCURVE('',#4585,#4590);
#4585 = PLANE('',#4586);
#4586 = AXIS2_PLACEMENT_3D('',#4587,#4588,#4589);
#4587 = CARTESIAN_POINT('',(116.85,2.54,8.));
#4588 = DIRECTION('',(1.,0.,-0.));
#4589 = DIRECTION('',(0.,0.,1.));
#4590 = DEFINITIONAL_REPRESENTATION('',(#4591),#4594);
#4591 = B_SPLINE_CURVE_WITH_KNOTS('',1,(#4592,#4593),.UNSPECIFIED.,.F.,
  .F.,(2,2),(-24.98,-23.53),.PIECEWISE_BEZIER_KNOTS.);
#4592 = CARTESIAN_POINT('',(16.4,0.));
#4593 = CARTESIAN_POINT('',(16.4,-1.45));
#4594 = ( GEOMETRIC_REPRESENTATION_CONTEXT(2) 
PARAMETRIC_REPRESENTATION_CONTEXT() REPRESENTATION_CONTEXT('2D SPACE',''
  ) );
#4595 = ORIENTED_EDGE('',*,*,#4596,.T.);
#4596 = EDGE_CURVE('',#4570,#4597,#4599,.T.);
#4597 = VERTEX_POINT('',#4598);
#4598 = CARTESIAN_POINT('',(115.4,2.54,24.4));
#4599 = SURFACE_CURVE('',#4600,(#4604,#4611),.PCURVE_S1.);
#4600 = LINE('',#4601,#4602);
#4601 = CARTESIAN_POINT('',(92.,2.54,24.4));
#4602 = VECTOR('',#4603,1.);
#4603 = DIRECTION('',(-1.,-0.,0.));
#4604 = PCURVE('',#1122,#4605);
#4605 = DEFINITIONAL_REPRESENTATION('',(#4606),#4610);
#4606 = LINE('',#4607,#4608);
#4607 = CARTESIAN_POINT('',(30.,-100.05));
#4608 = VECTOR('',#4609,1.);
#4609 = DIRECTION('',(-1.,0.));
#4610 = ( GEOMETRIC_REPRESENTATION_CONTEXT(2) 
PARAMETRIC_REPRESENTATION_CONTEXT() REPRESENTATION_CONTEXT('2D SPACE',''
  ) );
#4611 = PCURVE('',#4612,#4617);
#4612 = PLANE('',#4613);
#4613 = AXIS2_PLACEMENT_3D('',#4614,#4615,#4616);
#4614 = CARTESIAN_POINT('',(114.,2.54,8.));
#4615 = DIRECTION('',(-0.,1.,0.));
#4616 = DIRECTION('',(0.,0.,1.));
#4617 = DEFINITIONAL_REPRESENTATION('',(#4618),#4621);
#4618 = B_SPLINE_CURVE_WITH_KNOTS('',1,(#4619,#4620),.UNSPECIFIED.,.F.,
  .F.,(2,2),(-24.85,-22.),.PIECEWISE_BEZIER_KNOTS.);
#4619 = CARTESIAN_POINT('',(16.4,2.85));
#4620 = CARTESIAN_POINT('',(16.4,0.));
#4621 = ( GEOMETRIC_REPRESENTATION_CONTEXT(2) 
PARAMETRIC_REPRESENTATION_CONTEXT() REPRESENTATION_CONTEXT('2D SPACE',''
  ) );
#4622 = ORIENTED_EDGE('',*,*,#4623,.F.);
#4623 = EDGE_CURVE('',#4624,#4597,#4626,.T.);
#4624 = VERTEX_POINT('',#4625);
#4625 = CARTESIAN_POINT('',(115.4,2.4,24.4));
#4626 = SURFACE_CURVE('',#4627,(#4631,#4638),.PCURVE_S1.);
#4627 = LINE('',#4628,#4629);
#4628 = CARTESIAN_POINT('',(115.4,2.5E-02,24.4));
#4629 = VECTOR('',#4630,1.);
#4630 = DIRECTION('',(-0.,1.,0.));
#4631 = PCURVE('',#1122,#4632);
#4632 = DEFINITIONAL_REPRESENTATION('',(#4633),#4637);
#4633 = LINE('',#4634,#4635);
#4634 = CARTESIAN_POINT('',(53.4,-102.565));
#4635 = VECTOR('',#4636,1.);
#4636 = DIRECTION('',(0.,1.));
#4637 = ( GEOMETRIC_REPRESENTATION_CONTEXT(2) 
PARAMETRIC_REPRESENTATION_CONTEXT() REPRESENTATION_CONTEXT('2D SPACE',''
  ) );
#4638 = PCURVE('',#2668,#4639);
#4639 = DEFINITIONAL_REPRESENTATION('',(#4640),#4643);
#4640 = B_SPLINE_CURVE_WITH_KNOTS('',1,(#4641,#4642),.UNSPECIFIED.,.F.,
  .F.,(2,2),(1.025,2.525),.PIECEWISE_BEZIER_KNOTS.);
#4641 = CARTESIAN_POINT('',(25.4,0.));
#4642 = CARTESIAN_POINT('',(25.4,-1.5));
#4643 = ( GEOMETRIC_REPRESENTATION_CONTEXT(2) 
PARAMETRIC_REPRESENTATION_CONTEXT() REPRESENTATION_CONTEXT('2D SPACE',''
  ) );
#4644 = ORIENTED_EDGE('',*,*,#4645,.F.);
#4645 = EDGE_CURVE('',#4646,#4624,#4648,.T.);
#4646 = VERTEX_POINT('',#4647);
#4647 = CARTESIAN_POINT('',(137.45,2.4,24.4));
#4648 = SURFACE_CURVE('',#4649,(#4653,#4660),.PCURVE_S1.);
#4649 = LINE('',#4650,#4651);
#4650 = CARTESIAN_POINT('',(140.,2.4,24.4));
#4651 = VECTOR('',#4652,1.);
#4652 = DIRECTION('',(-1.,-5.415722071342E-17,0.));
#4653 = PCURVE('',#1122,#4654);
#4654 = DEFINITIONAL_REPRESENTATION('',(#4655),#4659);
#4655 = LINE('',#4656,#4657);
#4656 = CARTESIAN_POINT('',(78.,-100.19));
#4657 = VECTOR('',#4658,1.);
#4658 = DIRECTION('',(-1.,-5.415722071342E-17));
#4659 = ( GEOMETRIC_REPRESENTATION_CONTEXT(2) 
PARAMETRIC_REPRESENTATION_CONTEXT() REPRESENTATION_CONTEXT('2D SPACE',''
  ) );
#4660 = PCURVE('',#4661,#4666);
#4661 = PLANE('',#4662);
#4662 = AXIS2_PLACEMENT_3D('',#4663,#4664,#4665);
#4663 = CARTESIAN_POINT('',(137.59,2.4,-1.));
#4664 = DIRECTION('',(-0.,1.,0.));
#4665 = DIRECTION('',(0.,0.,1.));
#4666 = DEFINITIONAL_REPRESENTATION('',(#4667),#4671);
#4667 = LINE('',#4668,#4669);
#4668 = CARTESIAN_POINT('',(25.4,2.41));
#4669 = VECTOR('',#4670,1.);
#4670 = DIRECTION('',(0.,-1.));
#4671 = ( GEOMETRIC_REPRESENTATION_CONTEXT(2) 
PARAMETRIC_REPRESENTATION_CONTEXT() REPRESENTATION_CONTEXT('2D SPACE',''
  ) );
#4672 = ORIENTED_EDGE('',*,*,#4673,.T.);
#4673 = EDGE_CURVE('',#4646,#4674,#4676,.T.);
#4674 = VERTEX_POINT('',#4675);
#4675 = CARTESIAN_POINT('',(137.45,60.5,24.4));
#4676 = SURFACE_CURVE('',#4677,(#4681,#4688),.PCURVE_S1.);
#4677 = LINE('',#4678,#4679);
#4678 = CARTESIAN_POINT('',(137.45,1.7,24.4));
#4679 = VECTOR('',#4680,1.);
#4680 = DIRECTION('',(-0.,1.,0.));
#4681 = PCURVE('',#1122,#4682);
#4682 = DEFINITIONAL_REPRESENTATION('',(#4683),#4687);
#4683 = LINE('',#4684,#4685);
#4684 = CARTESIAN_POINT('',(75.45,-100.89));
#4685 = VECTOR('',#4686,1.);
#4686 = DIRECTION('',(0.,1.));
#4687 = ( GEOMETRIC_REPRESENTATION_CONTEXT(2) 
PARAMETRIC_REPRESENTATION_CONTEXT() REPRESENTATION_CONTEXT('2D SPACE',''
  ) );
#4688 = PCURVE('',#4689,#4694);
#4689 = PLANE('',#4690);
#4690 = AXIS2_PLACEMENT_3D('',#4691,#4692,#4693);
#4691 = CARTESIAN_POINT('',(137.45,1.,-1.));
#4692 = DIRECTION('',(1.,0.,-0.));
#4693 = DIRECTION('',(0.,0.,1.));
#4694 = DEFINITIONAL_REPRESENTATION('',(#4695),#4698);
#4695 = B_SPLINE_CURVE_WITH_KNOTS('',1,(#4696,#4697),.UNSPECIFIED.,.F.,
  .F.,(2,2),(0.7,60.2),.PIECEWISE_BEZIER_KNOTS.);
#4696 = CARTESIAN_POINT('',(25.4,-1.4));
#4697 = CARTESIAN_POINT('',(25.4,-60.9));
#4698 = ( GEOMETRIC_REPRESENTATION_CONTEXT(2) 
PARAMETRIC_REPRESENTATION_CONTEXT() REPRESENTATION_CONTEXT('2D SPACE',''
  ) );
#4699 = ORIENTED_EDGE('',*,*,#4700,.T.);
#4700 = EDGE_CURVE('',#4674,#4701,#4703,.T.);
#4701 = VERTEX_POINT('',#4702);
#4702 = CARTESIAN_POINT('',(136.01,60.5,24.4));
#4703 = SURFACE_CURVE('',#4704,(#4708,#4715),.PCURVE_S1.);
#4704 = LINE('',#4705,#4706);
#4705 = CARTESIAN_POINT('',(92.255,60.5,24.4));
#4706 = VECTOR('',#4707,1.);
#4707 = DIRECTION('',(-1.,-0.,0.));
#4708 = PCURVE('',#1122,#4709);
#4709 = DEFINITIONAL_REPRESENTATION('',(#4710),#4714);
#4710 = LINE('',#4711,#4712);
#4711 = CARTESIAN_POINT('',(30.255,-42.09));
#4712 = VECTOR('',#4713,1.);
#4713 = DIRECTION('',(-1.,0.));
#4714 = ( GEOMETRIC_REPRESENTATION_CONTEXT(2) 
PARAMETRIC_REPRESENTATION_CONTEXT() REPRESENTATION_CONTEXT('2D SPACE',''
  ) );
#4715 = PCURVE('',#4716,#4721);
#4716 = PLANE('',#4717);
#4717 = AXIS2_PLACEMENT_3D('',#4718,#4719,#4720);
#4718 = CARTESIAN_POINT('',(136.01,60.5,8.));
#4719 = DIRECTION('',(-0.,1.,0.));
#4720 = DIRECTION('',(0.,0.,1.));
#4721 = DEFINITIONAL_REPRESENTATION('',(#4722),#4725);
#4722 = B_SPLINE_CURVE_WITH_KNOTS('',1,(#4723,#4724),.UNSPECIFIED.,.F.,
  .F.,(2,2),(-45.205,-43.755),.PIECEWISE_BEZIER_KNOTS.);
#4723 = CARTESIAN_POINT('',(16.4,1.45));
#4724 = CARTESIAN_POINT('',(16.4,0.));
#4725 = ( GEOMETRIC_REPRESENTATION_CONTEXT(2) 
PARAMETRIC_REPRESENTATION_CONTEXT() REPRESENTATION_CONTEXT('2D SPACE',''
  ) );
#4726 = ORIENTED_EDGE('',*,*,#4727,.T.);
#4727 = EDGE_CURVE('',#4701,#4728,#4730,.T.);
#4728 = VERTEX_POINT('',#4729);
#4729 = CARTESIAN_POINT('',(136.01,63.35,24.4));
#4730 = SURFACE_CURVE('',#4731,(#4735,#4742),.PCURVE_S1.);
#4731 = LINE('',#4732,#4733);
#4732 = CARTESIAN_POINT('',(136.01,29.75,24.4));
#4733 = VECTOR('',#4734,1.);
#4734 = DIRECTION('',(-0.,1.,0.));
#4735 = PCURVE('',#1122,#4736);
#4736 = DEFINITIONAL_REPRESENTATION('',(#4737),#4741);
#4737 = LINE('',#4738,#4739);
#4738 = CARTESIAN_POINT('',(74.01,-72.84));
#4739 = VECTOR('',#4740,1.);
#4740 = DIRECTION('',(0.,1.));
#4741 = ( GEOMETRIC_REPRESENTATION_CONTEXT(2) 
PARAMETRIC_REPRESENTATION_CONTEXT() REPRESENTATION_CONTEXT('2D SPACE',''
  ) );
#4742 = PCURVE('',#4743,#4748);
#4743 = PLANE('',#4744);
#4744 = AXIS2_PLACEMENT_3D('',#4745,#4746,#4747);
#4745 = CARTESIAN_POINT('',(136.01,60.5,8.));
#4746 = DIRECTION('',(1.,0.,-0.));
#4747 = DIRECTION('',(0.,0.,1.));
#4748 = DEFINITIONAL_REPRESENTATION('',(#4749),#4752);
#4749 = B_SPLINE_CURVE_WITH_KNOTS('',1,(#4750,#4751),.UNSPECIFIED.,.F.,
  .F.,(2,2),(30.75,33.6),.PIECEWISE_BEZIER_KNOTS.);
#4750 = CARTESIAN_POINT('',(16.4,0.));
#4751 = CARTESIAN_POINT('',(16.4,-2.85));
#4752 = ( GEOMETRIC_REPRESENTATION_CONTEXT(2) 
PARAMETRIC_REPRESENTATION_CONTEXT() REPRESENTATION_CONTEXT('2D SPACE',''
  ) );
#4753 = ORIENTED_EDGE('',*,*,#4754,.F.);
#4754 = EDGE_CURVE('',#4755,#4728,#4757,.T.);
#4755 = VERTEX_POINT('',#4756);
#4756 = CARTESIAN_POINT('',(137.46,63.35,24.4));
#4757 = SURFACE_CURVE('',#4758,(#4762,#4769),.PCURVE_S1.);
#4758 = LINE('',#4759,#4760);
#4759 = CARTESIAN_POINT('',(92.255,63.35,24.4));
#4760 = VECTOR('',#4761,1.);
#4761 = DIRECTION('',(-1.,-0.,0.));
#4762 = PCURVE('',#1122,#4763);
#4763 = DEFINITIONAL_REPRESENTATION('',(#4764),#4768);
#4764 = LINE('',#4765,#4766);
#4765 = CARTESIAN_POINT('',(30.255,-39.24));
#4766 = VECTOR('',#4767,1.);
#4767 = DIRECTION('',(-1.,0.));
#4768 = ( GEOMETRIC_REPRESENTATION_CONTEXT(2) 
PARAMETRIC_REPRESENTATION_CONTEXT() REPRESENTATION_CONTEXT('2D SPACE',''
  ) );
#4769 = PCURVE('',#4770,#4775);
#4770 = PLANE('',#4771);
#4771 = AXIS2_PLACEMENT_3D('',#4772,#4773,#4774);
#4772 = CARTESIAN_POINT('',(136.01,63.35,8.));
#4773 = DIRECTION('',(-0.,1.,0.));
#4774 = DIRECTION('',(0.,0.,1.));
#4775 = DEFINITIONAL_REPRESENTATION('',(#4776),#4779);
#4776 = B_SPLINE_CURVE_WITH_KNOTS('',1,(#4777,#4778),.UNSPECIFIED.,.F.,
  .F.,(2,2),(-45.205,-43.755),.PIECEWISE_BEZIER_KNOTS.);
#4777 = CARTESIAN_POINT('',(16.4,1.45));
#4778 = CARTESIAN_POINT('',(16.4,0.));
#4779 = ( GEOMETRIC_REPRESENTATION_CONTEXT(2) 
PARAMETRIC_REPRESENTATION_CONTEXT() REPRESENTATION_CONTEXT('2D SPACE',''
  ) );
#4780 = ORIENTED_EDGE('',*,*,#4781,.F.);
#4781 = EDGE_CURVE('',#4782,#4755,#4784,.T.);
#4782 = VERTEX_POINT('',#4783);
#4783 = CARTESIAN_POINT('',(137.46,61.9,24.4));
#4784 = SURFACE_CURVE('',#4785,(#4789,#4796),.PCURVE_S1.);
#4785 = LINE('',#4786,#4787);
#4786 = CARTESIAN_POINT('',(137.46,29.75,24.4));
#4787 = VECTOR('',#4788,1.);
#4788 = DIRECTION('',(-0.,1.,0.));
#4789 = PCURVE('',#1122,#4790);
#4790 = DEFINITIONAL_REPRESENTATION('',(#4791),#4795);
#4791 = LINE('',#4792,#4793);
#4792 = CARTESIAN_POINT('',(75.46,-72.84));
#4793 = VECTOR('',#4794,1.);
#4794 = DIRECTION('',(0.,1.));
#4795 = ( GEOMETRIC_REPRESENTATION_CONTEXT(2) 
PARAMETRIC_REPRESENTATION_CONTEXT() REPRESENTATION_CONTEXT('2D SPACE',''
  ) );
#4796 = PCURVE('',#4797,#4802);
#4797 = PLANE('',#4798);
#4798 = AXIS2_PLACEMENT_3D('',#4799,#4800,#4801);
#4799 = CARTESIAN_POINT('',(137.46,60.5,8.));
#4800 = DIRECTION('',(1.,0.,-0.));
#4801 = DIRECTION('',(0.,0.,1.));
#4802 = DEFINITIONAL_REPRESENTATION('',(#4803),#4806);
#4803 = B_SPLINE_CURVE_WITH_KNOTS('',1,(#4804,#4805),.UNSPECIFIED.,.F.,
  .F.,(2,2),(30.75,33.6),.PIECEWISE_BEZIER_KNOTS.);
#4804 = CARTESIAN_POINT('',(16.4,0.));
#4805 = CARTESIAN_POINT('',(16.4,-2.85));
#4806 = ( GEOMETRIC_REPRESENTATION_CONTEXT(2) 
PARAMETRIC_REPRESENTATION_CONTEXT() REPRESENTATION_CONTEXT('2D SPACE',''
  ) );
#4807 = ORIENTED_EDGE('',*,*,#4808,.F.);
#4808 = EDGE_CURVE('',#4809,#4782,#4811,.T.);
#4809 = VERTEX_POINT('',#4810);
#4810 = CARTESIAN_POINT('',(137.6,61.9,24.4));
#4811 = SURFACE_CURVE('',#4812,(#4816,#4823),.PCURVE_S1.);
#4812 = LINE('',#4813,#4814);
#4813 = CARTESIAN_POINT('',(137.52,61.9,24.4));
#4814 = VECTOR('',#4815,1.);
#4815 = DIRECTION('',(-1.,-0.,0.));
#4816 = PCURVE('',#1122,#4817);
#4817 = DEFINITIONAL_REPRESENTATION('',(#4818),#4822);
#4818 = LINE('',#4819,#4820);
#4819 = CARTESIAN_POINT('',(75.52,-40.69));
#4820 = VECTOR('',#4821,1.);
#4821 = DIRECTION('',(-1.,0.));
#4822 = ( GEOMETRIC_REPRESENTATION_CONTEXT(2) 
PARAMETRIC_REPRESENTATION_CONTEXT() REPRESENTATION_CONTEXT('2D SPACE',''
  ) );
#4823 = PCURVE('',#4075,#4824);
#4824 = DEFINITIONAL_REPRESENTATION('',(#4825),#4828);
#4825 = B_SPLINE_CURVE_WITH_KNOTS('',1,(#4826,#4827),.UNSPECIFIED.,.F.,
  .F.,(2,2),(-1.43,6.999999999999E-02),.PIECEWISE_BEZIER_KNOTS.);
#4826 = CARTESIAN_POINT('',(25.4,1.5));
#4827 = CARTESIAN_POINT('',(25.4,0.));
#4828 = ( GEOMETRIC_REPRESENTATION_CONTEXT(2) 
PARAMETRIC_REPRESENTATION_CONTEXT() REPRESENTATION_CONTEXT('2D SPACE',''
  ) );
#4829 = ORIENTED_EDGE('',*,*,#4830,.T.);
#4830 = EDGE_CURVE('',#4809,#4831,#4833,.T.);
#4831 = VERTEX_POINT('',#4832);
#4832 = CARTESIAN_POINT('',(137.6,88.005887450305,24.4));
#4833 = SURFACE_CURVE('',#4834,(#4838,#4845),.PCURVE_S1.);
#4834 = LINE('',#4835,#4836);
#4835 = CARTESIAN_POINT('',(137.6,0.,24.4));
#4836 = VECTOR('',#4837,1.);
#4837 = DIRECTION('',(0.,1.,0.));
#4838 = PCURVE('',#1122,#4839);
#4839 = DEFINITIONAL_REPRESENTATION('',(#4840),#4844);
#4840 = LINE('',#4841,#4842);
#4841 = CARTESIAN_POINT('',(75.6,-102.59));
#4842 = VECTOR('',#4843,1.);
#4843 = DIRECTION('',(0.,1.));
#4844 = ( GEOMETRIC_REPRESENTATION_CONTEXT(2) 
PARAMETRIC_REPRESENTATION_CONTEXT() REPRESENTATION_CONTEXT('2D SPACE',''
  ) );
#4845 = PCURVE('',#4049,#4846);
#4846 = DEFINITIONAL_REPRESENTATION('',(#4847),#4851);
#4847 = LINE('',#4848,#4849);
#4848 = CARTESIAN_POINT('',(-2.4,-25.4));
#4849 = VECTOR('',#4850,1.);
#4850 = DIRECTION('',(1.,0.));
#4851 = ( GEOMETRIC_REPRESENTATION_CONTEXT(2) 
PARAMETRIC_REPRESENTATION_CONTEXT() REPRESENTATION_CONTEXT('2D SPACE',''
  ) );
#4852 = ORIENTED_EDGE('',*,*,#4853,.T.);
#4853 = EDGE_CURVE('',#4831,#4854,#4856,.T.);
#4854 = VERTEX_POINT('',#4855);
#4855 = CARTESIAN_POINT('',(126.,99.605887450305,24.4));
#4856 = SURFACE_CURVE('',#4857,(#4861,#4868),.PCURVE_S1.);
#4857 = LINE('',#4858,#4859);
#4858 = CARTESIAN_POINT('',(138.30294372515,87.302943725152,24.4));
#4859 = VECTOR('',#4860,1.);
#4860 = DIRECTION('',(-0.707106781187,0.707106781187,0.));
#4861 = PCURVE('',#1122,#4862);
#4862 = DEFINITIONAL_REPRESENTATION('',(#4863),#4867);
#4863 = LINE('',#4864,#4865);
#4864 = CARTESIAN_POINT('',(76.302943725152,-15.28705627484));
#4865 = VECTOR('',#4866,1.);
#4866 = DIRECTION('',(-0.707106781187,0.707106781187));
#4867 = ( GEOMETRIC_REPRESENTATION_CONTEXT(2) 
PARAMETRIC_REPRESENTATION_CONTEXT() REPRESENTATION_CONTEXT('2D SPACE',''
  ) );
#4868 = PCURVE('',#4023,#4869);
#4869 = DEFINITIONAL_REPRESENTATION('',(#4870),#4874);
#4870 = LINE('',#4871,#4872);
#4871 = CARTESIAN_POINT('',(-0.994112549695,-25.4));
#4872 = VECTOR('',#4873,1.);
#4873 = DIRECTION('',(1.,0.));
#4874 = ( GEOMETRIC_REPRESENTATION_CONTEXT(2) 
PARAMETRIC_REPRESENTATION_CONTEXT() REPRESENTATION_CONTEXT('2D SPACE',''
  ) );
#4875 = ORIENTED_EDGE('',*,*,#4876,.F.);
#4876 = EDGE_CURVE('',#4877,#4854,#4879,.T.);
#4877 = VERTEX_POINT('',#4878);
#4878 = CARTESIAN_POINT('',(126.,95.6,24.4));
#4879 = SURFACE_CURVE('',#4880,(#4884,#4891),.PCURVE_S1.);
#4880 = LINE('',#4881,#4882);
#4881 = CARTESIAN_POINT('',(126.,74.05,24.4));
#4882 = VECTOR('',#4883,1.);
#4883 = DIRECTION('',(-0.,1.,0.));
#4884 = PCURVE('',#1122,#4885);
#4885 = DEFINITIONAL_REPRESENTATION('',(#4886),#4890);
#4886 = LINE('',#4887,#4888);
#4887 = CARTESIAN_POINT('',(64.,-28.54));
#4888 = VECTOR('',#4889,1.);
#4889 = DIRECTION('',(0.,1.));
#4890 = ( GEOMETRIC_REPRESENTATION_CONTEXT(2) 
PARAMETRIC_REPRESENTATION_CONTEXT() REPRESENTATION_CONTEXT('2D SPACE',''
  ) );
#4891 = PCURVE('',#4892,#4897);
#4892 = PLANE('',#4893);
#4893 = AXIS2_PLACEMENT_3D('',#4894,#4895,#4896);
#4894 = CARTESIAN_POINT('',(126.,95.6,7.5));
#4895 = DIRECTION('',(1.,0.,-0.));
#4896 = DIRECTION('',(0.,0.,1.));
#4897 = DEFINITIONAL_REPRESENTATION('',(#4898),#4901);
#4898 = B_SPLINE_CURVE_WITH_KNOTS('',1,(#4899,#4900),.UNSPECIFIED.,.F.,
  .F.,(2,2),(21.55,28.55),.PIECEWISE_BEZIER_KNOTS.);
#4899 = CARTESIAN_POINT('',(16.9,0.));
#4900 = CARTESIAN_POINT('',(16.9,-7.));
#4901 = ( GEOMETRIC_REPRESENTATION_CONTEXT(2) 
PARAMETRIC_REPRESENTATION_CONTEXT() REPRESENTATION_CONTEXT('2D SPACE',''
  ) );
#4902 = ORIENTED_EDGE('',*,*,#4903,.T.);
#4903 = EDGE_CURVE('',#4877,#4904,#4906,.T.);
#4904 = VERTEX_POINT('',#4905);
#4905 = CARTESIAN_POINT('',(110.,95.6,24.4));
#4906 = SURFACE_CURVE('',#4907,(#4911,#4918),.PCURVE_S1.);
#4907 = LINE('',#4908,#4909);
#4908 = CARTESIAN_POINT('',(90.,95.6,24.4));
#4909 = VECTOR('',#4910,1.);
#4910 = DIRECTION('',(-1.,-0.,0.));
#4911 = PCURVE('',#1122,#4912);
#4912 = DEFINITIONAL_REPRESENTATION('',(#4913),#4917);
#4913 = LINE('',#4914,#4915);
#4914 = CARTESIAN_POINT('',(28.,-6.99));
#4915 = VECTOR('',#4916,1.);
#4916 = DIRECTION('',(-1.,0.));
#4917 = ( GEOMETRIC_REPRESENTATION_CONTEXT(2) 
PARAMETRIC_REPRESENTATION_CONTEXT() REPRESENTATION_CONTEXT('2D SPACE',''
  ) );
#4918 = PCURVE('',#4919,#4924);
#4919 = PLANE('',#4920);
#4920 = AXIS2_PLACEMENT_3D('',#4921,#4922,#4923);
#4921 = CARTESIAN_POINT('',(110.,95.6,7.5));
#4922 = DIRECTION('',(-0.,1.,0.));
#4923 = DIRECTION('',(0.,0.,1.));
#4924 = DEFINITIONAL_REPRESENTATION('',(#4925),#4928);
#4925 = B_SPLINE_CURVE_WITH_KNOTS('',1,(#4926,#4927),.UNSPECIFIED.,.F.,
  .F.,(2,2),(-36.,-20.),.PIECEWISE_BEZIER_KNOTS.);
#4926 = CARTESIAN_POINT('',(16.9,16.));
#4927 = CARTESIAN_POINT('',(16.9,0.));
#4928 = ( GEOMETRIC_REPRESENTATION_CONTEXT(2) 
PARAMETRIC_REPRESENTATION_CONTEXT() REPRESENTATION_CONTEXT('2D SPACE',''
  ) );
#4929 = ORIENTED_EDGE('',*,*,#4930,.T.);
#4930 = EDGE_CURVE('',#4904,#4931,#4933,.T.);
#4931 = VERTEX_POINT('',#4932);
#4932 = CARTESIAN_POINT('',(110.,102.6,24.4));
#4933 = SURFACE_CURVE('',#4934,(#4938,#4945),.PCURVE_S1.);
#4934 = LINE('',#4935,#4936);
#4935 = CARTESIAN_POINT('',(110.,74.05,24.4));
#4936 = VECTOR('',#4937,1.);
#4937 = DIRECTION('',(-0.,1.,0.));
#4938 = PCURVE('',#1122,#4939);
#4939 = DEFINITIONAL_REPRESENTATION('',(#4940),#4944);
#4940 = LINE('',#4941,#4942);
#4941 = CARTESIAN_POINT('',(48.,-28.54));
#4942 = VECTOR('',#4943,1.);
#4943 = DIRECTION('',(0.,1.));
#4944 = ( GEOMETRIC_REPRESENTATION_CONTEXT(2) 
PARAMETRIC_REPRESENTATION_CONTEXT() REPRESENTATION_CONTEXT('2D SPACE',''
  ) );
#4945 = PCURVE('',#4946,#4951);
#4946 = PLANE('',#4947);
#4947 = AXIS2_PLACEMENT_3D('',#4948,#4949,#4950);
#4948 = CARTESIAN_POINT('',(110.,95.6,7.5));
#4949 = DIRECTION('',(1.,0.,-0.));
#4950 = DIRECTION('',(0.,0.,1.));
#4951 = DEFINITIONAL_REPRESENTATION('',(#4952),#4955);
#4952 = B_SPLINE_CURVE_WITH_KNOTS('',1,(#4953,#4954),.UNSPECIFIED.,.F.,
  .F.,(2,2),(21.55,28.55),.PIECEWISE_BEZIER_KNOTS.);
#4953 = CARTESIAN_POINT('',(16.9,0.));
#4954 = CARTESIAN_POINT('',(16.9,-7.));
#4955 = ( GEOMETRIC_REPRESENTATION_CONTEXT(2) 
PARAMETRIC_REPRESENTATION_CONTEXT() REPRESENTATION_CONTEXT('2D SPACE',''
  ) );
#4956 = ORIENTED_EDGE('',*,*,#4957,.T.);
#4957 = EDGE_CURVE('',#4931,#3565,#4958,.T.);
#4958 = SURFACE_CURVE('',#4959,(#4963,#4970),.PCURVE_S1.);
#4959 = LINE('',#4960,#4961);
#4960 = CARTESIAN_POINT('',(124.,102.6,24.4));
#4961 = VECTOR('',#4962,1.);
#4962 = DIRECTION('',(-1.,0.,0.));
#4963 = PCURVE('',#1122,#4964);
#4964 = DEFINITIONAL_REPRESENTATION('',(#4965),#4969);
#4965 = LINE('',#4966,#4967);
#4966 = CARTESIAN_POINT('',(62.,9.999999999991E-03));
#4967 = VECTOR('',#4968,1.);
#4968 = DIRECTION('',(-1.,0.));
#4969 = ( GEOMETRIC_REPRESENTATION_CONTEXT(2) 
PARAMETRIC_REPRESENTATION_CONTEXT() REPRESENTATION_CONTEXT('2D SPACE',''
  ) );
#4970 = PCURVE('',#3600,#4971);
#4971 = DEFINITIONAL_REPRESENTATION('',(#4972),#4976);
#4972 = LINE('',#4973,#4974);
#4973 = CARTESIAN_POINT('',(-0.994112549695,-25.4));
#4974 = VECTOR('',#4975,1.);
#4975 = DIRECTION('',(1.,0.));
#4976 = ( GEOMETRIC_REPRESENTATION_CONTEXT(2) 
PARAMETRIC_REPRESENTATION_CONTEXT() REPRESENTATION_CONTEXT('2D SPACE',''
  ) );
#4977 = ORIENTED_EDGE('',*,*,#3564,.F.);
#4978 = ORIENTED_EDGE('',*,*,#4979,.F.);
#4979 = EDGE_CURVE('',#4980,#3539,#4982,.T.);
#4980 = VERTEX_POINT('',#4981);
#4981 = CARTESIAN_POINT('',(108.85,102.46,24.4));
#4982 = SURFACE_CURVE('',#4983,(#4987,#4994),.PCURVE_S1.);
#4983 = LINE('',#4984,#4985);
#4984 = CARTESIAN_POINT('',(121.795,102.46,24.4));
#4985 = VECTOR('',#4986,1.);
#4986 = DIRECTION('',(-1.,-0.,0.));
#4987 = PCURVE('',#1122,#4988);
#4988 = DEFINITIONAL_REPRESENTATION('',(#4989),#4993);
#4989 = LINE('',#4990,#4991);
#4990 = CARTESIAN_POINT('',(59.795,-0.13));
#4991 = VECTOR('',#4992,1.);
#4992 = DIRECTION('',(-1.,0.));
#4993 = ( GEOMETRIC_REPRESENTATION_CONTEXT(2) 
PARAMETRIC_REPRESENTATION_CONTEXT() REPRESENTATION_CONTEXT('2D SPACE',''
  ) );
#4994 = PCURVE('',#3553,#4995);
#4995 = DEFINITIONAL_REPRESENTATION('',(#4996),#4999);
#4996 = B_SPLINE_CURVE_WITH_KNOTS('',1,(#4997,#4998),.UNSPECIFIED.,.F.,
  .F.,(2,2),(12.945,15.795),.PIECEWISE_BEZIER_KNOTS.);
#4997 = CARTESIAN_POINT('',(21.2,2.85));
#4998 = CARTESIAN_POINT('',(21.2,0.));
#4999 = ( GEOMETRIC_REPRESENTATION_CONTEXT(2) 
PARAMETRIC_REPRESENTATION_CONTEXT() REPRESENTATION_CONTEXT('2D SPACE',''
  ) );
#5000 = ORIENTED_EDGE('',*,*,#5001,.F.);
#5001 = EDGE_CURVE('',#5002,#4980,#5004,.T.);
#5002 = VERTEX_POINT('',#5003);
#5003 = CARTESIAN_POINT('',(108.85,101.01,24.4));
#5004 = SURFACE_CURVE('',#5005,(#5009,#5016),.PCURVE_S1.);
#5005 = LINE('',#5006,#5007);
#5006 = CARTESIAN_POINT('',(108.85,51.705,24.4));
#5007 = VECTOR('',#5008,1.);
#5008 = DIRECTION('',(-0.,1.,0.));
#5009 = PCURVE('',#1122,#5010);
#5010 = DEFINITIONAL_REPRESENTATION('',(#5011),#5015);
#5011 = LINE('',#5012,#5013);
#5012 = CARTESIAN_POINT('',(46.85,-50.885));
#5013 = VECTOR('',#5014,1.);
#5014 = DIRECTION('',(0.,1.));
#5015 = ( GEOMETRIC_REPRESENTATION_CONTEXT(2) 
PARAMETRIC_REPRESENTATION_CONTEXT() REPRESENTATION_CONTEXT('2D SPACE',''
  ) );
#5016 = PCURVE('',#5017,#5022);
#5017 = PLANE('',#5018);
#5018 = AXIS2_PLACEMENT_3D('',#5019,#5020,#5021);
#5019 = CARTESIAN_POINT('',(108.85,101.01,3.2));
#5020 = DIRECTION('',(1.,0.,-0.));
#5021 = DIRECTION('',(0.,0.,1.));
#5022 = DEFINITIONAL_REPRESENTATION('',(#5023),#5026);
#5023 = B_SPLINE_CURVE_WITH_KNOTS('',1,(#5024,#5025),.UNSPECIFIED.,.F.,
  .F.,(2,2),(49.305,50.755),.PIECEWISE_BEZIER_KNOTS.);
#5024 = CARTESIAN_POINT('',(21.2,0.));
#5025 = CARTESIAN_POINT('',(21.2,-1.45));
#5026 = ( GEOMETRIC_REPRESENTATION_CONTEXT(2) 
PARAMETRIC_REPRESENTATION_CONTEXT() REPRESENTATION_CONTEXT('2D SPACE',''
  ) );
#5027 = ORIENTED_EDGE('',*,*,#5028,.T.);
#5028 = EDGE_CURVE('',#5002,#5029,#5031,.T.);
#5029 = VERTEX_POINT('',#5030);
#5030 = CARTESIAN_POINT('',(106.,101.01,24.4));
#5031 = SURFACE_CURVE('',#5032,(#5036,#5043),.PCURVE_S1.);
#5032 = LINE('',#5033,#5034);
#5033 = CARTESIAN_POINT('',(121.795,101.01,24.4));
#5034 = VECTOR('',#5035,1.);
#5035 = DIRECTION('',(-1.,-0.,0.));
#5036 = PCURVE('',#1122,#5037);
#5037 = DEFINITIONAL_REPRESENTATION('',(#5038),#5042);
#5038 = LINE('',#5039,#5040);
#5039 = CARTESIAN_POINT('',(59.795,-1.58));
#5040 = VECTOR('',#5041,1.);
#5041 = DIRECTION('',(-1.,0.));
#5042 = ( GEOMETRIC_REPRESENTATION_CONTEXT(2) 
PARAMETRIC_REPRESENTATION_CONTEXT() REPRESENTATION_CONTEXT('2D SPACE',''
  ) );
#5043 = PCURVE('',#5044,#5049);
#5044 = PLANE('',#5045);
#5045 = AXIS2_PLACEMENT_3D('',#5046,#5047,#5048);
#5046 = CARTESIAN_POINT('',(106.,101.01,3.2));
#5047 = DIRECTION('',(-0.,1.,0.));
#5048 = DIRECTION('',(0.,0.,1.));
#5049 = DEFINITIONAL_REPRESENTATION('',(#5050),#5053);
#5050 = B_SPLINE_CURVE_WITH_KNOTS('',1,(#5051,#5052),.UNSPECIFIED.,.F.,
  .F.,(2,2),(12.945,15.795),.PIECEWISE_BEZIER_KNOTS.);
#5051 = CARTESIAN_POINT('',(21.2,2.85));
#5052 = CARTESIAN_POINT('',(21.2,0.));
#5053 = ( GEOMETRIC_REPRESENTATION_CONTEXT(2) 
PARAMETRIC_REPRESENTATION_CONTEXT() REPRESENTATION_CONTEXT('2D SPACE',''
  ) );
#5054 = ORIENTED_EDGE('',*,*,#5055,.T.);
#5055 = EDGE_CURVE('',#5029,#4136,#5056,.T.);
#5056 = SURFACE_CURVE('',#5057,(#5061,#5068),.PCURVE_S1.);
#5057 = LINE('',#5058,#5059);
#5058 = CARTESIAN_POINT('',(106.,51.705,24.4));
#5059 = VECTOR('',#5060,1.);
#5060 = DIRECTION('',(-0.,1.,0.));
#5061 = PCURVE('',#1122,#5062);
#5062 = DEFINITIONAL_REPRESENTATION('',(#5063),#5067);
#5063 = LINE('',#5064,#5065);
#5064 = CARTESIAN_POINT('',(44.,-50.885));
#5065 = VECTOR('',#5066,1.);
#5066 = DIRECTION('',(0.,1.));
#5067 = ( GEOMETRIC_REPRESENTATION_CONTEXT(2) 
PARAMETRIC_REPRESENTATION_CONTEXT() REPRESENTATION_CONTEXT('2D SPACE',''
  ) );
#5068 = PCURVE('',#4150,#5069);
#5069 = DEFINITIONAL_REPRESENTATION('',(#5070),#5073);
#5070 = B_SPLINE_CURVE_WITH_KNOTS('',1,(#5071,#5072),.UNSPECIFIED.,.F.,
  .F.,(2,2),(49.305,50.755),.PIECEWISE_BEZIER_KNOTS.);
#5071 = CARTESIAN_POINT('',(21.2,0.));
#5072 = CARTESIAN_POINT('',(21.2,-1.45));
#5073 = ( GEOMETRIC_REPRESENTATION_CONTEXT(2) 
PARAMETRIC_REPRESENTATION_CONTEXT() REPRESENTATION_CONTEXT('2D SPACE',''
  ) );
#5074 = ORIENTED_EDGE('',*,*,#4161,.T.);
#5075 = ORIENTED_EDGE('',*,*,#5076,.F.);
#5076 = EDGE_CURVE('',#5077,#4162,#5079,.T.);
#5077 = VERTEX_POINT('',#5078);
#5078 = CARTESIAN_POINT('',(62.,101.01,24.4));
#5079 = SURFACE_CURVE('',#5080,(#5084,#5091),.PCURVE_S1.);
#5080 = LINE('',#5081,#5082);
#5081 = CARTESIAN_POINT('',(62.,51.705,24.4));
#5082 = VECTOR('',#5083,1.);
#5083 = DIRECTION('',(-0.,1.,0.));
#5084 = PCURVE('',#1122,#5085);
#5085 = DEFINITIONAL_REPRESENTATION('',(#5086),#5090);
#5086 = LINE('',#5087,#5088);
#5087 = CARTESIAN_POINT('',(0.,-50.885));
#5088 = VECTOR('',#5089,1.);
#5089 = DIRECTION('',(0.,1.));
#5090 = ( GEOMETRIC_REPRESENTATION_CONTEXT(2) 
PARAMETRIC_REPRESENTATION_CONTEXT() REPRESENTATION_CONTEXT('2D SPACE',''
  ) );
#5091 = PCURVE('',#4197,#5092);
#5092 = DEFINITIONAL_REPRESENTATION('',(#5093),#5096);
#5093 = B_SPLINE_CURVE_WITH_KNOTS('',1,(#5094,#5095),.UNSPECIFIED.,.F.,
  .F.,(2,2),(49.305,50.755),.PIECEWISE_BEZIER_KNOTS.);
#5094 = CARTESIAN_POINT('',(21.2,0.));
#5095 = CARTESIAN_POINT('',(21.2,-1.45));
#5096 = ( GEOMETRIC_REPRESENTATION_CONTEXT(2) 
PARAMETRIC_REPRESENTATION_CONTEXT() REPRESENTATION_CONTEXT('2D SPACE',''
  ) );
#5097 = ORIENTED_EDGE('',*,*,#5098,.T.);
#5098 = EDGE_CURVE('',#5077,#5099,#5101,.T.);
#5099 = VERTEX_POINT('',#5100);
#5100 = CARTESIAN_POINT('',(59.15,101.01,24.4));
#5101 = SURFACE_CURVE('',#5102,(#5106,#5113),.PCURVE_S1.);
#5102 = LINE('',#5103,#5104);
#5103 = CARTESIAN_POINT('',(98.37,101.01,24.4));
#5104 = VECTOR('',#5105,1.);
#5105 = DIRECTION('',(-1.,-0.,0.));
#5106 = PCURVE('',#1122,#5107);
#5107 = DEFINITIONAL_REPRESENTATION('',(#5108),#5112);
#5108 = LINE('',#5109,#5110);
#5109 = CARTESIAN_POINT('',(36.37,-1.58));
#5110 = VECTOR('',#5111,1.);
#5111 = DIRECTION('',(-1.,0.));
#5112 = ( GEOMETRIC_REPRESENTATION_CONTEXT(2) 
PARAMETRIC_REPRESENTATION_CONTEXT() REPRESENTATION_CONTEXT('2D SPACE',''
  ) );
#5113 = PCURVE('',#5114,#5119);
#5114 = PLANE('',#5115);
#5115 = AXIS2_PLACEMENT_3D('',#5116,#5117,#5118);
#5116 = CARTESIAN_POINT('',(59.15,101.01,3.2));
#5117 = DIRECTION('',(-0.,1.,0.));
#5118 = DIRECTION('',(0.,0.,1.));
#5119 = DEFINITIONAL_REPRESENTATION('',(#5120),#5123);
#5120 = B_SPLINE_CURVE_WITH_KNOTS('',1,(#5121,#5122),.UNSPECIFIED.,.F.,
  .F.,(2,2),(36.37,39.22),.PIECEWISE_BEZIER_KNOTS.);
#5121 = CARTESIAN_POINT('',(21.2,2.85));
#5122 = CARTESIAN_POINT('',(21.2,0.));
#5123 = ( GEOMETRIC_REPRESENTATION_CONTEXT(2) 
PARAMETRIC_REPRESENTATION_CONTEXT() REPRESENTATION_CONTEXT('2D SPACE',''
  ) );
#5124 = ORIENTED_EDGE('',*,*,#5125,.T.);
#5125 = EDGE_CURVE('',#5099,#5126,#5128,.T.);
#5126 = VERTEX_POINT('',#5127);
#5127 = CARTESIAN_POINT('',(59.15,102.46,24.4));
#5128 = SURFACE_CURVE('',#5129,(#5133,#5140),.PCURVE_S1.);
#5129 = LINE('',#5130,#5131);
#5130 = CARTESIAN_POINT('',(59.15,51.705,24.4));
#5131 = VECTOR('',#5132,1.);
#5132 = DIRECTION('',(-0.,1.,0.));
#5133 = PCURVE('',#1122,#5134);
#5134 = DEFINITIONAL_REPRESENTATION('',(#5135),#5139);
#5135 = LINE('',#5136,#5137);
#5136 = CARTESIAN_POINT('',(-2.85,-50.885));
#5137 = VECTOR('',#5138,1.);
#5138 = DIRECTION('',(0.,1.));
#5139 = ( GEOMETRIC_REPRESENTATION_CONTEXT(2) 
PARAMETRIC_REPRESENTATION_CONTEXT() REPRESENTATION_CONTEXT('2D SPACE',''
  ) );
#5140 = PCURVE('',#5141,#5146);
#5141 = PLANE('',#5142);
#5142 = AXIS2_PLACEMENT_3D('',#5143,#5144,#5145);
#5143 = CARTESIAN_POINT('',(59.15,101.01,3.2));
#5144 = DIRECTION('',(1.,0.,-0.));
#5145 = DIRECTION('',(0.,0.,1.));
#5146 = DEFINITIONAL_REPRESENTATION('',(#5147),#5150);
#5147 = B_SPLINE_CURVE_WITH_KNOTS('',1,(#5148,#5149),.UNSPECIFIED.,.F.,
  .F.,(2,2),(49.305,50.755),.PIECEWISE_BEZIER_KNOTS.);
#5148 = CARTESIAN_POINT('',(21.2,0.));
#5149 = CARTESIAN_POINT('',(21.2,-1.45));
#5150 = ( GEOMETRIC_REPRESENTATION_CONTEXT(2) 
PARAMETRIC_REPRESENTATION_CONTEXT() REPRESENTATION_CONTEXT('2D SPACE',''
  ) );
#5151 = ORIENTED_EDGE('',*,*,#5152,.F.);
#5152 = EDGE_CURVE('',#1082,#5126,#5153,.T.);
#5153 = SURFACE_CURVE('',#5154,(#5158,#5165),.PCURVE_S1.);
#5154 = LINE('',#5155,#5156);
#5155 = CARTESIAN_POINT('',(98.37,102.46,24.4));
#5156 = VECTOR('',#5157,1.);
#5157 = DIRECTION('',(-1.,-0.,0.));
#5158 = PCURVE('',#1122,#5159);
#5159 = DEFINITIONAL_REPRESENTATION('',(#5160),#5164);
#5160 = LINE('',#5161,#5162);
#5161 = CARTESIAN_POINT('',(36.37,-0.13));
#5162 = VECTOR('',#5163,1.);
#5163 = DIRECTION('',(-1.,0.));
#5164 = ( GEOMETRIC_REPRESENTATION_CONTEXT(2) 
PARAMETRIC_REPRESENTATION_CONTEXT() REPRESENTATION_CONTEXT('2D SPACE',''
  ) );
#5165 = PCURVE('',#1096,#5166);
#5166 = DEFINITIONAL_REPRESENTATION('',(#5167),#5170);
#5167 = B_SPLINE_CURVE_WITH_KNOTS('',1,(#5168,#5169),.UNSPECIFIED.,.F.,
  .F.,(2,2),(36.37,39.22),.PIECEWISE_BEZIER_KNOTS.);
#5168 = CARTESIAN_POINT('',(21.2,2.85));
#5169 = CARTESIAN_POINT('',(21.2,0.));
#5170 = ( GEOMETRIC_REPRESENTATION_CONTEXT(2) 
PARAMETRIC_REPRESENTATION_CONTEXT() REPRESENTATION_CONTEXT('2D SPACE',''
  ) );
#5171 = FACE_BOUND('',#5172,.F.);
#5172 = EDGE_LOOP('',(#5173));
#5173 = ORIENTED_EDGE('',*,*,#5174,.F.);
#5174 = EDGE_CURVE('',#5175,#5175,#5177,.T.);
#5175 = VERTEX_POINT('',#5176);
#5176 = CARTESIAN_POINT('',(16.7,14.5,24.4));
#5177 = SURFACE_CURVE('',#5178,(#5183,#5190),.PCURVE_S1.);
#5178 = CIRCLE('',#5179,4.2);
#5179 = AXIS2_PLACEMENT_3D('',#5180,#5181,#5182);
#5180 = CARTESIAN_POINT('',(12.5,14.5,24.4));
#5181 = DIRECTION('',(0.,0.,1.));
#5182 = DIRECTION('',(1.,0.,-0.));
#5183 = PCURVE('',#1122,#5184);
#5184 = DEFINITIONAL_REPRESENTATION('',(#5185),#5189);
#5185 = CIRCLE('',#5186,4.2);
#5186 = AXIS2_PLACEMENT_2D('',#5187,#5188);
#5187 = CARTESIAN_POINT('',(-49.5,-88.09));
#5188 = DIRECTION('',(1.,0.));
#5189 = ( GEOMETRIC_REPRESENTATION_CONTEXT(2) 
PARAMETRIC_REPRESENTATION_CONTEXT() REPRESENTATION_CONTEXT('2D SPACE',''
  ) );
#5190 = PCURVE('',#5191,#5196);
#5191 = CYLINDRICAL_SURFACE('',#5192,4.2);
#5192 = AXIS2_PLACEMENT_3D('',#5193,#5194,#5195);
#5193 = CARTESIAN_POINT('',(12.5,14.5,3.));
#5194 = DIRECTION('',(0.,0.,1.));
#5195 = DIRECTION('',(1.,0.,-0.));
#5196 = DEFINITIONAL_REPRESENTATION('',(#5197),#5201);
#5197 = LINE('',#5198,#5199);
#5198 = CARTESIAN_POINT('',(0.,21.4));
#5199 = VECTOR('',#5200,1.);
#5200 = DIRECTION('',(1.,0.));
#5201 = ( GEOMETRIC_REPRESENTATION_CONTEXT(2) 
PARAMETRIC_REPRESENTATION_CONTEXT() REPRESENTATION_CONTEXT('2D SPACE',''
  ) );
#5202 = FACE_BOUND('',#5203,.F.);
#5203 = EDGE_LOOP('',(#5204,#5233,#5260,#5287));
#5204 = ORIENTED_EDGE('',*,*,#5205,.F.);
#5205 = EDGE_CURVE('',#5206,#5208,#5210,.T.);
#5206 = VERTEX_POINT('',#5207);
#5207 = CARTESIAN_POINT('',(108.6,16.4,24.4));
#5208 = VERTEX_POINT('',#5209);
#5209 = CARTESIAN_POINT('',(56.6,16.4,24.4));
#5210 = SURFACE_CURVE('',#5211,(#5215,#5222),.PCURVE_S1.);
#5211 = LINE('',#5212,#5213);
#5212 = CARTESIAN_POINT('',(63.3,16.4,24.4));
#5213 = VECTOR('',#5214,1.);
#5214 = DIRECTION('',(-1.,-0.,0.));
#5215 = PCURVE('',#1122,#5216);
#5216 = DEFINITIONAL_REPRESENTATION('',(#5217),#5221);
#5217 = LINE('',#5218,#5219);
#5218 = CARTESIAN_POINT('',(1.3,-86.19));
#5219 = VECTOR('',#5220,1.);
#5220 = DIRECTION('',(-1.,0.));
#5221 = ( GEOMETRIC_REPRESENTATION_CONTEXT(2) 
PARAMETRIC_REPRESENTATION_CONTEXT() REPRESENTATION_CONTEXT('2D SPACE',''
  ) );
#5222 = PCURVE('',#5223,#5228);
#5223 = PLANE('',#5224);
#5224 = AXIS2_PLACEMENT_3D('',#5225,#5226,#5227);
#5225 = CARTESIAN_POINT('',(56.6,12.2,28.6));
#5226 = DIRECTION('',(-0.,0.707106781187,0.707106781187));
#5227 = DIRECTION('',(0.,0.707106781187,-0.707106781187));
#5228 = DEFINITIONAL_REPRESENTATION('',(#5229),#5232);
#5229 = B_SPLINE_CURVE_WITH_KNOTS('',1,(#5230,#5231),.UNSPECIFIED.,.F.,
  .F.,(2,2),(-45.3,6.7),.PIECEWISE_BEZIER_KNOTS.);
#5230 = CARTESIAN_POINT('',(5.939696961967,-52.));
#5231 = CARTESIAN_POINT('',(5.939696961967,0.));
#5232 = ( GEOMETRIC_REPRESENTATION_CONTEXT(2) 
PARAMETRIC_REPRESENTATION_CONTEXT() REPRESENTATION_CONTEXT('2D SPACE',''
  ) );
#5233 = ORIENTED_EDGE('',*,*,#5234,.T.);
#5234 = EDGE_CURVE('',#5206,#5235,#5237,.T.);
#5235 = VERTEX_POINT('',#5236);
#5236 = CARTESIAN_POINT('',(108.6,14.,24.4));
#5237 = SURFACE_CURVE('',#5238,(#5242,#5249),.PCURVE_S1.);
#5238 = LINE('',#5239,#5240);
#5239 = CARTESIAN_POINT('',(108.6,33.05,24.4));
#5240 = VECTOR('',#5241,1.);
#5241 = DIRECTION('',(-0.,-1.,0.));
#5242 = PCURVE('',#1122,#5243);
#5243 = DEFINITIONAL_REPRESENTATION('',(#5244),#5248);
#5244 = LINE('',#5245,#5246);
#5245 = CARTESIAN_POINT('',(46.6,-69.54));
#5246 = VECTOR('',#5247,1.);
#5247 = DIRECTION('',(-0.,-1.));
#5248 = ( GEOMETRIC_REPRESENTATION_CONTEXT(2) 
PARAMETRIC_REPRESENTATION_CONTEXT() REPRESENTATION_CONTEXT('2D SPACE',''
  ) );
#5249 = PCURVE('',#5250,#5255);
#5250 = PLANE('',#5251);
#5251 = AXIS2_PLACEMENT_3D('',#5252,#5253,#5254);
#5252 = CARTESIAN_POINT('',(108.6,13.6,26.));
#5253 = DIRECTION('',(-1.,0.,-0.));
#5254 = DIRECTION('',(0.,-1.,0.));
#5255 = DEFINITIONAL_REPRESENTATION('',(#5256),#5259);
#5256 = B_SPLINE_CURVE_WITH_KNOTS('',1,(#5257,#5258),.UNSPECIFIED.,.F.,
  .F.,(2,2),(15.65,23.25),.PIECEWISE_BEZIER_KNOTS.);
#5257 = CARTESIAN_POINT('',(-3.8,-1.6));
#5258 = CARTESIAN_POINT('',(3.8,-1.6));
#5259 = ( GEOMETRIC_REPRESENTATION_CONTEXT(2) 
PARAMETRIC_REPRESENTATION_CONTEXT() REPRESENTATION_CONTEXT('2D SPACE',''
  ) );
#5260 = ORIENTED_EDGE('',*,*,#5261,.F.);
#5261 = EDGE_CURVE('',#5262,#5235,#5264,.T.);
#5262 = VERTEX_POINT('',#5263);
#5263 = CARTESIAN_POINT('',(56.6,14.,24.4));
#5264 = SURFACE_CURVE('',#5265,(#5269,#5276),.PCURVE_S1.);
#5265 = LINE('',#5266,#5267);
#5266 = CARTESIAN_POINT('',(63.3,14.,24.4));
#5267 = VECTOR('',#5268,1.);
#5268 = DIRECTION('',(1.,0.,-0.));
#5269 = PCURVE('',#1122,#5270);
#5270 = DEFINITIONAL_REPRESENTATION('',(#5271),#5275);
#5271 = LINE('',#5272,#5273);
#5272 = CARTESIAN_POINT('',(1.3,-88.59));
#5273 = VECTOR('',#5274,1.);
#5274 = DIRECTION('',(1.,0.));
#5275 = ( GEOMETRIC_REPRESENTATION_CONTEXT(2) 
PARAMETRIC_REPRESENTATION_CONTEXT() REPRESENTATION_CONTEXT('2D SPACE',''
  ) );
#5276 = PCURVE('',#5277,#5282);
#5277 = PLANE('',#5278);
#5278 = AXIS2_PLACEMENT_3D('',#5279,#5280,#5281);
#5279 = CARTESIAN_POINT('',(56.6,15.,23.4));
#5280 = DIRECTION('',(0.,-0.707106781187,-0.707106781187));
#5281 = DIRECTION('',(0.,-0.707106781187,0.707106781187));
#5282 = DEFINITIONAL_REPRESENTATION('',(#5283),#5286);
#5283 = B_SPLINE_CURVE_WITH_KNOTS('',1,(#5284,#5285),.UNSPECIFIED.,.F.,
  .F.,(2,2),(-6.7,45.3),.PIECEWISE_BEZIER_KNOTS.);
#5284 = CARTESIAN_POINT('',(1.414213562373,0.));
#5285 = CARTESIAN_POINT('',(1.414213562373,-52.));
#5286 = ( GEOMETRIC_REPRESENTATION_CONTEXT(2) 
PARAMETRIC_REPRESENTATION_CONTEXT() REPRESENTATION_CONTEXT('2D SPACE',''
  ) );
#5287 = ORIENTED_EDGE('',*,*,#5288,.F.);
#5288 = EDGE_CURVE('',#5208,#5262,#5289,.T.);
#5289 = SURFACE_CURVE('',#5290,(#5294,#5301),.PCURVE_S1.);
#5290 = LINE('',#5291,#5292);
#5291 = CARTESIAN_POINT('',(56.6,33.05,24.4));
#5292 = VECTOR('',#5293,1.);
#5293 = DIRECTION('',(-0.,-1.,0.));
#5294 = PCURVE('',#1122,#5295);
#5295 = DEFINITIONAL_REPRESENTATION('',(#5296),#5300);
#5296 = LINE('',#5297,#5298);
#5297 = CARTESIAN_POINT('',(-5.4,-69.54));
#5298 = VECTOR('',#5299,1.);
#5299 = DIRECTION('',(-0.,-1.));
#5300 = ( GEOMETRIC_REPRESENTATION_CONTEXT(2) 
PARAMETRIC_REPRESENTATION_CONTEXT() REPRESENTATION_CONTEXT('2D SPACE',''
  ) );
#5301 = PCURVE('',#5302,#5307);
#5302 = PLANE('',#5303);
#5303 = AXIS2_PLACEMENT_3D('',#5304,#5305,#5306);
#5304 = CARTESIAN_POINT('',(56.6,13.6,26.));
#5305 = DIRECTION('',(-1.,0.,-0.));
#5306 = DIRECTION('',(0.,-1.,0.));
#5307 = DEFINITIONAL_REPRESENTATION('',(#5308),#5311);
#5308 = B_SPLINE_CURVE_WITH_KNOTS('',1,(#5309,#5310),.UNSPECIFIED.,.F.,
  .F.,(2,2),(15.65,23.25),.PIECEWISE_BEZIER_KNOTS.);
#5309 = CARTESIAN_POINT('',(-3.8,-1.6));
#5310 = CARTESIAN_POINT('',(3.8,-1.6));
#5311 = ( GEOMETRIC_REPRESENTATION_CONTEXT(2) 
PARAMETRIC_REPRESENTATION_CONTEXT() REPRESENTATION_CONTEXT('2D SPACE',''
  ) );
#5312 = FACE_BOUND('',#5313,.F.);
#5313 = EDGE_LOOP('',(#5314,#5343,#5370,#5397));
#5314 = ORIENTED_EDGE('',*,*,#5315,.F.);
#5315 = EDGE_CURVE('',#5316,#5318,#5320,.T.);
#5316 = VERTEX_POINT('',#5317);
#5317 = CARTESIAN_POINT('',(108.6,23.4,24.4));
#5318 = VERTEX_POINT('',#5319);
#5319 = CARTESIAN_POINT('',(56.6,23.4,24.4));
#5320 = SURFACE_CURVE('',#5321,(#5325,#5332),.PCURVE_S1.);
#5321 = LINE('',#5322,#5323);
#5322 = CARTESIAN_POINT('',(63.3,23.4,24.4));
#5323 = VECTOR('',#5324,1.);
#5324 = DIRECTION('',(-1.,-0.,0.));
#5325 = PCURVE('',#1122,#5326);
#5326 = DEFINITIONAL_REPRESENTATION('',(#5327),#5331);
#5327 = LINE('',#5328,#5329);
#5328 = CARTESIAN_POINT('',(1.3,-79.19));
#5329 = VECTOR('',#5330,1.);
#5330 = DIRECTION('',(-1.,0.));
#5331 = ( GEOMETRIC_REPRESENTATION_CONTEXT(2) 
PARAMETRIC_REPRESENTATION_CONTEXT() REPRESENTATION_CONTEXT('2D SPACE',''
  ) );
#5332 = PCURVE('',#5333,#5338);
#5333 = PLANE('',#5334);
#5334 = AXIS2_PLACEMENT_3D('',#5335,#5336,#5337);
#5335 = CARTESIAN_POINT('',(56.6,19.2,28.6));
#5336 = DIRECTION('',(-0.,0.707106781187,0.707106781187));
#5337 = DIRECTION('',(0.,0.707106781187,-0.707106781187));
#5338 = DEFINITIONAL_REPRESENTATION('',(#5339),#5342);
#5339 = B_SPLINE_CURVE_WITH_KNOTS('',1,(#5340,#5341),.UNSPECIFIED.,.F.,
  .F.,(2,2),(-45.3,6.7),.PIECEWISE_BEZIER_KNOTS.);
#5340 = CARTESIAN_POINT('',(5.939696961967,-52.));
#5341 = CARTESIAN_POINT('',(5.939696961967,0.));
#5342 = ( GEOMETRIC_REPRESENTATION_CONTEXT(2) 
PARAMETRIC_REPRESENTATION_CONTEXT() REPRESENTATION_CONTEXT('2D SPACE',''
  ) );
#5343 = ORIENTED_EDGE('',*,*,#5344,.T.);
#5344 = EDGE_CURVE('',#5316,#5345,#5347,.T.);
#5345 = VERTEX_POINT('',#5346);
#5346 = CARTESIAN_POINT('',(108.6,21.,24.4));
#5347 = SURFACE_CURVE('',#5348,(#5352,#5359),.PCURVE_S1.);
#5348 = LINE('',#5349,#5350);
#5349 = CARTESIAN_POINT('',(108.6,36.55,24.4));
#5350 = VECTOR('',#5351,1.);
#5351 = DIRECTION('',(-0.,-1.,0.));
#5352 = PCURVE('',#1122,#5353);
#5353 = DEFINITIONAL_REPRESENTATION('',(#5354),#5358);
#5354 = LINE('',#5355,#5356);
#5355 = CARTESIAN_POINT('',(46.6,-66.04));
#5356 = VECTOR('',#5357,1.);
#5357 = DIRECTION('',(-0.,-1.));
#5358 = ( GEOMETRIC_REPRESENTATION_CONTEXT(2) 
PARAMETRIC_REPRESENTATION_CONTEXT() REPRESENTATION_CONTEXT('2D SPACE',''
  ) );
#5359 = PCURVE('',#5360,#5365);
#5360 = PLANE('',#5361);
#5361 = AXIS2_PLACEMENT_3D('',#5362,#5363,#5364);
#5362 = CARTESIAN_POINT('',(108.6,20.6,26.));
#5363 = DIRECTION('',(-1.,0.,-0.));
#5364 = DIRECTION('',(0.,-1.,0.));
#5365 = DEFINITIONAL_REPRESENTATION('',(#5366),#5369);
#5366 = B_SPLINE_CURVE_WITH_KNOTS('',1,(#5367,#5368),.UNSPECIFIED.,.F.,
  .F.,(2,2),(12.15,19.75),.PIECEWISE_BEZIER_KNOTS.);
#5367 = CARTESIAN_POINT('',(-3.8,-1.6));
#5368 = CARTESIAN_POINT('',(3.8,-1.6));
#5369 = ( GEOMETRIC_REPRESENTATION_CONTEXT(2) 
PARAMETRIC_REPRESENTATION_CONTEXT() REPRESENTATION_CONTEXT('2D SPACE',''
  ) );
#5370 = ORIENTED_EDGE('',*,*,#5371,.F.);
#5371 = EDGE_CURVE('',#5372,#5345,#5374,.T.);
#5372 = VERTEX_POINT('',#5373);
#5373 = CARTESIAN_POINT('',(56.6,21.,24.4));
#5374 = SURFACE_CURVE('',#5375,(#5379,#5386),.PCURVE_S1.);
#5375 = LINE('',#5376,#5377);
#5376 = CARTESIAN_POINT('',(63.3,21.,24.4));
#5377 = VECTOR('',#5378,1.);
#5378 = DIRECTION('',(1.,0.,-0.));
#5379 = PCURVE('',#1122,#5380);
#5380 = DEFINITIONAL_REPRESENTATION('',(#5381),#5385);
#5381 = LINE('',#5382,#5383);
#5382 = CARTESIAN_POINT('',(1.3,-81.59));
#5383 = VECTOR('',#5384,1.);
#5384 = DIRECTION('',(1.,0.));
#5385 = ( GEOMETRIC_REPRESENTATION_CONTEXT(2) 
PARAMETRIC_REPRESENTATION_CONTEXT() REPRESENTATION_CONTEXT('2D SPACE',''
  ) );
#5386 = PCURVE('',#5387,#5392);
#5387 = PLANE('',#5388);
#5388 = AXIS2_PLACEMENT_3D('',#5389,#5390,#5391);
#5389 = CARTESIAN_POINT('',(56.6,22.,23.4));
#5390 = DIRECTION('',(0.,-0.707106781187,-0.707106781187));
#5391 = DIRECTION('',(0.,-0.707106781187,0.707106781187));
#5392 = DEFINITIONAL_REPRESENTATION('',(#5393),#5396);
#5393 = B_SPLINE_CURVE_WITH_KNOTS('',1,(#5394,#5395),.UNSPECIFIED.,.F.,
  .F.,(2,2),(-6.7,45.3),.PIECEWISE_BEZIER_KNOTS.);
#5394 = CARTESIAN_POINT('',(1.414213562373,0.));
#5395 = CARTESIAN_POINT('',(1.414213562373,-52.));
#5396 = ( GEOMETRIC_REPRESENTATION_CONTEXT(2) 
PARAMETRIC_REPRESENTATION_CONTEXT() REPRESENTATION_CONTEXT('2D SPACE',''
  ) );
#5397 = ORIENTED_EDGE('',*,*,#5398,.F.);
#5398 = EDGE_CURVE('',#5318,#5372,#5399,.T.);
#5399 = SURFACE_CURVE('',#5400,(#5404,#5411),.PCURVE_S1.);
#5400 = LINE('',#5401,#5402);
#5401 = CARTESIAN_POINT('',(56.6,36.55,24.4));
#5402 = VECTOR('',#5403,1.);
#5403 = DIRECTION('',(-0.,-1.,0.));
#5404 = PCURVE('',#1122,#5405);
#5405 = DEFINITIONAL_REPRESENTATION('',(#5406),#5410);
#5406 = LINE('',#5407,#5408);
#5407 = CARTESIAN_POINT('',(-5.4,-66.04));
#5408 = VECTOR('',#5409,1.);
#5409 = DIRECTION('',(-0.,-1.));
#5410 = ( GEOMETRIC_REPRESENTATION_CONTEXT(2) 
PARAMETRIC_REPRESENTATION_CONTEXT() REPRESENTATION_CONTEXT('2D SPACE',''
  ) );
#5411 = PCURVE('',#5412,#5417);
#5412 = PLANE('',#5413);
#5413 = AXIS2_PLACEMENT_3D('',#5414,#5415,#5416);
#5414 = CARTESIAN_POINT('',(56.6,20.6,26.));
#5415 = DIRECTION('',(-1.,0.,-0.));
#5416 = DIRECTION('',(0.,-1.,0.));
#5417 = DEFINITIONAL_REPRESENTATION('',(#5418),#5421);
#5418 = B_SPLINE_CURVE_WITH_KNOTS('',1,(#5419,#5420),.UNSPECIFIED.,.F.,
  .F.,(2,2),(12.15,19.75),.PIECEWISE_BEZIER_KNOTS.);
#5419 = CARTESIAN_POINT('',(-3.8,-1.6));
#5420 = CARTESIAN_POINT('',(3.8,-1.6));
#5421 = ( GEOMETRIC_REPRESENTATION_CONTEXT(2) 
PARAMETRIC_REPRESENTATION_CONTEXT() REPRESENTATION_CONTEXT('2D SPACE',''
  ) );
#5422 = FACE_BOUND('',#5423,.F.);
#5423 = EDGE_LOOP('',(#5424,#5453,#5480,#5507));
#5424 = ORIENTED_EDGE('',*,*,#5425,.F.);
#5425 = EDGE_CURVE('',#5426,#5428,#5430,.T.);
#5426 = VERTEX_POINT('',#5427);
#5427 = CARTESIAN_POINT('',(108.6,30.4,24.4));
#5428 = VERTEX_POINT('',#5429);
#5429 = CARTESIAN_POINT('',(56.6,30.4,24.4));
#5430 = SURFACE_CURVE('',#5431,(#5435,#5442),.PCURVE_S1.);
#5431 = LINE('',#5432,#5433);
#5432 = CARTESIAN_POINT('',(63.3,30.4,24.4));
#5433 = VECTOR('',#5434,1.);
#5434 = DIRECTION('',(-1.,-0.,0.));
#5435 = PCURVE('',#1122,#5436);
#5436 = DEFINITIONAL_REPRESENTATION('',(#5437),#5441);
#5437 = LINE('',#5438,#5439);
#5438 = CARTESIAN_POINT('',(1.3,-72.19));
#5439 = VECTOR('',#5440,1.);
#5440 = DIRECTION('',(-1.,0.));
#5441 = ( GEOMETRIC_REPRESENTATION_CONTEXT(2) 
PARAMETRIC_REPRESENTATION_CONTEXT() REPRESENTATION_CONTEXT('2D SPACE',''
  ) );
#5442 = PCURVE('',#5443,#5448);
#5443 = PLANE('',#5444);
#5444 = AXIS2_PLACEMENT_3D('',#5445,#5446,#5447);
#5445 = CARTESIAN_POINT('',(56.6,26.2,28.6));
#5446 = DIRECTION('',(-0.,0.707106781187,0.707106781187));
#5447 = DIRECTION('',(0.,0.707106781187,-0.707106781187));
#5448 = DEFINITIONAL_REPRESENTATION('',(#5449),#5452);
#5449 = B_SPLINE_CURVE_WITH_KNOTS('',1,(#5450,#5451),.UNSPECIFIED.,.F.,
  .F.,(2,2),(-45.3,6.7),.PIECEWISE_BEZIER_KNOTS.);
#5450 = CARTESIAN_POINT('',(5.939696961967,-52.));
#5451 = CARTESIAN_POINT('',(5.939696961967,0.));
#5452 = ( GEOMETRIC_REPRESENTATION_CONTEXT(2) 
PARAMETRIC_REPRESENTATION_CONTEXT() REPRESENTATION_CONTEXT('2D SPACE',''
  ) );
#5453 = ORIENTED_EDGE('',*,*,#5454,.T.);
#5454 = EDGE_CURVE('',#5426,#5455,#5457,.T.);
#5455 = VERTEX_POINT('',#5456);
#5456 = CARTESIAN_POINT('',(108.6,28.,24.4));
#5457 = SURFACE_CURVE('',#5458,(#5462,#5469),.PCURVE_S1.);
#5458 = LINE('',#5459,#5460);
#5459 = CARTESIAN_POINT('',(108.6,40.05,24.4));
#5460 = VECTOR('',#5461,1.);
#5461 = DIRECTION('',(-0.,-1.,0.));
#5462 = PCURVE('',#1122,#5463);
#5463 = DEFINITIONAL_REPRESENTATION('',(#5464),#5468);
#5464 = LINE('',#5465,#5466);
#5465 = CARTESIAN_POINT('',(46.6,-62.54));
#5466 = VECTOR('',#5467,1.);
#5467 = DIRECTION('',(-0.,-1.));
#5468 = ( GEOMETRIC_REPRESENTATION_CONTEXT(2) 
PARAMETRIC_REPRESENTATION_CONTEXT() REPRESENTATION_CONTEXT('2D SPACE',''
  ) );
#5469 = PCURVE('',#5470,#5475);
#5470 = PLANE('',#5471);
#5471 = AXIS2_PLACEMENT_3D('',#5472,#5473,#5474);
#5472 = CARTESIAN_POINT('',(108.6,27.6,26.));
#5473 = DIRECTION('',(-1.,0.,-0.));
#5474 = DIRECTION('',(0.,-1.,0.));
#5475 = DEFINITIONAL_REPRESENTATION('',(#5476),#5479);
#5476 = B_SPLINE_CURVE_WITH_KNOTS('',1,(#5477,#5478),.UNSPECIFIED.,.F.,
  .F.,(2,2),(8.65,16.25),.PIECEWISE_BEZIER_KNOTS.);
#5477 = CARTESIAN_POINT('',(-3.8,-1.6));
#5478 = CARTESIAN_POINT('',(3.8,-1.6));
#5479 = ( GEOMETRIC_REPRESENTATION_CONTEXT(2) 
PARAMETRIC_REPRESENTATION_CONTEXT() REPRESENTATION_CONTEXT('2D SPACE',''
  ) );
#5480 = ORIENTED_EDGE('',*,*,#5481,.F.);
#5481 = EDGE_CURVE('',#5482,#5455,#5484,.T.);
#5482 = VERTEX_POINT('',#5483);
#5483 = CARTESIAN_POINT('',(56.6,28.,24.4));
#5484 = SURFACE_CURVE('',#5485,(#5489,#5496),.PCURVE_S1.);
#5485 = LINE('',#5486,#5487);
#5486 = CARTESIAN_POINT('',(63.3,28.,24.4));
#5487 = VECTOR('',#5488,1.);
#5488 = DIRECTION('',(1.,0.,-0.));
#5489 = PCURVE('',#1122,#5490);
#5490 = DEFINITIONAL_REPRESENTATION('',(#5491),#5495);
#5491 = LINE('',#5492,#5493);
#5492 = CARTESIAN_POINT('',(1.3,-74.59));
#5493 = VECTOR('',#5494,1.);
#5494 = DIRECTION('',(1.,0.));
#5495 = ( GEOMETRIC_REPRESENTATION_CONTEXT(2) 
PARAMETRIC_REPRESENTATION_CONTEXT() REPRESENTATION_CONTEXT('2D SPACE',''
  ) );
#5496 = PCURVE('',#5497,#5502);
#5497 = PLANE('',#5498);
#5498 = AXIS2_PLACEMENT_3D('',#5499,#5500,#5501);
#5499 = CARTESIAN_POINT('',(56.6,29.,23.4));
#5500 = DIRECTION('',(0.,-0.707106781187,-0.707106781187));
#5501 = DIRECTION('',(0.,-0.707106781187,0.707106781187));
#5502 = DEFINITIONAL_REPRESENTATION('',(#5503),#5506);
#5503 = B_SPLINE_CURVE_WITH_KNOTS('',1,(#5504,#5505),.UNSPECIFIED.,.F.,
  .F.,(2,2),(-6.7,45.3),.PIECEWISE_BEZIER_KNOTS.);
#5504 = CARTESIAN_POINT('',(1.414213562373,0.));
#5505 = CARTESIAN_POINT('',(1.414213562373,-52.));
#5506 = ( GEOMETRIC_REPRESENTATION_CONTEXT(2) 
PARAMETRIC_REPRESENTATION_CONTEXT() REPRESENTATION_CONTEXT('2D SPACE',''
  ) );
#5507 = ORIENTED_EDGE('',*,*,#5508,.F.);
#5508 = EDGE_CURVE('',#5428,#5482,#5509,.T.);
#5509 = SURFACE_CURVE('',#5510,(#5514,#5521),.PCURVE_S1.);
#5510 = LINE('',#5511,#5512);
#5511 = CARTESIAN_POINT('',(56.6,40.05,24.4));
#5512 = VECTOR('',#5513,1.);
#5513 = DIRECTION('',(-0.,-1.,0.));
#5514 = PCURVE('',#1122,#5515);
#5515 = DEFINITIONAL_REPRESENTATION('',(#5516),#5520);
#5516 = LINE('',#5517,#5518);
#5517 = CARTESIAN_POINT('',(-5.4,-62.54));
#5518 = VECTOR('',#5519,1.);
#5519 = DIRECTION('',(-0.,-1.));
#5520 = ( GEOMETRIC_REPRESENTATION_CONTEXT(2) 
PARAMETRIC_REPRESENTATION_CONTEXT() REPRESENTATION_CONTEXT('2D SPACE',''
  ) );
#5521 = PCURVE('',#5522,#5527);
#5522 = PLANE('',#5523);
#5523 = AXIS2_PLACEMENT_3D('',#5524,#5525,#5526);
#5524 = CARTESIAN_POINT('',(56.6,27.6,26.));
#5525 = DIRECTION('',(-1.,0.,-0.));
#5526 = DIRECTION('',(0.,-1.,0.));
#5527 = DEFINITIONAL_REPRESENTATION('',(#5528),#5531);
#5528 = B_SPLINE_CURVE_WITH_KNOTS('',1,(#5529,#5530),.UNSPECIFIED.,.F.,
  .F.,(2,2),(8.65,16.25),.PIECEWISE_BEZIER_KNOTS.);
#5529 = CARTESIAN_POINT('',(-3.8,-1.6));
#5530 = CARTESIAN_POINT('',(3.8,-1.6));
#5531 = ( GEOMETRIC_REPRESENTATION_CONTEXT(2) 
PARAMETRIC_REPRESENTATION_CONTEXT() REPRESENTATION_CONTEXT('2D SPACE',''
  ) );
#5532 = FACE_BOUND('',#5533,.F.);
#5533 = EDGE_LOOP('',(#5534,#5563,#5590,#5617));
#5534 = ORIENTED_EDGE('',*,*,#5535,.F.);
#5535 = EDGE_CURVE('',#5536,#5538,#5540,.T.);
#5536 = VERTEX_POINT('',#5537);
#5537 = CARTESIAN_POINT('',(108.6,37.4,24.4));
#5538 = VERTEX_POINT('',#5539);
#5539 = CARTESIAN_POINT('',(56.6,37.4,24.4));
#5540 = SURFACE_CURVE('',#5541,(#5545,#5552),.PCURVE_S1.);
#5541 = LINE('',#5542,#5543);
#5542 = CARTESIAN_POINT('',(63.3,37.4,24.4));
#5543 = VECTOR('',#5544,1.);
#5544 = DIRECTION('',(-1.,-0.,0.));
#5545 = PCURVE('',#1122,#5546);
#5546 = DEFINITIONAL_REPRESENTATION('',(#5547),#5551);
#5547 = LINE('',#5548,#5549);
#5548 = CARTESIAN_POINT('',(1.3,-65.19));
#5549 = VECTOR('',#5550,1.);
#5550 = DIRECTION('',(-1.,0.));
#5551 = ( GEOMETRIC_REPRESENTATION_CONTEXT(2) 
PARAMETRIC_REPRESENTATION_CONTEXT() REPRESENTATION_CONTEXT('2D SPACE',''
  ) );
#5552 = PCURVE('',#5553,#5558);
#5553 = PLANE('',#5554);
#5554 = AXIS2_PLACEMENT_3D('',#5555,#5556,#5557);
#5555 = CARTESIAN_POINT('',(56.6,33.2,28.6));
#5556 = DIRECTION('',(-0.,0.707106781187,0.707106781187));
#5557 = DIRECTION('',(0.,0.707106781187,-0.707106781187));
#5558 = DEFINITIONAL_REPRESENTATION('',(#5559),#5562);
#5559 = B_SPLINE_CURVE_WITH_KNOTS('',1,(#5560,#5561),.UNSPECIFIED.,.F.,
  .F.,(2,2),(-45.3,6.7),.PIECEWISE_BEZIER_KNOTS.);
#5560 = CARTESIAN_POINT('',(5.939696961967,-52.));
#5561 = CARTESIAN_POINT('',(5.939696961967,0.));
#5562 = ( GEOMETRIC_REPRESENTATION_CONTEXT(2) 
PARAMETRIC_REPRESENTATION_CONTEXT() REPRESENTATION_CONTEXT('2D SPACE',''
  ) );
#5563 = ORIENTED_EDGE('',*,*,#5564,.T.);
#5564 = EDGE_CURVE('',#5536,#5565,#5567,.T.);
#5565 = VERTEX_POINT('',#5566);
#5566 = CARTESIAN_POINT('',(108.6,35.,24.4));
#5567 = SURFACE_CURVE('',#5568,(#5572,#5579),.PCURVE_S1.);
#5568 = LINE('',#5569,#5570);
#5569 = CARTESIAN_POINT('',(108.6,43.55,24.4));
#5570 = VECTOR('',#5571,1.);
#5571 = DIRECTION('',(-0.,-1.,0.));
#5572 = PCURVE('',#1122,#5573);
#5573 = DEFINITIONAL_REPRESENTATION('',(#5574),#5578);
#5574 = LINE('',#5575,#5576);
#5575 = CARTESIAN_POINT('',(46.6,-59.04));
#5576 = VECTOR('',#5577,1.);
#5577 = DIRECTION('',(-0.,-1.));
#5578 = ( GEOMETRIC_REPRESENTATION_CONTEXT(2) 
PARAMETRIC_REPRESENTATION_CONTEXT() REPRESENTATION_CONTEXT('2D SPACE',''
  ) );
#5579 = PCURVE('',#5580,#5585);
#5580 = PLANE('',#5581);
#5581 = AXIS2_PLACEMENT_3D('',#5582,#5583,#5584);
#5582 = CARTESIAN_POINT('',(108.6,34.6,26.));
#5583 = DIRECTION('',(-1.,0.,-0.));
#5584 = DIRECTION('',(0.,-1.,0.));
#5585 = DEFINITIONAL_REPRESENTATION('',(#5586),#5589);
#5586 = B_SPLINE_CURVE_WITH_KNOTS('',1,(#5587,#5588),.UNSPECIFIED.,.F.,
  .F.,(2,2),(5.15,12.75),.PIECEWISE_BEZIER_KNOTS.);
#5587 = CARTESIAN_POINT('',(-3.8,-1.6));
#5588 = CARTESIAN_POINT('',(3.8,-1.6));
#5589 = ( GEOMETRIC_REPRESENTATION_CONTEXT(2) 
PARAMETRIC_REPRESENTATION_CONTEXT() REPRESENTATION_CONTEXT('2D SPACE',''
  ) );
#5590 = ORIENTED_EDGE('',*,*,#5591,.F.);
#5591 = EDGE_CURVE('',#5592,#5565,#5594,.T.);
#5592 = VERTEX_POINT('',#5593);
#5593 = CARTESIAN_POINT('',(56.6,35.,24.4));
#5594 = SURFACE_CURVE('',#5595,(#5599,#5606),.PCURVE_S1.);
#5595 = LINE('',#5596,#5597);
#5596 = CARTESIAN_POINT('',(63.3,35.,24.4));
#5597 = VECTOR('',#5598,1.);
#5598 = DIRECTION('',(1.,0.,-0.));
#5599 = PCURVE('',#1122,#5600);
#5600 = DEFINITIONAL_REPRESENTATION('',(#5601),#5605);
#5601 = LINE('',#5602,#5603);
#5602 = CARTESIAN_POINT('',(1.3,-67.59));
#5603 = VECTOR('',#5604,1.);
#5604 = DIRECTION('',(1.,0.));
#5605 = ( GEOMETRIC_REPRESENTATION_CONTEXT(2) 
PARAMETRIC_REPRESENTATION_CONTEXT() REPRESENTATION_CONTEXT('2D SPACE',''
  ) );
#5606 = PCURVE('',#5607,#5612);
#5607 = PLANE('',#5608);
#5608 = AXIS2_PLACEMENT_3D('',#5609,#5610,#5611);
#5609 = CARTESIAN_POINT('',(56.6,36.,23.4));
#5610 = DIRECTION('',(0.,-0.707106781187,-0.707106781187));
#5611 = DIRECTION('',(0.,-0.707106781187,0.707106781187));
#5612 = DEFINITIONAL_REPRESENTATION('',(#5613),#5616);
#5613 = B_SPLINE_CURVE_WITH_KNOTS('',1,(#5614,#5615),.UNSPECIFIED.,.F.,
  .F.,(2,2),(-6.7,45.3),.PIECEWISE_BEZIER_KNOTS.);
#5614 = CARTESIAN_POINT('',(1.414213562373,0.));
#5615 = CARTESIAN_POINT('',(1.414213562373,-52.));
#5616 = ( GEOMETRIC_REPRESENTATION_CONTEXT(2) 
PARAMETRIC_REPRESENTATION_CONTEXT() REPRESENTATION_CONTEXT('2D SPACE',''
  ) );
#5617 = ORIENTED_EDGE('',*,*,#5618,.F.);
#5618 = EDGE_CURVE('',#5538,#5592,#5619,.T.);
#5619 = SURFACE_CURVE('',#5620,(#5624,#5631),.PCURVE_S1.);
#5620 = LINE('',#5621,#5622);
#5621 = CARTESIAN_POINT('',(56.6,43.55,24.4));
#5622 = VECTOR('',#5623,1.);
#5623 = DIRECTION('',(-0.,-1.,0.));
#5624 = PCURVE('',#1122,#5625);
#5625 = DEFINITIONAL_REPRESENTATION('',(#5626),#5630);
#5626 = LINE('',#5627,#5628);
#5627 = CARTESIAN_POINT('',(-5.4,-59.04));
#5628 = VECTOR('',#5629,1.);
#5629 = DIRECTION('',(-0.,-1.));
#5630 = ( GEOMETRIC_REPRESENTATION_CONTEXT(2) 
PARAMETRIC_REPRESENTATION_CONTEXT() REPRESENTATION_CONTEXT('2D SPACE',''
  ) );
#5631 = PCURVE('',#5632,#5637);
#5632 = PLANE('',#5633);
#5633 = AXIS2_PLACEMENT_3D('',#5634,#5635,#5636);
#5634 = CARTESIAN_POINT('',(56.6,34.6,26.));
#5635 = DIRECTION('',(-1.,0.,-0.));
#5636 = DIRECTION('',(0.,-1.,0.));
#5637 = DEFINITIONAL_REPRESENTATION('',(#5638),#5641);
#5638 = B_SPLINE_CURVE_WITH_KNOTS('',1,(#5639,#5640),.UNSPECIFIED.,.F.,
  .F.,(2,2),(5.15,12.75),.PIECEWISE_BEZIER_KNOTS.);
#5639 = CARTESIAN_POINT('',(-3.8,-1.6));
#5640 = CARTESIAN_POINT('',(3.8,-1.6));
#5641 = ( GEOMETRIC_REPRESENTATION_CONTEXT(2) 
PARAMETRIC_REPRESENTATION_CONTEXT() REPRESENTATION_CONTEXT('2D SPACE',''
  ) );
#5642 = FACE_BOUND('',#5643,.F.);
#5643 = EDGE_LOOP('',(#5644,#5673,#5700,#5727));
#5644 = ORIENTED_EDGE('',*,*,#5645,.F.);
#5645 = EDGE_CURVE('',#5646,#5648,#5650,.T.);
#5646 = VERTEX_POINT('',#5647);
#5647 = CARTESIAN_POINT('',(108.6,44.4,24.4));
#5648 = VERTEX_POINT('',#5649);
#5649 = CARTESIAN_POINT('',(56.6,44.4,24.4));
#5650 = SURFACE_CURVE('',#5651,(#5655,#5662),.PCURVE_S1.);
#5651 = LINE('',#5652,#5653);
#5652 = CARTESIAN_POINT('',(63.3,44.4,24.4));
#5653 = VECTOR('',#5654,1.);
#5654 = DIRECTION('',(-1.,-0.,0.));
#5655 = PCURVE('',#1122,#5656);
#5656 = DEFINITIONAL_REPRESENTATION('',(#5657),#5661);
#5657 = LINE('',#5658,#5659);
#5658 = CARTESIAN_POINT('',(1.3,-58.19));
#5659 = VECTOR('',#5660,1.);
#5660 = DIRECTION('',(-1.,0.));
#5661 = ( GEOMETRIC_REPRESENTATION_CONTEXT(2) 
PARAMETRIC_REPRESENTATION_CONTEXT() REPRESENTATION_CONTEXT('2D SPACE',''
  ) );
#5662 = PCURVE('',#5663,#5668);
#5663 = PLANE('',#5664);
#5664 = AXIS2_PLACEMENT_3D('',#5665,#5666,#5667);
#5665 = CARTESIAN_POINT('',(56.6,40.2,28.6));
#5666 = DIRECTION('',(-0.,0.707106781187,0.707106781187));
#5667 = DIRECTION('',(0.,0.707106781187,-0.707106781187));
#5668 = DEFINITIONAL_REPRESENTATION('',(#5669),#5672);
#5669 = B_SPLINE_CURVE_WITH_KNOTS('',1,(#5670,#5671),.UNSPECIFIED.,.F.,
  .F.,(2,2),(-45.3,6.7),.PIECEWISE_BEZIER_KNOTS.);
#5670 = CARTESIAN_POINT('',(5.939696961967,-52.));
#5671 = CARTESIAN_POINT('',(5.939696961967,0.));
#5672 = ( GEOMETRIC_REPRESENTATION_CONTEXT(2) 
PARAMETRIC_REPRESENTATION_CONTEXT() REPRESENTATION_CONTEXT('2D SPACE',''
  ) );
#5673 = ORIENTED_EDGE('',*,*,#5674,.T.);
#5674 = EDGE_CURVE('',#5646,#5675,#5677,.T.);
#5675 = VERTEX_POINT('',#5676);
#5676 = CARTESIAN_POINT('',(108.6,42.,24.4));
#5677 = SURFACE_CURVE('',#5678,(#5682,#5689),.PCURVE_S1.);
#5678 = LINE('',#5679,#5680);
#5679 = CARTESIAN_POINT('',(108.6,47.05,24.4));
#5680 = VECTOR('',#5681,1.);
#5681 = DIRECTION('',(-0.,-1.,0.));
#5682 = PCURVE('',#1122,#5683);
#5683 = DEFINITIONAL_REPRESENTATION('',(#5684),#5688);
#5684 = LINE('',#5685,#5686);
#5685 = CARTESIAN_POINT('',(46.6,-55.54));
#5686 = VECTOR('',#5687,1.);
#5687 = DIRECTION('',(-0.,-1.));
#5688 = ( GEOMETRIC_REPRESENTATION_CONTEXT(2) 
PARAMETRIC_REPRESENTATION_CONTEXT() REPRESENTATION_CONTEXT('2D SPACE',''
  ) );
#5689 = PCURVE('',#5690,#5695);
#5690 = PLANE('',#5691);
#5691 = AXIS2_PLACEMENT_3D('',#5692,#5693,#5694);
#5692 = CARTESIAN_POINT('',(108.6,41.6,26.));
#5693 = DIRECTION('',(-1.,0.,-0.));
#5694 = DIRECTION('',(0.,-1.,0.));
#5695 = DEFINITIONAL_REPRESENTATION('',(#5696),#5699);
#5696 = B_SPLINE_CURVE_WITH_KNOTS('',1,(#5697,#5698),.UNSPECIFIED.,.F.,
  .F.,(2,2),(1.65,9.25),.PIECEWISE_BEZIER_KNOTS.);
#5697 = CARTESIAN_POINT('',(-3.8,-1.6));
#5698 = CARTESIAN_POINT('',(3.8,-1.6));
#5699 = ( GEOMETRIC_REPRESENTATION_CONTEXT(2) 
PARAMETRIC_REPRESENTATION_CONTEXT() REPRESENTATION_CONTEXT('2D SPACE',''
  ) );
#5700 = ORIENTED_EDGE('',*,*,#5701,.F.);
#5701 = EDGE_CURVE('',#5702,#5675,#5704,.T.);
#5702 = VERTEX_POINT('',#5703);
#5703 = CARTESIAN_POINT('',(56.6,42.,24.4));
#5704 = SURFACE_CURVE('',#5705,(#5709,#5716),.PCURVE_S1.);
#5705 = LINE('',#5706,#5707);
#5706 = CARTESIAN_POINT('',(63.3,42.,24.4));
#5707 = VECTOR('',#5708,1.);
#5708 = DIRECTION('',(1.,0.,-0.));
#5709 = PCURVE('',#1122,#5710);
#5710 = DEFINITIONAL_REPRESENTATION('',(#5711),#5715);
#5711 = LINE('',#5712,#5713);
#5712 = CARTESIAN_POINT('',(1.3,-60.59));
#5713 = VECTOR('',#5714,1.);
#5714 = DIRECTION('',(1.,0.));
#5715 = ( GEOMETRIC_REPRESENTATION_CONTEXT(2) 
PARAMETRIC_REPRESENTATION_CONTEXT() REPRESENTATION_CONTEXT('2D SPACE',''
  ) );
#5716 = PCURVE('',#5717,#5722);
#5717 = PLANE('',#5718);
#5718 = AXIS2_PLACEMENT_3D('',#5719,#5720,#5721);
#5719 = CARTESIAN_POINT('',(56.6,43.,23.4));
#5720 = DIRECTION('',(0.,-0.707106781187,-0.707106781187));
#5721 = DIRECTION('',(0.,-0.707106781187,0.707106781187));
#5722 = DEFINITIONAL_REPRESENTATION('',(#5723),#5726);
#5723 = B_SPLINE_CURVE_WITH_KNOTS('',1,(#5724,#5725),.UNSPECIFIED.,.F.,
  .F.,(2,2),(-6.7,45.3),.PIECEWISE_BEZIER_KNOTS.);
#5724 = CARTESIAN_POINT('',(1.414213562373,0.));
#5725 = CARTESIAN_POINT('',(1.414213562373,-52.));
#5726 = ( GEOMETRIC_REPRESENTATION_CONTEXT(2) 
PARAMETRIC_REPRESENTATION_CONTEXT() REPRESENTATION_CONTEXT('2D SPACE',''
  ) );
#5727 = ORIENTED_EDGE('',*,*,#5728,.F.);
#5728 = EDGE_CURVE('',#5648,#5702,#5729,.T.);
#5729 = SURFACE_CURVE('',#5730,(#5734,#5741),.PCURVE_S1.);
#5730 = LINE('',#5731,#5732);
#5731 = CARTESIAN_POINT('',(56.6,47.05,24.4));
#5732 = VECTOR('',#5733,1.);
#5733 = DIRECTION('',(-0.,-1.,0.));
#5734 = PCURVE('',#1122,#5735);
#5735 = DEFINITIONAL_REPRESENTATION('',(#5736),#5740);
#5736 = LINE('',#5737,#5738);
#5737 = CARTESIAN_POINT('',(-5.4,-55.54));
#5738 = VECTOR('',#5739,1.);
#5739 = DIRECTION('',(-0.,-1.));
#5740 = ( GEOMETRIC_REPRESENTATION_CONTEXT(2) 
PARAMETRIC_REPRESENTATION_CONTEXT() REPRESENTATION_CONTEXT('2D SPACE',''
  ) );
#5741 = PCURVE('',#5742,#5747);
#5742 = PLANE('',#5743);
#5743 = AXIS2_PLACEMENT_3D('',#5744,#5745,#5746);
#5744 = CARTESIAN_POINT('',(56.6,41.6,26.));
#5745 = DIRECTION('',(-1.,0.,-0.));
#5746 = DIRECTION('',(0.,-1.,0.));
#5747 = DEFINITIONAL_REPRESENTATION('',(#5748),#5751);
#5748 = B_SPLINE_CURVE_WITH_KNOTS('',1,(#5749,#5750),.UNSPECIFIED.,.F.,
  .F.,(2,2),(1.65,9.25),.PIECEWISE_BEZIER_KNOTS.);
#5749 = CARTESIAN_POINT('',(-3.8,-1.6));
#5750 = CARTESIAN_POINT('',(3.8,-1.6));
#5751 = ( GEOMETRIC_REPRESENTATION_CONTEXT(2) 
PARAMETRIC_REPRESENTATION_CONTEXT() REPRESENTATION_CONTEXT('2D SPACE',''
  ) );
#5752 = FACE_BOUND('',#5753,.F.);
#5753 = EDGE_LOOP('',(#5754,#5783,#5810,#5837));
#5754 = ORIENTED_EDGE('',*,*,#5755,.F.);
#5755 = EDGE_CURVE('',#5756,#5758,#5760,.T.);
#5756 = VERTEX_POINT('',#5757);
#5757 = CARTESIAN_POINT('',(108.6,51.4,24.4));
#5758 = VERTEX_POINT('',#5759);
#5759 = CARTESIAN_POINT('',(56.6,51.4,24.4));
#5760 = SURFACE_CURVE('',#5761,(#5765,#5772),.PCURVE_S1.);
#5761 = LINE('',#5762,#5763);
#5762 = CARTESIAN_POINT('',(63.3,51.4,24.4));
#5763 = VECTOR('',#5764,1.);
#5764 = DIRECTION('',(-1.,-0.,0.));
#5765 = PCURVE('',#1122,#5766);
#5766 = DEFINITIONAL_REPRESENTATION('',(#5767),#5771);
#5767 = LINE('',#5768,#5769);
#5768 = CARTESIAN_POINT('',(1.3,-51.19));
#5769 = VECTOR('',#5770,1.);
#5770 = DIRECTION('',(-1.,0.));
#5771 = ( GEOMETRIC_REPRESENTATION_CONTEXT(2) 
PARAMETRIC_REPRESENTATION_CONTEXT() REPRESENTATION_CONTEXT('2D SPACE',''
  ) );
#5772 = PCURVE('',#5773,#5778);
#5773 = PLANE('',#5774);
#5774 = AXIS2_PLACEMENT_3D('',#5775,#5776,#5777);
#5775 = CARTESIAN_POINT('',(56.6,47.2,28.6));
#5776 = DIRECTION('',(-0.,0.707106781187,0.707106781187));
#5777 = DIRECTION('',(0.,0.707106781187,-0.707106781187));
#5778 = DEFINITIONAL_REPRESENTATION('',(#5779),#5782);
#5779 = B_SPLINE_CURVE_WITH_KNOTS('',1,(#5780,#5781),.UNSPECIFIED.,.F.,
  .F.,(2,2),(-45.3,6.7),.PIECEWISE_BEZIER_KNOTS.);
#5780 = CARTESIAN_POINT('',(5.939696961967,-52.));
#5781 = CARTESIAN_POINT('',(5.939696961967,0.));
#5782 = ( GEOMETRIC_REPRESENTATION_CONTEXT(2) 
PARAMETRIC_REPRESENTATION_CONTEXT() REPRESENTATION_CONTEXT('2D SPACE',''
  ) );
#5783 = ORIENTED_EDGE('',*,*,#5784,.T.);
#5784 = EDGE_CURVE('',#5756,#5785,#5787,.T.);
#5785 = VERTEX_POINT('',#5786);
#5786 = CARTESIAN_POINT('',(108.6,49.,24.4));
#5787 = SURFACE_CURVE('',#5788,(#5792,#5799),.PCURVE_S1.);
#5788 = LINE('',#5789,#5790);
#5789 = CARTESIAN_POINT('',(108.6,50.55,24.4));
#5790 = VECTOR('',#5791,1.);
#5791 = DIRECTION('',(-0.,-1.,0.));
#5792 = PCURVE('',#1122,#5793);
#5793 = DEFINITIONAL_REPRESENTATION('',(#5794),#5798);
#5794 = LINE('',#5795,#5796);
#5795 = CARTESIAN_POINT('',(46.6,-52.04));
#5796 = VECTOR('',#5797,1.);
#5797 = DIRECTION('',(-0.,-1.));
#5798 = ( GEOMETRIC_REPRESENTATION_CONTEXT(2) 
PARAMETRIC_REPRESENTATION_CONTEXT() REPRESENTATION_CONTEXT('2D SPACE',''
  ) );
#5799 = PCURVE('',#5800,#5805);
#5800 = PLANE('',#5801);
#5801 = AXIS2_PLACEMENT_3D('',#5802,#5803,#5804);
#5802 = CARTESIAN_POINT('',(108.6,48.6,26.));
#5803 = DIRECTION('',(-1.,0.,-0.));
#5804 = DIRECTION('',(0.,-1.,0.));
#5805 = DEFINITIONAL_REPRESENTATION('',(#5806),#5809);
#5806 = B_SPLINE_CURVE_WITH_KNOTS('',1,(#5807,#5808),.UNSPECIFIED.,.F.,
  .F.,(2,2),(-1.85,5.75),.PIECEWISE_BEZIER_KNOTS.);
#5807 = CARTESIAN_POINT('',(-3.8,-1.6));
#5808 = CARTESIAN_POINT('',(3.8,-1.6));
#5809 = ( GEOMETRIC_REPRESENTATION_CONTEXT(2) 
PARAMETRIC_REPRESENTATION_CONTEXT() REPRESENTATION_CONTEXT('2D SPACE',''
  ) );
#5810 = ORIENTED_EDGE('',*,*,#5811,.F.);
#5811 = EDGE_CURVE('',#5812,#5785,#5814,.T.);
#5812 = VERTEX_POINT('',#5813);
#5813 = CARTESIAN_POINT('',(56.6,49.,24.4));
#5814 = SURFACE_CURVE('',#5815,(#5819,#5826),.PCURVE_S1.);
#5815 = LINE('',#5816,#5817);
#5816 = CARTESIAN_POINT('',(63.3,49.,24.4));
#5817 = VECTOR('',#5818,1.);
#5818 = DIRECTION('',(1.,0.,-0.));
#5819 = PCURVE('',#1122,#5820);
#5820 = DEFINITIONAL_REPRESENTATION('',(#5821),#5825);
#5821 = LINE('',#5822,#5823);
#5822 = CARTESIAN_POINT('',(1.3,-53.59));
#5823 = VECTOR('',#5824,1.);
#5824 = DIRECTION('',(1.,0.));
#5825 = ( GEOMETRIC_REPRESENTATION_CONTEXT(2) 
PARAMETRIC_REPRESENTATION_CONTEXT() REPRESENTATION_CONTEXT('2D SPACE',''
  ) );
#5826 = PCURVE('',#5827,#5832);
#5827 = PLANE('',#5828);
#5828 = AXIS2_PLACEMENT_3D('',#5829,#5830,#5831);
#5829 = CARTESIAN_POINT('',(56.6,50.,23.4));
#5830 = DIRECTION('',(0.,-0.707106781187,-0.707106781187));
#5831 = DIRECTION('',(0.,-0.707106781187,0.707106781187));
#5832 = DEFINITIONAL_REPRESENTATION('',(#5833),#5836);
#5833 = B_SPLINE_CURVE_WITH_KNOTS('',1,(#5834,#5835),.UNSPECIFIED.,.F.,
  .F.,(2,2),(-6.7,45.3),.PIECEWISE_BEZIER_KNOTS.);
#5834 = CARTESIAN_POINT('',(1.414213562373,0.));
#5835 = CARTESIAN_POINT('',(1.414213562373,-52.));
#5836 = ( GEOMETRIC_REPRESENTATION_CONTEXT(2) 
PARAMETRIC_REPRESENTATION_CONTEXT() REPRESENTATION_CONTEXT('2D SPACE',''
  ) );
#5837 = ORIENTED_EDGE('',*,*,#5838,.F.);
#5838 = EDGE_CURVE('',#5758,#5812,#5839,.T.);
#5839 = SURFACE_CURVE('',#5840,(#5844,#5851),.PCURVE_S1.);
#5840 = LINE('',#5841,#5842);
#5841 = CARTESIAN_POINT('',(56.6,50.55,24.4));
#5842 = VECTOR('',#5843,1.);
#5843 = DIRECTION('',(-0.,-1.,0.));
#5844 = PCURVE('',#1122,#5845);
#5845 = DEFINITIONAL_REPRESENTATION('',(#5846),#5850);
#5846 = LINE('',#5847,#5848);
#5847 = CARTESIAN_POINT('',(-5.4,-52.04));
#5848 = VECTOR('',#5849,1.);
#5849 = DIRECTION('',(-0.,-1.));
#5850 = ( GEOMETRIC_REPRESENTATION_CONTEXT(2) 
PARAMETRIC_REPRESENTATION_CONTEXT() REPRESENTATION_CONTEXT('2D SPACE',''
  ) );
#5851 = PCURVE('',#5852,#5857);
#5852 = PLANE('',#5853);
#5853 = AXIS2_PLACEMENT_3D('',#5854,#5855,#5856);
#5854 = CARTESIAN_POINT('',(56.6,48.6,26.));
#5855 = DIRECTION('',(-1.,0.,-0.));
#5856 = DIRECTION('',(0.,-1.,0.));
#5857 = DEFINITIONAL_REPRESENTATION('',(#5858),#5861);
#5858 = B_SPLINE_CURVE_WITH_KNOTS('',1,(#5859,#5860),.UNSPECIFIED.,.F.,
  .F.,(2,2),(-1.85,5.75),.PIECEWISE_BEZIER_KNOTS.);
#5859 = CARTESIAN_POINT('',(-3.8,-1.6));
#5860 = CARTESIAN_POINT('',(3.8,-1.6));
#5861 = ( GEOMETRIC_REPRESENTATION_CONTEXT(2) 
PARAMETRIC_REPRESENTATION_CONTEXT() REPRESENTATION_CONTEXT('2D SPACE',''
  ) );
#5862 = FACE_BOUND('',#5863,.F.);
#5863 = EDGE_LOOP('',(#5864,#5893,#5920,#5947));
#5864 = ORIENTED_EDGE('',*,*,#5865,.F.);
#5865 = EDGE_CURVE('',#5866,#5868,#5870,.T.);
#5866 = VERTEX_POINT('',#5867);
#5867 = CARTESIAN_POINT('',(56.6,56.,24.4));
#5868 = VERTEX_POINT('',#5869);
#5869 = CARTESIAN_POINT('',(108.6,56.,24.4));
#5870 = SURFACE_CURVE('',#5871,(#5875,#5882),.PCURVE_S1.);
#5871 = LINE('',#5872,#5873);
#5872 = CARTESIAN_POINT('',(63.3,56.,24.4));
#5873 = VECTOR('',#5874,1.);
#5874 = DIRECTION('',(1.,0.,-0.));
#5875 = PCURVE('',#1122,#5876);
#5876 = DEFINITIONAL_REPRESENTATION('',(#5877),#5881);
#5877 = LINE('',#5878,#5879);
#5878 = CARTESIAN_POINT('',(1.3,-46.59));
#5879 = VECTOR('',#5880,1.);
#5880 = DIRECTION('',(1.,0.));
#5881 = ( GEOMETRIC_REPRESENTATION_CONTEXT(2) 
PARAMETRIC_REPRESENTATION_CONTEXT() REPRESENTATION_CONTEXT('2D SPACE',''
  ) );
#5882 = PCURVE('',#5883,#5888);
#5883 = PLANE('',#5884);
#5884 = AXIS2_PLACEMENT_3D('',#5885,#5886,#5887);
#5885 = CARTESIAN_POINT('',(56.6,57.,23.4));
#5886 = DIRECTION('',(0.,-0.707106781187,-0.707106781187));
#5887 = DIRECTION('',(0.,-0.707106781187,0.707106781187));
#5888 = DEFINITIONAL_REPRESENTATION('',(#5889),#5892);
#5889 = B_SPLINE_CURVE_WITH_KNOTS('',1,(#5890,#5891),.UNSPECIFIED.,.F.,
  .F.,(2,2),(-6.7,45.3),.PIECEWISE_BEZIER_KNOTS.);
#5890 = CARTESIAN_POINT('',(1.414213562373,0.));
#5891 = CARTESIAN_POINT('',(1.414213562373,-52.));
#5892 = ( GEOMETRIC_REPRESENTATION_CONTEXT(2) 
PARAMETRIC_REPRESENTATION_CONTEXT() REPRESENTATION_CONTEXT('2D SPACE',''
  ) );
#5893 = ORIENTED_EDGE('',*,*,#5894,.F.);
#5894 = EDGE_CURVE('',#5895,#5866,#5897,.T.);
#5895 = VERTEX_POINT('',#5896);
#5896 = CARTESIAN_POINT('',(56.6,58.4,24.4));
#5897 = SURFACE_CURVE('',#5898,(#5902,#5909),.PCURVE_S1.);
#5898 = LINE('',#5899,#5900);
#5899 = CARTESIAN_POINT('',(56.6,54.05,24.4));
#5900 = VECTOR('',#5901,1.);
#5901 = DIRECTION('',(-0.,-1.,0.));
#5902 = PCURVE('',#1122,#5903);
#5903 = DEFINITIONAL_REPRESENTATION('',(#5904),#5908);
#5904 = LINE('',#5905,#5906);
#5905 = CARTESIAN_POINT('',(-5.4,-48.54));
#5906 = VECTOR('',#5907,1.);
#5907 = DIRECTION('',(-0.,-1.));
#5908 = ( GEOMETRIC_REPRESENTATION_CONTEXT(2) 
PARAMETRIC_REPRESENTATION_CONTEXT() REPRESENTATION_CONTEXT('2D SPACE',''
  ) );
#5909 = PCURVE('',#5910,#5915);
#5910 = PLANE('',#5911);
#5911 = AXIS2_PLACEMENT_3D('',#5912,#5913,#5914);
#5912 = CARTESIAN_POINT('',(56.6,55.6,26.));
#5913 = DIRECTION('',(-1.,0.,-0.));
#5914 = DIRECTION('',(0.,-1.,0.));
#5915 = DEFINITIONAL_REPRESENTATION('',(#5916),#5919);
#5916 = B_SPLINE_CURVE_WITH_KNOTS('',1,(#5917,#5918),.UNSPECIFIED.,.F.,
  .F.,(2,2),(-5.35,2.25),.PIECEWISE_BEZIER_KNOTS.);
#5917 = CARTESIAN_POINT('',(-3.8,-1.6));
#5918 = CARTESIAN_POINT('',(3.8,-1.6));
#5919 = ( GEOMETRIC_REPRESENTATION_CONTEXT(2) 
PARAMETRIC_REPRESENTATION_CONTEXT() REPRESENTATION_CONTEXT('2D SPACE',''
  ) );
#5920 = ORIENTED_EDGE('',*,*,#5921,.F.);
#5921 = EDGE_CURVE('',#5922,#5895,#5924,.T.);
#5922 = VERTEX_POINT('',#5923);
#5923 = CARTESIAN_POINT('',(108.6,58.4,24.4));
#5924 = SURFACE_CURVE('',#5925,(#5929,#5936),.PCURVE_S1.);
#5925 = LINE('',#5926,#5927);
#5926 = CARTESIAN_POINT('',(63.3,58.4,24.4));
#5927 = VECTOR('',#5928,1.);
#5928 = DIRECTION('',(-1.,-0.,0.));
#5929 = PCURVE('',#1122,#5930);
#5930 = DEFINITIONAL_REPRESENTATION('',(#5931),#5935);
#5931 = LINE('',#5932,#5933);
#5932 = CARTESIAN_POINT('',(1.3,-44.19));
#5933 = VECTOR('',#5934,1.);
#5934 = DIRECTION('',(-1.,0.));
#5935 = ( GEOMETRIC_REPRESENTATION_CONTEXT(2) 
PARAMETRIC_REPRESENTATION_CONTEXT() REPRESENTATION_CONTEXT('2D SPACE',''
  ) );
#5936 = PCURVE('',#5937,#5942);
#5937 = PLANE('',#5938);
#5938 = AXIS2_PLACEMENT_3D('',#5939,#5940,#5941);
#5939 = CARTESIAN_POINT('',(56.6,54.2,28.6));
#5940 = DIRECTION('',(-0.,0.707106781187,0.707106781187));
#5941 = DIRECTION('',(0.,0.707106781187,-0.707106781187));
#5942 = DEFINITIONAL_REPRESENTATION('',(#5943),#5946);
#5943 = B_SPLINE_CURVE_WITH_KNOTS('',1,(#5944,#5945),.UNSPECIFIED.,.F.,
  .F.,(2,2),(-45.3,6.7),.PIECEWISE_BEZIER_KNOTS.);
#5944 = CARTESIAN_POINT('',(5.939696961967,-52.));
#5945 = CARTESIAN_POINT('',(5.939696961967,0.));
#5946 = ( GEOMETRIC_REPRESENTATION_CONTEXT(2) 
PARAMETRIC_REPRESENTATION_CONTEXT() REPRESENTATION_CONTEXT('2D SPACE',''
  ) );
#5947 = ORIENTED_EDGE('',*,*,#5948,.T.);
#5948 = EDGE_CURVE('',#5922,#5868,#5949,.T.);
#5949 = SURFACE_CURVE('',#5950,(#5954,#5961),.PCURVE_S1.);
#5950 = LINE('',#5951,#5952);
#5951 = CARTESIAN_POINT('',(108.6,54.05,24.4));
#5952 = VECTOR('',#5953,1.);
#5953 = DIRECTION('',(-0.,-1.,0.));
#5954 = PCURVE('',#1122,#5955);
#5955 = DEFINITIONAL_REPRESENTATION('',(#5956),#5960);
#5956 = LINE('',#5957,#5958);
#5957 = CARTESIAN_POINT('',(46.6,-48.54));
#5958 = VECTOR('',#5959,1.);
#5959 = DIRECTION('',(-0.,-1.));
#5960 = ( GEOMETRIC_REPRESENTATION_CONTEXT(2) 
PARAMETRIC_REPRESENTATION_CONTEXT() REPRESENTATION_CONTEXT('2D SPACE',''
  ) );
#5961 = PCURVE('',#5962,#5967);
#5962 = PLANE('',#5963);
#5963 = AXIS2_PLACEMENT_3D('',#5964,#5965,#5966);
#5964 = CARTESIAN_POINT('',(108.6,55.6,26.));
#5965 = DIRECTION('',(-1.,0.,-0.));
#5966 = DIRECTION('',(0.,-1.,0.));
#5967 = DEFINITIONAL_REPRESENTATION('',(#5968),#5971);
#5968 = B_SPLINE_CURVE_WITH_KNOTS('',1,(#5969,#5970),.UNSPECIFIED.,.F.,
  .F.,(2,2),(-5.35,2.25),.PIECEWISE_BEZIER_KNOTS.);
#5969 = CARTESIAN_POINT('',(-3.8,-1.6));
#5970 = CARTESIAN_POINT('',(3.8,-1.6));
#5971 = ( GEOMETRIC_REPRESENTATION_CONTEXT(2) 
PARAMETRIC_REPRESENTATION_CONTEXT() REPRESENTATION_CONTEXT('2D SPACE',''
  ) );
#5972 = FACE_BOUND('',#5973,.F.);
#5973 = EDGE_LOOP('',(#5974));
#5974 = ORIENTED_EDGE('',*,*,#5975,.F.);
#5975 = EDGE_CURVE('',#5976,#5976,#5978,.T.);
#5976 = VERTEX_POINT('',#5977);
#5977 = CARTESIAN_POINT('',(135.2,66.,24.4));
#5978 = SURFACE_CURVE('',#5979,(#5984,#5991),.PCURVE_S1.);
#5979 = CIRCLE('',#5980,4.2);
#5980 = AXIS2_PLACEMENT_3D('',#5981,#5982,#5983);
#5981 = CARTESIAN_POINT('',(131.,66.,24.4));
#5982 = DIRECTION('',(0.,0.,1.));
#5983 = DIRECTION('',(1.,0.,-0.));
#5984 = PCURVE('',#1122,#5985);
#5985 = DEFINITIONAL_REPRESENTATION('',(#5986),#5990);
#5986 = CIRCLE('',#5987,4.2);
#5987 = AXIS2_PLACEMENT_2D('',#5988,#5989);
#5988 = CARTESIAN_POINT('',(69.,-36.59));
#5989 = DIRECTION('',(1.,0.));
#5990 = ( GEOMETRIC_REPRESENTATION_CONTEXT(2) 
PARAMETRIC_REPRESENTATION_CONTEXT() REPRESENTATION_CONTEXT('2D SPACE',''
  ) );
#5991 = PCURVE('',#5992,#5997);
#5992 = CYLINDRICAL_SURFACE('',#5993,4.2);
#5993 = AXIS2_PLACEMENT_3D('',#5994,#5995,#5996);
#5994 = CARTESIAN_POINT('',(131.,66.,3.));
#5995 = DIRECTION('',(0.,0.,1.));
#5996 = DIRECTION('',(1.,0.,-0.));
#5997 = DEFINITIONAL_REPRESENTATION('',(#5998),#6002);
#5998 = LINE('',#5999,#6000);
#5999 = CARTESIAN_POINT('',(0.,21.4));
#6000 = VECTOR('',#6001,1.);
#6001 = DIRECTION('',(1.,0.));
#6002 = ( GEOMETRIC_REPRESENTATION_CONTEXT(2) 
PARAMETRIC_REPRESENTATION_CONTEXT() REPRESENTATION_CONTEXT('2D SPACE',''
  ) );
#6003 = FACE_BOUND('',#6004,.F.);
#6004 = EDGE_LOOP('',(#6005));
#6005 = ORIENTED_EDGE('',*,*,#6006,.F.);
#6006 = EDGE_CURVE('',#6007,#6007,#6009,.T.);
#6007 = VERTEX_POINT('',#6008);
#6008 = CARTESIAN_POINT('',(132.7,90.5,24.4));
#6009 = SURFACE_CURVE('',#6010,(#6015,#6022),.PCURVE_S1.);
#6010 = CIRCLE('',#6011,4.2);
#6011 = AXIS2_PLACEMENT_3D('',#6012,#6013,#6014);
#6012 = CARTESIAN_POINT('',(128.5,90.5,24.4));
#6013 = DIRECTION('',(0.,0.,1.));
#6014 = DIRECTION('',(1.,0.,-0.));
#6015 = PCURVE('',#1122,#6016);
#6016 = DEFINITIONAL_REPRESENTATION('',(#6017),#6021);
#6017 = CIRCLE('',#6018,4.2);
#6018 = AXIS2_PLACEMENT_2D('',#6019,#6020);
#6019 = CARTESIAN_POINT('',(66.5,-12.09));
#6020 = DIRECTION('',(1.,0.));
#6021 = ( GEOMETRIC_REPRESENTATION_CONTEXT(2) 
PARAMETRIC_REPRESENTATION_CONTEXT() REPRESENTATION_CONTEXT('2D SPACE',''
  ) );
#6022 = PCURVE('',#6023,#6028);
#6023 = CYLINDRICAL_SURFACE('',#6024,4.2);
#6024 = AXIS2_PLACEMENT_3D('',#6025,#6026,#6027);
#6025 = CARTESIAN_POINT('',(128.5,90.5,3.));
#6026 = DIRECTION('',(0.,0.,1.));
#6027 = DIRECTION('',(1.,0.,-0.));
#6028 = DEFINITIONAL_REPRESENTATION('',(#6029),#6033);
#6029 = LINE('',#6030,#6031);
#6030 = CARTESIAN_POINT('',(0.,21.4));
#6031 = VECTOR('',#6032,1.);
#6032 = DIRECTION('',(1.,0.));
#6033 = ( GEOMETRIC_REPRESENTATION_CONTEXT(2) 
PARAMETRIC_REPRESENTATION_CONTEXT() REPRESENTATION_CONTEXT('2D SPACE',''
  ) );
#6034 = ADVANCED_FACE('',(#6035),#1096,.T.);
#6035 = FACE_BOUND('',#6036,.T.);
#6036 = EDGE_LOOP('',(#6037,#6038,#6061,#6082));
#6037 = ORIENTED_EDGE('',*,*,#1081,.T.);
#6038 = ORIENTED_EDGE('',*,*,#6039,.F.);
#6039 = EDGE_CURVE('',#6040,#1056,#6042,.T.);
#6040 = VERTEX_POINT('',#6041);
#6041 = CARTESIAN_POINT('',(59.15,102.46,3.2));
#6042 = SURFACE_CURVE('',#6043,(#6047,#6054),.PCURVE_S1.);
#6043 = LINE('',#6044,#6045);
#6044 = CARTESIAN_POINT('',(59.15,102.46,3.2));
#6045 = VECTOR('',#6046,1.);
#6046 = DIRECTION('',(1.,0.,-0.));
#6047 = PCURVE('',#1096,#6048);
#6048 = DEFINITIONAL_REPRESENTATION('',(#6049),#6053);
#6049 = LINE('',#6050,#6051);
#6050 = CARTESIAN_POINT('',(0.,0.));
#6051 = VECTOR('',#6052,1.);
#6052 = DIRECTION('',(0.,1.));
#6053 = ( GEOMETRIC_REPRESENTATION_CONTEXT(2) 
PARAMETRIC_REPRESENTATION_CONTEXT() REPRESENTATION_CONTEXT('2D SPACE',''
  ) );
#6054 = PCURVE('',#1070,#6055);
#6055 = DEFINITIONAL_REPRESENTATION('',(#6056),#6060);
#6056 = LINE('',#6057,#6058);
#6057 = CARTESIAN_POINT('',(0.,1.45));
#6058 = VECTOR('',#6059,1.);
#6059 = DIRECTION('',(1.,0.));
#6060 = ( GEOMETRIC_REPRESENTATION_CONTEXT(2) 
PARAMETRIC_REPRESENTATION_CONTEXT() REPRESENTATION_CONTEXT('2D SPACE',''
  ) );
#6061 = ORIENTED_EDGE('',*,*,#6062,.T.);
#6062 = EDGE_CURVE('',#6040,#5126,#6063,.T.);
#6063 = SURFACE_CURVE('',#6064,(#6068,#6075),.PCURVE_S1.);
#6064 = LINE('',#6065,#6066);
#6065 = CARTESIAN_POINT('',(59.15,102.46,3.2));
#6066 = VECTOR('',#6067,1.);
#6067 = DIRECTION('',(0.,0.,1.));
#6068 = PCURVE('',#1096,#6069);
#6069 = DEFINITIONAL_REPRESENTATION('',(#6070),#6074);
#6070 = LINE('',#6071,#6072);
#6071 = CARTESIAN_POINT('',(0.,0.));
#6072 = VECTOR('',#6073,1.);
#6073 = DIRECTION('',(1.,0.));
#6074 = ( GEOMETRIC_REPRESENTATION_CONTEXT(2) 
PARAMETRIC_REPRESENTATION_CONTEXT() REPRESENTATION_CONTEXT('2D SPACE',''
  ) );
#6075 = PCURVE('',#5141,#6076);
#6076 = DEFINITIONAL_REPRESENTATION('',(#6077),#6081);
#6077 = LINE('',#6078,#6079);
#6078 = CARTESIAN_POINT('',(0.,-1.45));
#6079 = VECTOR('',#6080,1.);
#6080 = DIRECTION('',(1.,0.));
#6081 = ( GEOMETRIC_REPRESENTATION_CONTEXT(2) 
PARAMETRIC_REPRESENTATION_CONTEXT() REPRESENTATION_CONTEXT('2D SPACE',''
  ) );
#6082 = ORIENTED_EDGE('',*,*,#5152,.F.);
#6083 = ADVANCED_FACE('',(#6084),#1070,.F.);
#6084 = FACE_BOUND('',#6085,.F.);
#6085 = EDGE_LOOP('',(#6086,#6087,#6110,#6133,#6154,#6155));
#6086 = ORIENTED_EDGE('',*,*,#6039,.F.);
#6087 = ORIENTED_EDGE('',*,*,#6088,.F.);
#6088 = EDGE_CURVE('',#6089,#6040,#6091,.T.);
#6089 = VERTEX_POINT('',#6090);
#6090 = CARTESIAN_POINT('',(59.15,101.01,3.2));
#6091 = SURFACE_CURVE('',#6092,(#6096,#6103),.PCURVE_S1.);
#6092 = LINE('',#6093,#6094);
#6093 = CARTESIAN_POINT('',(59.15,101.01,3.2));
#6094 = VECTOR('',#6095,1.);
#6095 = DIRECTION('',(-0.,1.,0.));
#6096 = PCURVE('',#1070,#6097);
#6097 = DEFINITIONAL_REPRESENTATION('',(#6098),#6102);
#6098 = LINE('',#6099,#6100);
#6099 = CARTESIAN_POINT('',(0.,0.));
#6100 = VECTOR('',#6101,1.);
#6101 = DIRECTION('',(0.,1.));
#6102 = ( GEOMETRIC_REPRESENTATION_CONTEXT(2) 
PARAMETRIC_REPRESENTATION_CONTEXT() REPRESENTATION_CONTEXT('2D SPACE',''
  ) );
#6103 = PCURVE('',#5141,#6104);
#6104 = DEFINITIONAL_REPRESENTATION('',(#6105),#6109);
#6105 = LINE('',#6106,#6107);
#6106 = CARTESIAN_POINT('',(0.,0.));
#6107 = VECTOR('',#6108,1.);
#6108 = DIRECTION('',(0.,-1.));
#6109 = ( GEOMETRIC_REPRESENTATION_CONTEXT(2) 
PARAMETRIC_REPRESENTATION_CONTEXT() REPRESENTATION_CONTEXT('2D SPACE',''
  ) );
#6110 = ORIENTED_EDGE('',*,*,#6111,.T.);
#6111 = EDGE_CURVE('',#6089,#6112,#6114,.T.);
#6112 = VERTEX_POINT('',#6113);
#6113 = CARTESIAN_POINT('',(62.,101.01,3.2));
#6114 = SURFACE_CURVE('',#6115,(#6119,#6126),.PCURVE_S1.);
#6115 = LINE('',#6116,#6117);
#6116 = CARTESIAN_POINT('',(59.15,101.01,3.2));
#6117 = VECTOR('',#6118,1.);
#6118 = DIRECTION('',(1.,0.,-0.));
#6119 = PCURVE('',#1070,#6120);
#6120 = DEFINITIONAL_REPRESENTATION('',(#6121),#6125);
#6121 = LINE('',#6122,#6123);
#6122 = CARTESIAN_POINT('',(0.,0.));
#6123 = VECTOR('',#6124,1.);
#6124 = DIRECTION('',(1.,0.));
#6125 = ( GEOMETRIC_REPRESENTATION_CONTEXT(2) 
PARAMETRIC_REPRESENTATION_CONTEXT() REPRESENTATION_CONTEXT('2D SPACE',''
  ) );
#6126 = PCURVE('',#5114,#6127);
#6127 = DEFINITIONAL_REPRESENTATION('',(#6128),#6132);
#6128 = LINE('',#6129,#6130);
#6129 = CARTESIAN_POINT('',(0.,0.));
#6130 = VECTOR('',#6131,1.);
#6131 = DIRECTION('',(0.,1.));
#6132 = ( GEOMETRIC_REPRESENTATION_CONTEXT(2) 
PARAMETRIC_REPRESENTATION_CONTEXT() REPRESENTATION_CONTEXT('2D SPACE',''
  ) );
#6133 = ORIENTED_EDGE('',*,*,#6134,.T.);
#6134 = EDGE_CURVE('',#6112,#4183,#6135,.T.);
#6135 = SURFACE_CURVE('',#6136,(#6140,#6147),.PCURVE_S1.);
#6136 = LINE('',#6137,#6138);
#6137 = CARTESIAN_POINT('',(62.,101.01,3.2));
#6138 = VECTOR('',#6139,1.);
#6139 = DIRECTION('',(-0.,1.,0.));
#6140 = PCURVE('',#1070,#6141);
#6141 = DEFINITIONAL_REPRESENTATION('',(#6142),#6146);
#6142 = LINE('',#6143,#6144);
#6143 = CARTESIAN_POINT('',(2.85,0.));
#6144 = VECTOR('',#6145,1.);
#6145 = DIRECTION('',(0.,1.));
#6146 = ( GEOMETRIC_REPRESENTATION_CONTEXT(2) 
PARAMETRIC_REPRESENTATION_CONTEXT() REPRESENTATION_CONTEXT('2D SPACE',''
  ) );
#6147 = PCURVE('',#4197,#6148);
#6148 = DEFINITIONAL_REPRESENTATION('',(#6149),#6153);
#6149 = LINE('',#6150,#6151);
#6150 = CARTESIAN_POINT('',(0.,0.));
#6151 = VECTOR('',#6152,1.);
#6152 = DIRECTION('',(0.,-1.));
#6153 = ( GEOMETRIC_REPRESENTATION_CONTEXT(2) 
PARAMETRIC_REPRESENTATION_CONTEXT() REPRESENTATION_CONTEXT('2D SPACE',''
  ) );
#6154 = ORIENTED_EDGE('',*,*,#4208,.T.);
#6155 = ORIENTED_EDGE('',*,*,#1055,.T.);
#6156 = ADVANCED_FACE('',(#6157),#1247,.F.);
#6157 = FACE_BOUND('',#6158,.F.);
#6158 = EDGE_LOOP('',(#6159,#6187,#6208,#6209));
#6159 = ORIENTED_EDGE('',*,*,#6160,.F.);
#6160 = EDGE_CURVE('',#6161,#6161,#6163,.T.);
#6161 = VERTEX_POINT('',#6162);
#6162 = CARTESIAN_POINT('',(48.6,105.,16.5));
#6163 = SURFACE_CURVE('',#6164,(#6169,#6176),.PCURVE_S1.);
#6164 = CIRCLE('',#6165,4.6);
#6165 = AXIS2_PLACEMENT_3D('',#6166,#6167,#6168);
#6166 = CARTESIAN_POINT('',(44.,105.,16.5));
#6167 = DIRECTION('',(0.,1.,0.));
#6168 = DIRECTION('',(1.,0.,-0.));
#6169 = PCURVE('',#1247,#6170);
#6170 = DEFINITIONAL_REPRESENTATION('',(#6171),#6175);
#6171 = LINE('',#6172,#6173);
#6172 = CARTESIAN_POINT('',(0.,3.4));
#6173 = VECTOR('',#6174,1.);
#6174 = DIRECTION('',(1.,0.));
#6175 = ( GEOMETRIC_REPRESENTATION_CONTEXT(2) 
PARAMETRIC_REPRESENTATION_CONTEXT() REPRESENTATION_CONTEXT('2D SPACE',''
  ) );
#6176 = PCURVE('',#3018,#6177);
#6177 = DEFINITIONAL_REPRESENTATION('',(#6178),#6186);
#6178 = ( BOUNDED_CURVE() B_SPLINE_CURVE(2,(#6179,#6180,#6181,#6182,
#6183,#6184,#6185),.UNSPECIFIED.,.T.,.F.) B_SPLINE_CURVE_WITH_KNOTS((1,2
    ,2,2,2,1),(-2.094395102393,0.,2.094395102393,4.188790204786,
6.28318530718,8.377580409573),.UNSPECIFIED.) CURVE() 
GEOMETRIC_REPRESENTATION_ITEM() RATIONAL_B_SPLINE_CURVE((1.,0.5,1.,0.5,
1.,0.5,1.)) REPRESENTATION_ITEM('') );
#6179 = CARTESIAN_POINT('',(75.4,-16.5));
#6180 = CARTESIAN_POINT('',(75.4,-8.532566285183));
#6181 = CARTESIAN_POINT('',(82.3,-12.51628314259));
#6182 = CARTESIAN_POINT('',(89.2,-16.5));
#6183 = CARTESIAN_POINT('',(82.3,-20.4837168574));
#6184 = CARTESIAN_POINT('',(75.4,-24.46743371481));
#6185 = CARTESIAN_POINT('',(75.4,-16.5));
#6186 = ( GEOMETRIC_REPRESENTATION_CONTEXT(2) 
PARAMETRIC_REPRESENTATION_CONTEXT() REPRESENTATION_CONTEXT('2D SPACE',''
  ) );
#6187 = ORIENTED_EDGE('',*,*,#6188,.F.);
#6188 = EDGE_CURVE('',#1227,#6161,#6189,.T.);
#6189 = SEAM_CURVE('',#6190,(#6194,#6201),.PCURVE_S1.);
#6190 = LINE('',#6191,#6192);
#6191 = CARTESIAN_POINT('',(48.6,101.6,16.5));
#6192 = VECTOR('',#6193,1.);
#6193 = DIRECTION('',(0.,1.,0.));
#6194 = PCURVE('',#1247,#6195);
#6195 = DEFINITIONAL_REPRESENTATION('',(#6196),#6200);
#6196 = LINE('',#6197,#6198);
#6197 = CARTESIAN_POINT('',(6.28318530718,-0.));
#6198 = VECTOR('',#6199,1.);
#6199 = DIRECTION('',(0.,1.));
#6200 = ( GEOMETRIC_REPRESENTATION_CONTEXT(2) 
PARAMETRIC_REPRESENTATION_CONTEXT() REPRESENTATION_CONTEXT('2D SPACE',''
  ) );
#6201 = PCURVE('',#1247,#6202);
#6202 = DEFINITIONAL_REPRESENTATION('',(#6203),#6207);
#6203 = LINE('',#6204,#6205);
#6204 = CARTESIAN_POINT('',(0.,-0.));
#6205 = VECTOR('',#6206,1.);
#6206 = DIRECTION('',(0.,1.));
#6207 = ( GEOMETRIC_REPRESENTATION_CONTEXT(2) 
PARAMETRIC_REPRESENTATION_CONTEXT() REPRESENTATION_CONTEXT('2D SPACE',''
  ) );
#6208 = ORIENTED_EDGE('',*,*,#1226,.T.);
#6209 = ORIENTED_EDGE('',*,*,#6188,.T.);
#6210 = ADVANCED_FACE('',(#6211),#1282,.F.);
#6211 = FACE_BOUND('',#6212,.F.);
#6212 = EDGE_LOOP('',(#6213,#6241,#6262,#6263));
#6213 = ORIENTED_EDGE('',*,*,#6214,.F.);
#6214 = EDGE_CURVE('',#6215,#6215,#6217,.T.);
#6215 = VERTEX_POINT('',#6216);
#6216 = CARTESIAN_POINT('',(28.6,105.,16.5));
#6217 = SURFACE_CURVE('',#6218,(#6223,#6230),.PCURVE_S1.);
#6218 = CIRCLE('',#6219,4.6);
#6219 = AXIS2_PLACEMENT_3D('',#6220,#6221,#6222);
#6220 = CARTESIAN_POINT('',(24.,105.,16.5));
#6221 = DIRECTION('',(0.,1.,0.));
#6222 = DIRECTION('',(1.,0.,-0.));
#6223 = PCURVE('',#1282,#6224);
#6224 = DEFINITIONAL_REPRESENTATION('',(#6225),#6229);
#6225 = LINE('',#6226,#6227);
#6226 = CARTESIAN_POINT('',(0.,3.4));
#6227 = VECTOR('',#6228,1.);
#6228 = DIRECTION('',(1.,0.));
#6229 = ( GEOMETRIC_REPRESENTATION_CONTEXT(2) 
PARAMETRIC_REPRESENTATION_CONTEXT() REPRESENTATION_CONTEXT('2D SPACE',''
  ) );
#6230 = PCURVE('',#3018,#6231);
#6231 = DEFINITIONAL_REPRESENTATION('',(#6232),#6240);
#6232 = ( BOUNDED_CURVE() B_SPLINE_CURVE(2,(#6233,#6234,#6235,#6236,
#6237,#6238,#6239),.UNSPECIFIED.,.T.,.F.) B_SPLINE_CURVE_WITH_KNOTS((1,2
    ,2,2,2,1),(-2.094395102393,0.,2.094395102393,4.188790204786,
6.28318530718,8.377580409573),.UNSPECIFIED.) CURVE() 
GEOMETRIC_REPRESENTATION_ITEM() RATIONAL_B_SPLINE_CURVE((1.,0.5,1.,0.5,
1.,0.5,1.)) REPRESENTATION_ITEM('') );
#6233 = CARTESIAN_POINT('',(95.4,-16.5));
#6234 = CARTESIAN_POINT('',(95.4,-8.532566285183));
#6235 = CARTESIAN_POINT('',(102.3,-12.51628314259));
#6236 = CARTESIAN_POINT('',(109.2,-16.5));
#6237 = CARTESIAN_POINT('',(102.3,-20.4837168574));
#6238 = CARTESIAN_POINT('',(95.4,-24.46743371481));
#6239 = CARTESIAN_POINT('',(95.4,-16.5));
#6240 = ( GEOMETRIC_REPRESENTATION_CONTEXT(2) 
PARAMETRIC_REPRESENTATION_CONTEXT() REPRESENTATION_CONTEXT('2D SPACE',''
  ) );
#6241 = ORIENTED_EDGE('',*,*,#6242,.F.);
#6242 = EDGE_CURVE('',#1262,#6215,#6243,.T.);
#6243 = SEAM_CURVE('',#6244,(#6248,#6255),.PCURVE_S1.);
#6244 = LINE('',#6245,#6246);
#6245 = CARTESIAN_POINT('',(28.6,101.6,16.5));
#6246 = VECTOR('',#6247,1.);
#6247 = DIRECTION('',(0.,1.,0.));
#6248 = PCURVE('',#1282,#6249);
#6249 = DEFINITIONAL_REPRESENTATION('',(#6250),#6254);
#6250 = LINE('',#6251,#6252);
#6251 = CARTESIAN_POINT('',(6.28318530718,-0.));
#6252 = VECTOR('',#6253,1.);
#6253 = DIRECTION('',(0.,1.));
#6254 = ( GEOMETRIC_REPRESENTATION_CONTEXT(2) 
PARAMETRIC_REPRESENTATION_CONTEXT() REPRESENTATION_CONTEXT('2D SPACE',''
  ) );
#6255 = PCURVE('',#1282,#6256);
#6256 = DEFINITIONAL_REPRESENTATION('',(#6257),#6261);
#6257 = LINE('',#6258,#6259);
#6258 = CARTESIAN_POINT('',(0.,-0.));
#6259 = VECTOR('',#6260,1.);
#6260 = DIRECTION('',(0.,1.));
#6261 = ( GEOMETRIC_REPRESENTATION_CONTEXT(2) 
PARAMETRIC_REPRESENTATION_CONTEXT() REPRESENTATION_CONTEXT('2D SPACE',''
  ) );
#6262 = ORIENTED_EDGE('',*,*,#1261,.T.);
#6263 = ORIENTED_EDGE('',*,*,#6242,.T.);
#6264 = ADVANCED_FACE('',(#6265),#1515,.F.);
#6265 = FACE_BOUND('',#6266,.F.);
#6266 = EDGE_LOOP('',(#6267,#6290,#6291,#6292));
#6267 = ORIENTED_EDGE('',*,*,#6268,.F.);
#6268 = EDGE_CURVE('',#1479,#6269,#6271,.T.);
#6269 = VERTEX_POINT('',#6270);
#6270 = CARTESIAN_POINT('',(6.2,29.6,9.));
#6271 = SURFACE_CURVE('',#6272,(#6276,#6283),.PCURVE_S1.);
#6272 = LINE('',#6273,#6274);
#6273 = CARTESIAN_POINT('',(1.9,29.6,9.));
#6274 = VECTOR('',#6275,1.);
#6275 = DIRECTION('',(1.,0.,-0.));
#6276 = PCURVE('',#1515,#6277);
#6277 = DEFINITIONAL_REPRESENTATION('',(#6278),#6282);
#6278 = LINE('',#6279,#6280);
#6279 = CARTESIAN_POINT('',(0.,0.));
#6280 = VECTOR('',#6281,1.);
#6281 = DIRECTION('',(0.,1.));
#6282 = ( GEOMETRIC_REPRESENTATION_CONTEXT(2) 
PARAMETRIC_REPRESENTATION_CONTEXT() REPRESENTATION_CONTEXT('2D SPACE',''
  ) );
#6283 = PCURVE('',#1386,#6284);
#6284 = DEFINITIONAL_REPRESENTATION('',(#6285),#6289);
#6285 = LINE('',#6286,#6287);
#6286 = CARTESIAN_POINT('',(0.,0.));
#6287 = VECTOR('',#6288,1.);
#6288 = DIRECTION('',(1.,0.));
#6289 = ( GEOMETRIC_REPRESENTATION_CONTEXT(2) 
PARAMETRIC_REPRESENTATION_CONTEXT() REPRESENTATION_CONTEXT('2D SPACE',''
  ) );
#6290 = ORIENTED_EDGE('',*,*,#1500,.T.);
#6291 = ORIENTED_EDGE('',*,*,#4366,.F.);
#6292 = ORIENTED_EDGE('',*,*,#6293,.F.);
#6293 = EDGE_CURVE('',#6269,#4339,#6294,.T.);
#6294 = SURFACE_CURVE('',#6295,(#6299,#6306),.PCURVE_S1.);
#6295 = LINE('',#6296,#6297);
#6296 = CARTESIAN_POINT('',(6.2,29.6,9.));
#6297 = VECTOR('',#6298,1.);
#6298 = DIRECTION('',(0.,0.,1.));
#6299 = PCURVE('',#1515,#6300);
#6300 = DEFINITIONAL_REPRESENTATION('',(#6301),#6305);
#6301 = LINE('',#6302,#6303);
#6302 = CARTESIAN_POINT('',(0.,4.3));
#6303 = VECTOR('',#6304,1.);
#6304 = DIRECTION('',(1.,0.));
#6305 = ( GEOMETRIC_REPRESENTATION_CONTEXT(2) 
PARAMETRIC_REPRESENTATION_CONTEXT() REPRESENTATION_CONTEXT('2D SPACE',''
  ) );
#6306 = PCURVE('',#4354,#6307);
#6307 = DEFINITIONAL_REPRESENTATION('',(#6308),#6312);
#6308 = LINE('',#6309,#6310);
#6309 = CARTESIAN_POINT('',(0.,0.));
#6310 = VECTOR('',#6311,1.);
#6311 = DIRECTION('',(1.,0.));
#6312 = ( GEOMETRIC_REPRESENTATION_CONTEXT(2) 
PARAMETRIC_REPRESENTATION_CONTEXT() REPRESENTATION_CONTEXT('2D SPACE',''
  ) );
#6313 = ADVANCED_FACE('',(#6314),#1386,.F.);
#6314 = FACE_BOUND('',#6315,.F.);
#6315 = EDGE_LOOP('',(#6316,#6339,#6340,#6341,#6364,#6388,#6411,#6432,
    #6433,#6456));
#6316 = ORIENTED_EDGE('',*,*,#6317,.F.);
#6317 = EDGE_CURVE('',#1453,#6318,#6320,.T.);
#6318 = VERTEX_POINT('',#6319);
#6319 = CARTESIAN_POINT('',(4.2,31.4,9.));
#6320 = SURFACE_CURVE('',#6321,(#6325,#6332),.PCURVE_S1.);
#6321 = LINE('',#6322,#6323);
#6322 = CARTESIAN_POINT('',(1.9,31.4,9.));
#6323 = VECTOR('',#6324,1.);
#6324 = DIRECTION('',(1.,0.,-0.));
#6325 = PCURVE('',#1386,#6326);
#6326 = DEFINITIONAL_REPRESENTATION('',(#6327),#6331);
#6327 = LINE('',#6328,#6329);
#6328 = CARTESIAN_POINT('',(0.,1.8));
#6329 = VECTOR('',#6330,1.);
#6330 = DIRECTION('',(1.,0.));
#6331 = ( GEOMETRIC_REPRESENTATION_CONTEXT(2) 
PARAMETRIC_REPRESENTATION_CONTEXT() REPRESENTATION_CONTEXT('2D SPACE',''
  ) );
#6332 = PCURVE('',#1467,#6333);
#6333 = DEFINITIONAL_REPRESENTATION('',(#6334),#6338);
#6334 = LINE('',#6335,#6336);
#6335 = CARTESIAN_POINT('',(0.,0.));
#6336 = VECTOR('',#6337,1.);
#6337 = DIRECTION('',(0.,1.));
#6338 = ( GEOMETRIC_REPRESENTATION_CONTEXT(2) 
PARAMETRIC_REPRESENTATION_CONTEXT() REPRESENTATION_CONTEXT('2D SPACE',''
  ) );
#6339 = ORIENTED_EDGE('',*,*,#1478,.T.);
#6340 = ORIENTED_EDGE('',*,*,#6268,.T.);
#6341 = ORIENTED_EDGE('',*,*,#6342,.F.);
#6342 = EDGE_CURVE('',#6343,#6269,#6345,.T.);
#6343 = VERTEX_POINT('',#6344);
#6344 = CARTESIAN_POINT('',(6.2,82.211145618,9.));
#6345 = SURFACE_CURVE('',#6346,(#6350,#6357),.PCURVE_S1.);
#6346 = LINE('',#6347,#6348);
#6347 = CARTESIAN_POINT('',(6.2,88.4,9.));
#6348 = VECTOR('',#6349,1.);
#6349 = DIRECTION('',(0.,-1.,0.));
#6350 = PCURVE('',#1386,#6351);
#6351 = DEFINITIONAL_REPRESENTATION('',(#6352),#6356);
#6352 = LINE('',#6353,#6354);
#6353 = CARTESIAN_POINT('',(4.3,58.8));
#6354 = VECTOR('',#6355,1.);
#6355 = DIRECTION('',(0.,-1.));
#6356 = ( GEOMETRIC_REPRESENTATION_CONTEXT(2) 
PARAMETRIC_REPRESENTATION_CONTEXT() REPRESENTATION_CONTEXT('2D SPACE',''
  ) );
#6357 = PCURVE('',#4354,#6358);
#6358 = DEFINITIONAL_REPRESENTATION('',(#6359),#6363);
#6359 = LINE('',#6360,#6361);
#6360 = CARTESIAN_POINT('',(0.,-58.8));
#6361 = VECTOR('',#6362,1.);
#6362 = DIRECTION('',(0.,1.));
#6363 = ( GEOMETRIC_REPRESENTATION_CONTEXT(2) 
PARAMETRIC_REPRESENTATION_CONTEXT() REPRESENTATION_CONTEXT('2D SPACE',''
  ) );
#6364 = ORIENTED_EDGE('',*,*,#6365,.F.);
#6365 = EDGE_CURVE('',#6366,#6343,#6368,.T.);
#6366 = VERTEX_POINT('',#6367);
#6367 = CARTESIAN_POINT('',(6.2,85.788854382,9.));
#6368 = SURFACE_CURVE('',#6369,(#6374,#6381),.PCURVE_S1.);
#6369 = CIRCLE('',#6370,4.2);
#6370 = AXIS2_PLACEMENT_3D('',#6371,#6372,#6373);
#6371 = CARTESIAN_POINT('',(10.,84.,9.));
#6372 = DIRECTION('',(0.,0.,1.));
#6373 = DIRECTION('',(1.,0.,-0.));
#6374 = PCURVE('',#1386,#6375);
#6375 = DEFINITIONAL_REPRESENTATION('',(#6376),#6380);
#6376 = CIRCLE('',#6377,4.2);
#6377 = AXIS2_PLACEMENT_2D('',#6378,#6379);
#6378 = CARTESIAN_POINT('',(8.1,54.4));
#6379 = DIRECTION('',(1.,0.));
#6380 = ( GEOMETRIC_REPRESENTATION_CONTEXT(2) 
PARAMETRIC_REPRESENTATION_CONTEXT() REPRESENTATION_CONTEXT('2D SPACE',''
  ) );
#6381 = PCURVE('',#4302,#6382);
#6382 = DEFINITIONAL_REPRESENTATION('',(#6383),#6387);
#6383 = LINE('',#6384,#6385);
#6384 = CARTESIAN_POINT('',(0.,6.));
#6385 = VECTOR('',#6386,1.);
#6386 = DIRECTION('',(1.,0.));
#6387 = ( GEOMETRIC_REPRESENTATION_CONTEXT(2) 
PARAMETRIC_REPRESENTATION_CONTEXT() REPRESENTATION_CONTEXT('2D SPACE',''
  ) );
#6388 = ORIENTED_EDGE('',*,*,#6389,.F.);
#6389 = EDGE_CURVE('',#6390,#6366,#6392,.T.);
#6390 = VERTEX_POINT('',#6391);
#6391 = CARTESIAN_POINT('',(6.2,88.4,9.));
#6392 = SURFACE_CURVE('',#6393,(#6397,#6404),.PCURVE_S1.);
#6393 = LINE('',#6394,#6395);
#6394 = CARTESIAN_POINT('',(6.2,88.4,9.));
#6395 = VECTOR('',#6396,1.);
#6396 = DIRECTION('',(0.,-1.,0.));
#6397 = PCURVE('',#1386,#6398);
#6398 = DEFINITIONAL_REPRESENTATION('',(#6399),#6403);
#6399 = LINE('',#6400,#6401);
#6400 = CARTESIAN_POINT('',(4.3,58.8));
#6401 = VECTOR('',#6402,1.);
#6402 = DIRECTION('',(0.,-1.));
#6403 = ( GEOMETRIC_REPRESENTATION_CONTEXT(2) 
PARAMETRIC_REPRESENTATION_CONTEXT() REPRESENTATION_CONTEXT('2D SPACE',''
  ) );
#6404 = PCURVE('',#4273,#6405);
#6405 = DEFINITIONAL_REPRESENTATION('',(#6406),#6410);
#6406 = LINE('',#6407,#6408);
#6407 = CARTESIAN_POINT('',(0.,-58.8));
#6408 = VECTOR('',#6409,1.);
#6409 = DIRECTION('',(0.,1.));
#6410 = ( GEOMETRIC_REPRESENTATION_CONTEXT(2) 
PARAMETRIC_REPRESENTATION_CONTEXT() REPRESENTATION_CONTEXT('2D SPACE',''
  ) );
#6411 = ORIENTED_EDGE('',*,*,#6412,.F.);
#6412 = EDGE_CURVE('',#1346,#6390,#6413,.T.);
#6413 = SURFACE_CURVE('',#6414,(#6418,#6425),.PCURVE_S1.);
#6414 = LINE('',#6415,#6416);
#6415 = CARTESIAN_POINT('',(1.9,88.4,9.));
#6416 = VECTOR('',#6417,1.);
#6417 = DIRECTION('',(1.,0.,-0.));
#6418 = PCURVE('',#1386,#6419);
#6419 = DEFINITIONAL_REPRESENTATION('',(#6420),#6424);
#6420 = LINE('',#6421,#6422);
#6421 = CARTESIAN_POINT('',(0.,58.8));
#6422 = VECTOR('',#6423,1.);
#6423 = DIRECTION('',(1.,0.));
#6424 = ( GEOMETRIC_REPRESENTATION_CONTEXT(2) 
PARAMETRIC_REPRESENTATION_CONTEXT() REPRESENTATION_CONTEXT('2D SPACE',''
  ) );
#6425 = PCURVE('',#1360,#6426);
#6426 = DEFINITIONAL_REPRESENTATION('',(#6427),#6431);
#6427 = LINE('',#6428,#6429);
#6428 = CARTESIAN_POINT('',(0.,0.));
#6429 = VECTOR('',#6430,1.);
#6430 = DIRECTION('',(0.,1.));
#6431 = ( GEOMETRIC_REPRESENTATION_CONTEXT(2) 
PARAMETRIC_REPRESENTATION_CONTEXT() REPRESENTATION_CONTEXT('2D SPACE',''
  ) );
#6432 = ORIENTED_EDGE('',*,*,#1371,.T.);
#6433 = ORIENTED_EDGE('',*,*,#6434,.T.);
#6434 = EDGE_CURVE('',#1372,#6435,#6437,.T.);
#6435 = VERTEX_POINT('',#6436);
#6436 = CARTESIAN_POINT('',(4.2,86.6,9.));
#6437 = SURFACE_CURVE('',#6438,(#6442,#6449),.PCURVE_S1.);
#6438 = LINE('',#6439,#6440);
#6439 = CARTESIAN_POINT('',(1.9,86.6,9.));
#6440 = VECTOR('',#6441,1.);
#6441 = DIRECTION('',(1.,0.,-0.));
#6442 = PCURVE('',#1386,#6443);
#6443 = DEFINITIONAL_REPRESENTATION('',(#6444),#6448);
#6444 = LINE('',#6445,#6446);
#6445 = CARTESIAN_POINT('',(0.,57.));
#6446 = VECTOR('',#6447,1.);
#6447 = DIRECTION('',(1.,0.));
#6448 = ( GEOMETRIC_REPRESENTATION_CONTEXT(2) 
PARAMETRIC_REPRESENTATION_CONTEXT() REPRESENTATION_CONTEXT('2D SPACE',''
  ) );
#6449 = PCURVE('',#1413,#6450);
#6450 = DEFINITIONAL_REPRESENTATION('',(#6451),#6455);
#6451 = LINE('',#6452,#6453);
#6452 = CARTESIAN_POINT('',(0.,0.));
#6453 = VECTOR('',#6454,1.);
#6454 = DIRECTION('',(0.,1.));
#6455 = ( GEOMETRIC_REPRESENTATION_CONTEXT(2) 
PARAMETRIC_REPRESENTATION_CONTEXT() REPRESENTATION_CONTEXT('2D SPACE',''
  ) );
#6456 = ORIENTED_EDGE('',*,*,#6457,.F.);
#6457 = EDGE_CURVE('',#6318,#6435,#6458,.T.);
#6458 = SURFACE_CURVE('',#6459,(#6463,#6470),.PCURVE_S1.);
#6459 = LINE('',#6460,#6461);
#6460 = CARTESIAN_POINT('',(4.2,30.,9.));
#6461 = VECTOR('',#6462,1.);
#6462 = DIRECTION('',(-0.,1.,0.));
#6463 = PCURVE('',#1386,#6464);
#6464 = DEFINITIONAL_REPRESENTATION('',(#6465),#6469);
#6465 = LINE('',#6466,#6467);
#6466 = CARTESIAN_POINT('',(2.3,0.4));
#6467 = VECTOR('',#6468,1.);
#6468 = DIRECTION('',(0.,1.));
#6469 = ( GEOMETRIC_REPRESENTATION_CONTEXT(2) 
PARAMETRIC_REPRESENTATION_CONTEXT() REPRESENTATION_CONTEXT('2D SPACE',''
  ) );
#6470 = PCURVE('',#6471,#6476);
#6471 = PLANE('',#6472);
#6472 = AXIS2_PLACEMENT_3D('',#6473,#6474,#6475);
#6473 = CARTESIAN_POINT('',(4.2,30.,9.));
#6474 = DIRECTION('',(1.,0.,-0.));
#6475 = DIRECTION('',(0.,0.,1.));
#6476 = DEFINITIONAL_REPRESENTATION('',(#6477),#6481);
#6477 = LINE('',#6478,#6479);
#6478 = CARTESIAN_POINT('',(0.,0.));
#6479 = VECTOR('',#6480,1.);
#6480 = DIRECTION('',(0.,-1.));
#6481 = ( GEOMETRIC_REPRESENTATION_CONTEXT(2) 
PARAMETRIC_REPRESENTATION_CONTEXT() REPRESENTATION_CONTEXT('2D SPACE',''
  ) );
#6482 = ADVANCED_FACE('',(#6483),#1467,.T.);
#6483 = FACE_BOUND('',#6484,.T.);
#6484 = EDGE_LOOP('',(#6485,#6506,#6507,#6508));
#6485 = ORIENTED_EDGE('',*,*,#6486,.F.);
#6486 = EDGE_CURVE('',#6318,#6487,#6489,.T.);
#6487 = VERTEX_POINT('',#6488);
#6488 = CARTESIAN_POINT('',(4.2,31.4,24.4));
#6489 = SURFACE_CURVE('',#6490,(#6494,#6500),.PCURVE_S1.);
#6490 = LINE('',#6491,#6492);
#6491 = CARTESIAN_POINT('',(4.2,31.4,9.));
#6492 = VECTOR('',#6493,1.);
#6493 = DIRECTION('',(0.,0.,1.));
#6494 = PCURVE('',#1467,#6495);
#6495 = DEFINITIONAL_REPRESENTATION('',(#6496),#6499);
#6496 = B_SPLINE_CURVE_WITH_KNOTS('',1,(#6497,#6498),.UNSPECIFIED.,.F.,
  .F.,(2,2),(0.,15.4),.PIECEWISE_BEZIER_KNOTS.);
#6497 = CARTESIAN_POINT('',(0.,2.3));
#6498 = CARTESIAN_POINT('',(15.4,2.3));
#6499 = ( GEOMETRIC_REPRESENTATION_CONTEXT(2) 
PARAMETRIC_REPRESENTATION_CONTEXT() REPRESENTATION_CONTEXT('2D SPACE',''
  ) );
#6500 = PCURVE('',#6471,#6501);
#6501 = DEFINITIONAL_REPRESENTATION('',(#6502),#6505);
#6502 = B_SPLINE_CURVE_WITH_KNOTS('',1,(#6503,#6504),.UNSPECIFIED.,.F.,
  .F.,(2,2),(0.,15.4),.PIECEWISE_BEZIER_KNOTS.);
#6503 = CARTESIAN_POINT('',(0.,-1.4));
#6504 = CARTESIAN_POINT('',(15.4,-1.4));
#6505 = ( GEOMETRIC_REPRESENTATION_CONTEXT(2) 
PARAMETRIC_REPRESENTATION_CONTEXT() REPRESENTATION_CONTEXT('2D SPACE',''
  ) );
#6506 = ORIENTED_EDGE('',*,*,#6317,.F.);
#6507 = ORIENTED_EDGE('',*,*,#1452,.T.);
#6508 = ORIENTED_EDGE('',*,*,#6509,.F.);
#6509 = EDGE_CURVE('',#6487,#1425,#6510,.T.);
#6510 = SURFACE_CURVE('',#6511,(#6515,#6521),.PCURVE_S1.);
#6511 = LINE('',#6512,#6513);
#6512 = CARTESIAN_POINT('',(35.95,31.4,24.4));
#6513 = VECTOR('',#6514,1.);
#6514 = DIRECTION('',(-1.,-0.,0.));
#6515 = PCURVE('',#1467,#6516);
#6516 = DEFINITIONAL_REPRESENTATION('',(#6517),#6520);
#6517 = B_SPLINE_CURVE_WITH_KNOTS('',1,(#6518,#6519),.UNSPECIFIED.,.F.,
  .F.,(2,2),(29.75,33.55),.PIECEWISE_BEZIER_KNOTS.);
#6518 = CARTESIAN_POINT('',(15.4,4.3));
#6519 = CARTESIAN_POINT('',(15.4,0.5));
#6520 = ( GEOMETRIC_REPRESENTATION_CONTEXT(2) 
PARAMETRIC_REPRESENTATION_CONTEXT() REPRESENTATION_CONTEXT('2D SPACE',''
  ) );
#6521 = PCURVE('',#1440,#6522);
#6522 = DEFINITIONAL_REPRESENTATION('',(#6523),#6526);
#6523 = B_SPLINE_CURVE_WITH_KNOTS('',1,(#6524,#6525),.UNSPECIFIED.,.F.,
  .F.,(2,2),(29.75,33.55),.PIECEWISE_BEZIER_KNOTS.);
#6524 = CARTESIAN_POINT('',(-63.8,-21.1));
#6525 = CARTESIAN_POINT('',(-67.6,-21.1));
#6526 = ( GEOMETRIC_REPRESENTATION_CONTEXT(2) 
PARAMETRIC_REPRESENTATION_CONTEXT() REPRESENTATION_CONTEXT('2D SPACE',''
  ) );
#6527 = ADVANCED_FACE('',(#6528),#1440,.F.);
#6528 = FACE_BOUND('',#6529,.F.);
#6529 = EDGE_LOOP('',(#6530,#6551,#6570,#6571));
#6530 = ORIENTED_EDGE('',*,*,#6531,.T.);
#6531 = EDGE_CURVE('',#6487,#6532,#6534,.T.);
#6532 = VERTEX_POINT('',#6533);
#6533 = CARTESIAN_POINT('',(4.2,86.6,24.4));
#6534 = SURFACE_CURVE('',#6535,(#6539,#6545),.PCURVE_S1.);
#6535 = LINE('',#6536,#6537);
#6536 = CARTESIAN_POINT('',(4.2,41.25,24.4));
#6537 = VECTOR('',#6538,1.);
#6538 = DIRECTION('',(-0.,1.,0.));
#6539 = PCURVE('',#1440,#6540);
#6540 = DEFINITIONAL_REPRESENTATION('',(#6541),#6544);
#6541 = B_SPLINE_CURVE_WITH_KNOTS('',1,(#6542,#6543),.UNSPECIFIED.,.F.,
  .F.,(2,2),(-11.25,46.75),.PIECEWISE_BEZIER_KNOTS.);
#6542 = CARTESIAN_POINT('',(-65.8,-22.5));
#6543 = CARTESIAN_POINT('',(-65.8,35.5));
#6544 = ( GEOMETRIC_REPRESENTATION_CONTEXT(2) 
PARAMETRIC_REPRESENTATION_CONTEXT() REPRESENTATION_CONTEXT('2D SPACE',''
  ) );
#6545 = PCURVE('',#6471,#6546);
#6546 = DEFINITIONAL_REPRESENTATION('',(#6547),#6550);
#6547 = B_SPLINE_CURVE_WITH_KNOTS('',1,(#6548,#6549),.UNSPECIFIED.,.F.,
  .F.,(2,2),(-11.25,46.75),.PIECEWISE_BEZIER_KNOTS.);
#6548 = CARTESIAN_POINT('',(15.4,0.));
#6549 = CARTESIAN_POINT('',(15.4,-58.));
#6550 = ( GEOMETRIC_REPRESENTATION_CONTEXT(2) 
PARAMETRIC_REPRESENTATION_CONTEXT() REPRESENTATION_CONTEXT('2D SPACE',''
  ) );
#6551 = ORIENTED_EDGE('',*,*,#6552,.T.);
#6552 = EDGE_CURVE('',#6532,#1399,#6553,.T.);
#6553 = SURFACE_CURVE('',#6554,(#6558,#6564),.PCURVE_S1.);
#6554 = LINE('',#6555,#6556);
#6555 = CARTESIAN_POINT('',(35.95,86.6,24.4));
#6556 = VECTOR('',#6557,1.);
#6557 = DIRECTION('',(-1.,-0.,0.));
#6558 = PCURVE('',#1440,#6559);
#6559 = DEFINITIONAL_REPRESENTATION('',(#6560),#6563);
#6560 = B_SPLINE_CURVE_WITH_KNOTS('',1,(#6561,#6562),.UNSPECIFIED.,.F.,
  .F.,(2,2),(29.75,33.55),.PIECEWISE_BEZIER_KNOTS.);
#6561 = CARTESIAN_POINT('',(-63.8,34.1));
#6562 = CARTESIAN_POINT('',(-67.6,34.1));
#6563 = ( GEOMETRIC_REPRESENTATION_CONTEXT(2) 
PARAMETRIC_REPRESENTATION_CONTEXT() REPRESENTATION_CONTEXT('2D SPACE',''
  ) );
#6564 = PCURVE('',#1413,#6565);
#6565 = DEFINITIONAL_REPRESENTATION('',(#6566),#6569);
#6566 = B_SPLINE_CURVE_WITH_KNOTS('',1,(#6567,#6568),.UNSPECIFIED.,.F.,
  .F.,(2,2),(29.75,33.55),.PIECEWISE_BEZIER_KNOTS.);
#6567 = CARTESIAN_POINT('',(15.4,4.3));
#6568 = CARTESIAN_POINT('',(15.4,0.5));
#6569 = ( GEOMETRIC_REPRESENTATION_CONTEXT(2) 
PARAMETRIC_REPRESENTATION_CONTEXT() REPRESENTATION_CONTEXT('2D SPACE',''
  ) );
#6570 = ORIENTED_EDGE('',*,*,#1424,.T.);
#6571 = ORIENTED_EDGE('',*,*,#6509,.F.);
#6572 = ADVANCED_FACE('',(#6573),#1413,.F.);
#6573 = FACE_BOUND('',#6574,.F.);
#6574 = EDGE_LOOP('',(#6575,#6594,#6595,#6596));
#6575 = ORIENTED_EDGE('',*,*,#6576,.F.);
#6576 = EDGE_CURVE('',#6435,#6532,#6577,.T.);
#6577 = SURFACE_CURVE('',#6578,(#6582,#6588),.PCURVE_S1.);
#6578 = LINE('',#6579,#6580);
#6579 = CARTESIAN_POINT('',(4.2,86.6,9.));
#6580 = VECTOR('',#6581,1.);
#6581 = DIRECTION('',(0.,0.,1.));
#6582 = PCURVE('',#1413,#6583);
#6583 = DEFINITIONAL_REPRESENTATION('',(#6584),#6587);
#6584 = B_SPLINE_CURVE_WITH_KNOTS('',1,(#6585,#6586),.UNSPECIFIED.,.F.,
  .F.,(2,2),(0.,15.4),.PIECEWISE_BEZIER_KNOTS.);
#6585 = CARTESIAN_POINT('',(0.,2.3));
#6586 = CARTESIAN_POINT('',(15.4,2.3));
#6587 = ( GEOMETRIC_REPRESENTATION_CONTEXT(2) 
PARAMETRIC_REPRESENTATION_CONTEXT() REPRESENTATION_CONTEXT('2D SPACE',''
  ) );
#6588 = PCURVE('',#6471,#6589);
#6589 = DEFINITIONAL_REPRESENTATION('',(#6590),#6593);
#6590 = B_SPLINE_CURVE_WITH_KNOTS('',1,(#6591,#6592),.UNSPECIFIED.,.F.,
  .F.,(2,2),(0.,15.4),.PIECEWISE_BEZIER_KNOTS.);
#6591 = CARTESIAN_POINT('',(0.,-56.6));
#6592 = CARTESIAN_POINT('',(15.4,-56.6));
#6593 = ( GEOMETRIC_REPRESENTATION_CONTEXT(2) 
PARAMETRIC_REPRESENTATION_CONTEXT() REPRESENTATION_CONTEXT('2D SPACE',''
  ) );
#6594 = ORIENTED_EDGE('',*,*,#6434,.F.);
#6595 = ORIENTED_EDGE('',*,*,#1398,.T.);
#6596 = ORIENTED_EDGE('',*,*,#6552,.F.);
#6597 = ADVANCED_FACE('',(#6598),#1360,.T.);
#6598 = FACE_BOUND('',#6599,.T.);
#6599 = EDGE_LOOP('',(#6600,#6601,#6602,#6603));
#6600 = ORIENTED_EDGE('',*,*,#6412,.F.);
#6601 = ORIENTED_EDGE('',*,*,#1345,.T.);
#6602 = ORIENTED_EDGE('',*,*,#4235,.F.);
#6603 = ORIENTED_EDGE('',*,*,#6604,.F.);
#6604 = EDGE_CURVE('',#6390,#4236,#6605,.T.);
#6605 = SURFACE_CURVE('',#6606,(#6610,#6617),.PCURVE_S1.);
#6606 = LINE('',#6607,#6608);
#6607 = CARTESIAN_POINT('',(6.2,88.4,9.));
#6608 = VECTOR('',#6609,1.);
#6609 = DIRECTION('',(0.,0.,1.));
#6610 = PCURVE('',#1360,#6611);
#6611 = DEFINITIONAL_REPRESENTATION('',(#6612),#6616);
#6612 = LINE('',#6613,#6614);
#6613 = CARTESIAN_POINT('',(0.,4.3));
#6614 = VECTOR('',#6615,1.);
#6615 = DIRECTION('',(1.,0.));
#6616 = ( GEOMETRIC_REPRESENTATION_CONTEXT(2) 
PARAMETRIC_REPRESENTATION_CONTEXT() REPRESENTATION_CONTEXT('2D SPACE',''
  ) );
#6617 = PCURVE('',#4273,#6618);
#6618 = DEFINITIONAL_REPRESENTATION('',(#6619),#6623);
#6619 = LINE('',#6620,#6621);
#6620 = CARTESIAN_POINT('',(0.,-58.8));
#6621 = VECTOR('',#6622,1.);
#6622 = DIRECTION('',(1.,0.));
#6623 = ( GEOMETRIC_REPRESENTATION_CONTEXT(2) 
PARAMETRIC_REPRESENTATION_CONTEXT() REPRESENTATION_CONTEXT('2D SPACE',''
  ) );
#6624 = ADVANCED_FACE('',(#6625),#1566,.T.);
#6625 = FACE_BOUND('',#6626,.T.);
#6626 = EDGE_LOOP('',(#6627,#6650,#6671,#6692));
#6627 = ORIENTED_EDGE('',*,*,#6628,.F.);
#6628 = EDGE_CURVE('',#6629,#1550,#6631,.T.);
#6629 = VERTEX_POINT('',#6630);
#6630 = CARTESIAN_POINT('',(0.,78.5,13.));
#6631 = SURFACE_CURVE('',#6632,(#6636,#6643),.PCURVE_S1.);
#6632 = LINE('',#6633,#6634);
#6633 = CARTESIAN_POINT('',(-1.,78.5,13.));
#6634 = VECTOR('',#6635,1.);
#6635 = DIRECTION('',(1.,0.,-0.));
#6636 = PCURVE('',#1566,#6637);
#6637 = DEFINITIONAL_REPRESENTATION('',(#6638),#6642);
#6638 = LINE('',#6639,#6640);
#6639 = CARTESIAN_POINT('',(0.,2.5));
#6640 = VECTOR('',#6641,1.);
#6641 = DIRECTION('',(1.,0.));
#6642 = ( GEOMETRIC_REPRESENTATION_CONTEXT(2) 
PARAMETRIC_REPRESENTATION_CONTEXT() REPRESENTATION_CONTEXT('2D SPACE',''
  ) );
#6643 = PCURVE('',#1642,#6644);
#6644 = DEFINITIONAL_REPRESENTATION('',(#6645),#6649);
#6645 = LINE('',#6646,#6647);
#6646 = CARTESIAN_POINT('',(0.,0.));
#6647 = VECTOR('',#6648,1.);
#6648 = DIRECTION('',(0.,1.));
#6649 = ( GEOMETRIC_REPRESENTATION_CONTEXT(2) 
PARAMETRIC_REPRESENTATION_CONTEXT() REPRESENTATION_CONTEXT('2D SPACE',''
  ) );
#6650 = ORIENTED_EDGE('',*,*,#6651,.T.);
#6651 = EDGE_CURVE('',#6629,#6652,#6654,.T.);
#6652 = VERTEX_POINT('',#6653);
#6653 = CARTESIAN_POINT('',(0.,76.,13.));
#6654 = SURFACE_CURVE('',#6655,(#6659,#6665),.PCURVE_S1.);
#6655 = LINE('',#6656,#6657);
#6656 = CARTESIAN_POINT('',(0.,90.5,13.));
#6657 = VECTOR('',#6658,1.);
#6658 = DIRECTION('',(0.,-1.,0.));
#6659 = PCURVE('',#1566,#6660);
#6660 = DEFINITIONAL_REPRESENTATION('',(#6661),#6664);
#6661 = B_SPLINE_CURVE_WITH_KNOTS('',1,(#6662,#6663),.UNSPECIFIED.,.F.,
  .F.,(2,2),(12.,14.5),.PIECEWISE_BEZIER_KNOTS.);
#6662 = CARTESIAN_POINT('',(1.,2.5));
#6663 = CARTESIAN_POINT('',(1.,0.));
#6664 = ( GEOMETRIC_REPRESENTATION_CONTEXT(2) 
PARAMETRIC_REPRESENTATION_CONTEXT() REPRESENTATION_CONTEXT('2D SPACE',''
  ) );
#6665 = PCURVE('',#3167,#6666);
#6666 = DEFINITIONAL_REPRESENTATION('',(#6667),#6670);
#6667 = B_SPLINE_CURVE_WITH_KNOTS('',1,(#6668,#6669),.UNSPECIFIED.,.F.,
  .F.,(2,2),(12.,14.5),.PIECEWISE_BEZIER_KNOTS.);
#6668 = CARTESIAN_POINT('',(26.5,-13.));
#6669 = CARTESIAN_POINT('',(29.,-13.));
#6670 = ( GEOMETRIC_REPRESENTATION_CONTEXT(2) 
PARAMETRIC_REPRESENTATION_CONTEXT() REPRESENTATION_CONTEXT('2D SPACE',''
  ) );
#6671 = ORIENTED_EDGE('',*,*,#6672,.T.);
#6672 = EDGE_CURVE('',#6652,#1552,#6673,.T.);
#6673 = SURFACE_CURVE('',#6674,(#6678,#6685),.PCURVE_S1.);
#6674 = LINE('',#6675,#6676);
#6675 = CARTESIAN_POINT('',(-1.,76.,13.));
#6676 = VECTOR('',#6677,1.);
#6677 = DIRECTION('',(1.,0.,-0.));
#6678 = PCURVE('',#1566,#6679);
#6679 = DEFINITIONAL_REPRESENTATION('',(#6680),#6684);
#6680 = LINE('',#6681,#6682);
#6681 = CARTESIAN_POINT('',(0.,0.));
#6682 = VECTOR('',#6683,1.);
#6683 = DIRECTION('',(1.,0.));
#6684 = ( GEOMETRIC_REPRESENTATION_CONTEXT(2) 
PARAMETRIC_REPRESENTATION_CONTEXT() REPRESENTATION_CONTEXT('2D SPACE',''
  ) );
#6685 = PCURVE('',#1592,#6686);
#6686 = DEFINITIONAL_REPRESENTATION('',(#6687),#6691);
#6687 = LINE('',#6688,#6689);
#6688 = CARTESIAN_POINT('',(0.,0.));
#6689 = VECTOR('',#6690,1.);
#6690 = DIRECTION('',(0.,1.));
#6691 = ( GEOMETRIC_REPRESENTATION_CONTEXT(2) 
PARAMETRIC_REPRESENTATION_CONTEXT() REPRESENTATION_CONTEXT('2D SPACE',''
  ) );
#6692 = ORIENTED_EDGE('',*,*,#1549,.F.);
#6693 = ADVANCED_FACE('',(#6694),#1642,.F.);
#6694 = FACE_BOUND('',#6695,.F.);
#6695 = EDGE_LOOP('',(#6696,#6697,#6718,#6739));
#6696 = ORIENTED_EDGE('',*,*,#6628,.F.);
#6697 = ORIENTED_EDGE('',*,*,#6698,.T.);
#6698 = EDGE_CURVE('',#6629,#6699,#6701,.T.);
#6699 = VERTEX_POINT('',#6700);
#6700 = CARTESIAN_POINT('',(0.,78.5,20.4));
#6701 = SURFACE_CURVE('',#6702,(#6706,#6712),.PCURVE_S1.);
#6702 = LINE('',#6703,#6704);
#6703 = CARTESIAN_POINT('',(0.,78.5,6.5));
#6704 = VECTOR('',#6705,1.);
#6705 = DIRECTION('',(0.,0.,1.));
#6706 = PCURVE('',#1642,#6707);
#6707 = DEFINITIONAL_REPRESENTATION('',(#6708),#6711);
#6708 = B_SPLINE_CURVE_WITH_KNOTS('',1,(#6709,#6710),.UNSPECIFIED.,.F.,
  .F.,(2,2),(6.5,13.9),.PIECEWISE_BEZIER_KNOTS.);
#6709 = CARTESIAN_POINT('',(0.,1.));
#6710 = CARTESIAN_POINT('',(7.4,1.));
#6711 = ( GEOMETRIC_REPRESENTATION_CONTEXT(2) 
PARAMETRIC_REPRESENTATION_CONTEXT() REPRESENTATION_CONTEXT('2D SPACE',''
  ) );
#6712 = PCURVE('',#3167,#6713);
#6713 = DEFINITIONAL_REPRESENTATION('',(#6714),#6717);
#6714 = B_SPLINE_CURVE_WITH_KNOTS('',1,(#6715,#6716),.UNSPECIFIED.,.F.,
  .F.,(2,2),(6.5,13.9),.PIECEWISE_BEZIER_KNOTS.);
#6715 = CARTESIAN_POINT('',(26.5,-13.));
#6716 = CARTESIAN_POINT('',(26.5,-20.4));
#6717 = ( GEOMETRIC_REPRESENTATION_CONTEXT(2) 
PARAMETRIC_REPRESENTATION_CONTEXT() REPRESENTATION_CONTEXT('2D SPACE',''
  ) );
#6718 = ORIENTED_EDGE('',*,*,#6719,.T.);
#6719 = EDGE_CURVE('',#6699,#1604,#6720,.T.);
#6720 = SURFACE_CURVE('',#6721,(#6725,#6732),.PCURVE_S1.);
#6721 = LINE('',#6722,#6723);
#6722 = CARTESIAN_POINT('',(-1.,78.5,20.4));
#6723 = VECTOR('',#6724,1.);
#6724 = DIRECTION('',(1.,0.,-0.));
#6725 = PCURVE('',#1642,#6726);
#6726 = DEFINITIONAL_REPRESENTATION('',(#6727),#6731);
#6727 = LINE('',#6728,#6729);
#6728 = CARTESIAN_POINT('',(7.4,0.));
#6729 = VECTOR('',#6730,1.);
#6730 = DIRECTION('',(0.,1.));
#6731 = ( GEOMETRIC_REPRESENTATION_CONTEXT(2) 
PARAMETRIC_REPRESENTATION_CONTEXT() REPRESENTATION_CONTEXT('2D SPACE',''
  ) );
#6732 = PCURVE('',#1618,#6733);
#6733 = DEFINITIONAL_REPRESENTATION('',(#6734),#6738);
#6734 = LINE('',#6735,#6736);
#6735 = CARTESIAN_POINT('',(0.,2.5));
#6736 = VECTOR('',#6737,1.);
#6737 = DIRECTION('',(1.,0.));
#6738 = ( GEOMETRIC_REPRESENTATION_CONTEXT(2) 
PARAMETRIC_REPRESENTATION_CONTEXT() REPRESENTATION_CONTEXT('2D SPACE',''
  ) );
#6739 = ORIENTED_EDGE('',*,*,#1629,.F.);
#6740 = ADVANCED_FACE('',(#6741),#1592,.T.);
#6741 = FACE_BOUND('',#6742,.T.);
#6742 = EDGE_LOOP('',(#6743,#6744,#6765,#6786));
#6743 = ORIENTED_EDGE('',*,*,#6672,.F.);
#6744 = ORIENTED_EDGE('',*,*,#6745,.T.);
#6745 = EDGE_CURVE('',#6652,#6746,#6748,.T.);
#6746 = VERTEX_POINT('',#6747);
#6747 = CARTESIAN_POINT('',(0.,76.,20.4));
#6748 = SURFACE_CURVE('',#6749,(#6753,#6759),.PCURVE_S1.);
#6749 = LINE('',#6750,#6751);
#6750 = CARTESIAN_POINT('',(0.,76.,6.5));
#6751 = VECTOR('',#6752,1.);
#6752 = DIRECTION('',(0.,0.,1.));
#6753 = PCURVE('',#1592,#6754);
#6754 = DEFINITIONAL_REPRESENTATION('',(#6755),#6758);
#6755 = B_SPLINE_CURVE_WITH_KNOTS('',1,(#6756,#6757),.UNSPECIFIED.,.F.,
  .F.,(2,2),(6.5,13.9),.PIECEWISE_BEZIER_KNOTS.);
#6756 = CARTESIAN_POINT('',(0.,1.));
#6757 = CARTESIAN_POINT('',(7.4,1.));
#6758 = ( GEOMETRIC_REPRESENTATION_CONTEXT(2) 
PARAMETRIC_REPRESENTATION_CONTEXT() REPRESENTATION_CONTEXT('2D SPACE',''
  ) );
#6759 = PCURVE('',#3167,#6760);
#6760 = DEFINITIONAL_REPRESENTATION('',(#6761),#6764);
#6761 = B_SPLINE_CURVE_WITH_KNOTS('',1,(#6762,#6763),.UNSPECIFIED.,.F.,
  .F.,(2,2),(6.5,13.9),.PIECEWISE_BEZIER_KNOTS.);
#6762 = CARTESIAN_POINT('',(29.,-13.));
#6763 = CARTESIAN_POINT('',(29.,-20.4));
#6764 = ( GEOMETRIC_REPRESENTATION_CONTEXT(2) 
PARAMETRIC_REPRESENTATION_CONTEXT() REPRESENTATION_CONTEXT('2D SPACE',''
  ) );
#6765 = ORIENTED_EDGE('',*,*,#6766,.T.);
#6766 = EDGE_CURVE('',#6746,#1578,#6767,.T.);
#6767 = SURFACE_CURVE('',#6768,(#6772,#6779),.PCURVE_S1.);
#6768 = LINE('',#6769,#6770);
#6769 = CARTESIAN_POINT('',(-1.,76.,20.4));
#6770 = VECTOR('',#6771,1.);
#6771 = DIRECTION('',(1.,0.,-0.));
#6772 = PCURVE('',#1592,#6773);
#6773 = DEFINITIONAL_REPRESENTATION('',(#6774),#6778);
#6774 = LINE('',#6775,#6776);
#6775 = CARTESIAN_POINT('',(7.4,0.));
#6776 = VECTOR('',#6777,1.);
#6777 = DIRECTION('',(0.,1.));
#6778 = ( GEOMETRIC_REPRESENTATION_CONTEXT(2) 
PARAMETRIC_REPRESENTATION_CONTEXT() REPRESENTATION_CONTEXT('2D SPACE',''
  ) );
#6779 = PCURVE('',#1618,#6780);
#6780 = DEFINITIONAL_REPRESENTATION('',(#6781),#6785);
#6781 = LINE('',#6782,#6783);
#6782 = CARTESIAN_POINT('',(0.,0.));
#6783 = VECTOR('',#6784,1.);
#6784 = DIRECTION('',(1.,0.));
#6785 = ( GEOMETRIC_REPRESENTATION_CONTEXT(2) 
PARAMETRIC_REPRESENTATION_CONTEXT() REPRESENTATION_CONTEXT('2D SPACE',''
  ) );
#6786 = ORIENTED_EDGE('',*,*,#1577,.F.);
#6787 = ADVANCED_FACE('',(#6788),#1618,.F.);
#6788 = FACE_BOUND('',#6789,.F.);
#6789 = EDGE_LOOP('',(#6790,#6791,#6810,#6811));
#6790 = ORIENTED_EDGE('',*,*,#6719,.F.);
#6791 = ORIENTED_EDGE('',*,*,#6792,.T.);
#6792 = EDGE_CURVE('',#6699,#6746,#6793,.T.);
#6793 = SURFACE_CURVE('',#6794,(#6798,#6804),.PCURVE_S1.);
#6794 = LINE('',#6795,#6796);
#6795 = CARTESIAN_POINT('',(0.,90.5,20.4));
#6796 = VECTOR('',#6797,1.);
#6797 = DIRECTION('',(0.,-1.,0.));
#6798 = PCURVE('',#1618,#6799);
#6799 = DEFINITIONAL_REPRESENTATION('',(#6800),#6803);
#6800 = B_SPLINE_CURVE_WITH_KNOTS('',1,(#6801,#6802),.UNSPECIFIED.,.F.,
  .F.,(2,2),(12.,14.5),.PIECEWISE_BEZIER_KNOTS.);
#6801 = CARTESIAN_POINT('',(1.,2.5));
#6802 = CARTESIAN_POINT('',(1.,0.));
#6803 = ( GEOMETRIC_REPRESENTATION_CONTEXT(2) 
PARAMETRIC_REPRESENTATION_CONTEXT() REPRESENTATION_CONTEXT('2D SPACE',''
  ) );
#6804 = PCURVE('',#3167,#6805);
#6805 = DEFINITIONAL_REPRESENTATION('',(#6806),#6809);
#6806 = B_SPLINE_CURVE_WITH_KNOTS('',1,(#6807,#6808),.UNSPECIFIED.,.F.,
  .F.,(2,2),(12.,14.5),.PIECEWISE_BEZIER_KNOTS.);
#6807 = CARTESIAN_POINT('',(26.5,-20.4));
#6808 = CARTESIAN_POINT('',(29.,-20.4));
#6809 = ( GEOMETRIC_REPRESENTATION_CONTEXT(2) 
PARAMETRIC_REPRESENTATION_CONTEXT() REPRESENTATION_CONTEXT('2D SPACE',''
  ) );
#6810 = ORIENTED_EDGE('',*,*,#6766,.T.);
#6811 = ORIENTED_EDGE('',*,*,#1603,.F.);
#6812 = ADVANCED_FACE('',(#6813),#1672,.T.);
#6813 = FACE_BOUND('',#6814,.T.);
#6814 = EDGE_LOOP('',(#6815,#6838,#6859,#6880));
#6815 = ORIENTED_EDGE('',*,*,#6816,.F.);
#6816 = EDGE_CURVE('',#6817,#1656,#6819,.T.);
#6817 = VERTEX_POINT('',#6818);
#6818 = CARTESIAN_POINT('',(0.,72.5,13.));
#6819 = SURFACE_CURVE('',#6820,(#6824,#6831),.PCURVE_S1.);
#6820 = LINE('',#6821,#6822);
#6821 = CARTESIAN_POINT('',(-1.,72.5,13.));
#6822 = VECTOR('',#6823,1.);
#6823 = DIRECTION('',(1.,0.,-0.));
#6824 = PCURVE('',#1672,#6825);
#6825 = DEFINITIONAL_REPRESENTATION('',(#6826),#6830);
#6826 = LINE('',#6827,#6828);
#6827 = CARTESIAN_POINT('',(0.,2.5));
#6828 = VECTOR('',#6829,1.);
#6829 = DIRECTION('',(1.,0.));
#6830 = ( GEOMETRIC_REPRESENTATION_CONTEXT(2) 
PARAMETRIC_REPRESENTATION_CONTEXT() REPRESENTATION_CONTEXT('2D SPACE',''
  ) );
#6831 = PCURVE('',#1748,#6832);
#6832 = DEFINITIONAL_REPRESENTATION('',(#6833),#6837);
#6833 = LINE('',#6834,#6835);
#6834 = CARTESIAN_POINT('',(0.,0.));
#6835 = VECTOR('',#6836,1.);
#6836 = DIRECTION('',(0.,1.));
#6837 = ( GEOMETRIC_REPRESENTATION_CONTEXT(2) 
PARAMETRIC_REPRESENTATION_CONTEXT() REPRESENTATION_CONTEXT('2D SPACE',''
  ) );
#6838 = ORIENTED_EDGE('',*,*,#6839,.T.);
#6839 = EDGE_CURVE('',#6817,#6840,#6842,.T.);
#6840 = VERTEX_POINT('',#6841);
#6841 = CARTESIAN_POINT('',(0.,70.,13.));
#6842 = SURFACE_CURVE('',#6843,(#6847,#6853),.PCURVE_S1.);
#6843 = LINE('',#6844,#6845);
#6844 = CARTESIAN_POINT('',(0.,87.5,13.));
#6845 = VECTOR('',#6846,1.);
#6846 = DIRECTION('',(0.,-1.,0.));
#6847 = PCURVE('',#1672,#6848);
#6848 = DEFINITIONAL_REPRESENTATION('',(#6849),#6852);
#6849 = B_SPLINE_CURVE_WITH_KNOTS('',1,(#6850,#6851),.UNSPECIFIED.,.F.,
  .F.,(2,2),(15.,17.5),.PIECEWISE_BEZIER_KNOTS.);
#6850 = CARTESIAN_POINT('',(1.,2.5));
#6851 = CARTESIAN_POINT('',(1.,0.));
#6852 = ( GEOMETRIC_REPRESENTATION_CONTEXT(2) 
PARAMETRIC_REPRESENTATION_CONTEXT() REPRESENTATION_CONTEXT('2D SPACE',''
  ) );
#6853 = PCURVE('',#3167,#6854);
#6854 = DEFINITIONAL_REPRESENTATION('',(#6855),#6858);
#6855 = B_SPLINE_CURVE_WITH_KNOTS('',1,(#6856,#6857),.UNSPECIFIED.,.F.,
  .F.,(2,2),(15.,17.5),.PIECEWISE_BEZIER_KNOTS.);
#6856 = CARTESIAN_POINT('',(32.5,-13.));
#6857 = CARTESIAN_POINT('',(35.,-13.));
#6858 = ( GEOMETRIC_REPRESENTATION_CONTEXT(2) 
PARAMETRIC_REPRESENTATION_CONTEXT() REPRESENTATION_CONTEXT('2D SPACE',''
  ) );
#6859 = ORIENTED_EDGE('',*,*,#6860,.T.);
#6860 = EDGE_CURVE('',#6840,#1658,#6861,.T.);
#6861 = SURFACE_CURVE('',#6862,(#6866,#6873),.PCURVE_S1.);
#6862 = LINE('',#6863,#6864);
#6863 = CARTESIAN_POINT('',(-1.,70.,13.));
#6864 = VECTOR('',#6865,1.);
#6865 = DIRECTION('',(1.,0.,-0.));
#6866 = PCURVE('',#1672,#6867);
#6867 = DEFINITIONAL_REPRESENTATION('',(#6868),#6872);
#6868 = LINE('',#6869,#6870);
#6869 = CARTESIAN_POINT('',(0.,0.));
#6870 = VECTOR('',#6871,1.);
#6871 = DIRECTION('',(1.,0.));
#6872 = ( GEOMETRIC_REPRESENTATION_CONTEXT(2) 
PARAMETRIC_REPRESENTATION_CONTEXT() REPRESENTATION_CONTEXT('2D SPACE',''
  ) );
#6873 = PCURVE('',#1698,#6874);
#6874 = DEFINITIONAL_REPRESENTATION('',(#6875),#6879);
#6875 = LINE('',#6876,#6877);
#6876 = CARTESIAN_POINT('',(0.,0.));
#6877 = VECTOR('',#6878,1.);
#6878 = DIRECTION('',(0.,1.));
#6879 = ( GEOMETRIC_REPRESENTATION_CONTEXT(2) 
PARAMETRIC_REPRESENTATION_CONTEXT() REPRESENTATION_CONTEXT('2D SPACE',''
  ) );
#6880 = ORIENTED_EDGE('',*,*,#1655,.F.);
#6881 = ADVANCED_FACE('',(#6882),#1748,.F.);
#6882 = FACE_BOUND('',#6883,.F.);
#6883 = EDGE_LOOP('',(#6884,#6885,#6906,#6927));
#6884 = ORIENTED_EDGE('',*,*,#6816,.F.);
#6885 = ORIENTED_EDGE('',*,*,#6886,.T.);
#6886 = EDGE_CURVE('',#6817,#6887,#6889,.T.);
#6887 = VERTEX_POINT('',#6888);
#6888 = CARTESIAN_POINT('',(0.,72.5,20.4));
#6889 = SURFACE_CURVE('',#6890,(#6894,#6900),.PCURVE_S1.);
#6890 = LINE('',#6891,#6892);
#6891 = CARTESIAN_POINT('',(0.,72.5,6.5));
#6892 = VECTOR('',#6893,1.);
#6893 = DIRECTION('',(0.,0.,1.));
#6894 = PCURVE('',#1748,#6895);
#6895 = DEFINITIONAL_REPRESENTATION('',(#6896),#6899);
#6896 = B_SPLINE_CURVE_WITH_KNOTS('',1,(#6897,#6898),.UNSPECIFIED.,.F.,
  .F.,(2,2),(6.5,13.9),.PIECEWISE_BEZIER_KNOTS.);
#6897 = CARTESIAN_POINT('',(0.,1.));
#6898 = CARTESIAN_POINT('',(7.4,1.));
#6899 = ( GEOMETRIC_REPRESENTATION_CONTEXT(2) 
PARAMETRIC_REPRESENTATION_CONTEXT() REPRESENTATION_CONTEXT('2D SPACE',''
  ) );
#6900 = PCURVE('',#3167,#6901);
#6901 = DEFINITIONAL_REPRESENTATION('',(#6902),#6905);
#6902 = B_SPLINE_CURVE_WITH_KNOTS('',1,(#6903,#6904),.UNSPECIFIED.,.F.,
  .F.,(2,2),(6.5,13.9),.PIECEWISE_BEZIER_KNOTS.);
#6903 = CARTESIAN_POINT('',(32.5,-13.));
#6904 = CARTESIAN_POINT('',(32.5,-20.4));
#6905 = ( GEOMETRIC_REPRESENTATION_CONTEXT(2) 
PARAMETRIC_REPRESENTATION_CONTEXT() REPRESENTATION_CONTEXT('2D SPACE',''
  ) );
#6906 = ORIENTED_EDGE('',*,*,#6907,.T.);
#6907 = EDGE_CURVE('',#6887,#1710,#6908,.T.);
#6908 = SURFACE_CURVE('',#6909,(#6913,#6920),.PCURVE_S1.);
#6909 = LINE('',#6910,#6911);
#6910 = CARTESIAN_POINT('',(-1.,72.5,20.4));
#6911 = VECTOR('',#6912,1.);
#6912 = DIRECTION('',(1.,0.,-0.));
#6913 = PCURVE('',#1748,#6914);
#6914 = DEFINITIONAL_REPRESENTATION('',(#6915),#6919);
#6915 = LINE('',#6916,#6917);
#6916 = CARTESIAN_POINT('',(7.4,0.));
#6917 = VECTOR('',#6918,1.);
#6918 = DIRECTION('',(0.,1.));
#6919 = ( GEOMETRIC_REPRESENTATION_CONTEXT(2) 
PARAMETRIC_REPRESENTATION_CONTEXT() REPRESENTATION_CONTEXT('2D SPACE',''
  ) );
#6920 = PCURVE('',#1724,#6921);
#6921 = DEFINITIONAL_REPRESENTATION('',(#6922),#6926);
#6922 = LINE('',#6923,#6924);
#6923 = CARTESIAN_POINT('',(0.,2.5));
#6924 = VECTOR('',#6925,1.);
#6925 = DIRECTION('',(1.,0.));
#6926 = ( GEOMETRIC_REPRESENTATION_CONTEXT(2) 
PARAMETRIC_REPRESENTATION_CONTEXT() REPRESENTATION_CONTEXT('2D SPACE',''
  ) );
#6927 = ORIENTED_EDGE('',*,*,#1735,.F.);
#6928 = ADVANCED_FACE('',(#6929),#1698,.T.);
#6929 = FACE_BOUND('',#6930,.T.);
#6930 = EDGE_LOOP('',(#6931,#6932,#6953,#6974));
#6931 = ORIENTED_EDGE('',*,*,#6860,.F.);
#6932 = ORIENTED_EDGE('',*,*,#6933,.T.);
#6933 = EDGE_CURVE('',#6840,#6934,#6936,.T.);
#6934 = VERTEX_POINT('',#6935);
#6935 = CARTESIAN_POINT('',(0.,70.,20.4));
#6936 = SURFACE_CURVE('',#6937,(#6941,#6947),.PCURVE_S1.);
#6937 = LINE('',#6938,#6939);
#6938 = CARTESIAN_POINT('',(0.,70.,6.5));
#6939 = VECTOR('',#6940,1.);
#6940 = DIRECTION('',(0.,0.,1.));
#6941 = PCURVE('',#1698,#6942);
#6942 = DEFINITIONAL_REPRESENTATION('',(#6943),#6946);
#6943 = B_SPLINE_CURVE_WITH_KNOTS('',1,(#6944,#6945),.UNSPECIFIED.,.F.,
  .F.,(2,2),(6.5,13.9),.PIECEWISE_BEZIER_KNOTS.);
#6944 = CARTESIAN_POINT('',(0.,1.));
#6945 = CARTESIAN_POINT('',(7.4,1.));
#6946 = ( GEOMETRIC_REPRESENTATION_CONTEXT(2) 
PARAMETRIC_REPRESENTATION_CONTEXT() REPRESENTATION_CONTEXT('2D SPACE',''
  ) );
#6947 = PCURVE('',#3167,#6948);
#6948 = DEFINITIONAL_REPRESENTATION('',(#6949),#6952);
#6949 = B_SPLINE_CURVE_WITH_KNOTS('',1,(#6950,#6951),.UNSPECIFIED.,.F.,
  .F.,(2,2),(6.5,13.9),.PIECEWISE_BEZIER_KNOTS.);
#6950 = CARTESIAN_POINT('',(35.,-13.));
#6951 = CARTESIAN_POINT('',(35.,-20.4));
#6952 = ( GEOMETRIC_REPRESENTATION_CONTEXT(2) 
PARAMETRIC_REPRESENTATION_CONTEXT() REPRESENTATION_CONTEXT('2D SPACE',''
  ) );
#6953 = ORIENTED_EDGE('',*,*,#6954,.T.);
#6954 = EDGE_CURVE('',#6934,#1684,#6955,.T.);
#6955 = SURFACE_CURVE('',#6956,(#6960,#6967),.PCURVE_S1.);
#6956 = LINE('',#6957,#6958);
#6957 = CARTESIAN_POINT('',(-1.,70.,20.4));
#6958 = VECTOR('',#6959,1.);
#6959 = DIRECTION('',(1.,0.,-0.));
#6960 = PCURVE('',#1698,#6961);
#6961 = DEFINITIONAL_REPRESENTATION('',(#6962),#6966);
#6962 = LINE('',#6963,#6964);
#6963 = CARTESIAN_POINT('',(7.4,0.));
#6964 = VECTOR('',#6965,1.);
#6965 = DIRECTION('',(0.,1.));
#6966 = ( GEOMETRIC_REPRESENTATION_CONTEXT(2) 
PARAMETRIC_REPRESENTATION_CONTEXT() REPRESENTATION_CONTEXT('2D SPACE',''
  ) );
#6967 = PCURVE('',#1724,#6968);
#6968 = DEFINITIONAL_REPRESENTATION('',(#6969),#6973);
#6969 = LINE('',#6970,#6971);
#6970 = CARTESIAN_POINT('',(0.,0.));
#6971 = VECTOR('',#6972,1.);
#6972 = DIRECTION('',(1.,0.));
#6973 = ( GEOMETRIC_REPRESENTATION_CONTEXT(2) 
PARAMETRIC_REPRESENTATION_CONTEXT() REPRESENTATION_CONTEXT('2D SPACE',''
  ) );
#6974 = ORIENTED_EDGE('',*,*,#1683,.F.);
#6975 = ADVANCED_FACE('',(#6976),#1724,.F.);
#6976 = FACE_BOUND('',#6977,.F.);
#6977 = EDGE_LOOP('',(#6978,#6979,#6998,#6999));
#6978 = ORIENTED_EDGE('',*,*,#6907,.F.);
#6979 = ORIENTED_EDGE('',*,*,#6980,.T.);
#6980 = EDGE_CURVE('',#6887,#6934,#6981,.T.);
#6981 = SURFACE_CURVE('',#6982,(#6986,#6992),.PCURVE_S1.);
#6982 = LINE('',#6983,#6984);
#6983 = CARTESIAN_POINT('',(0.,87.5,20.4));
#6984 = VECTOR('',#6985,1.);
#6985 = DIRECTION('',(0.,-1.,0.));
#6986 = PCURVE('',#1724,#6987);
#6987 = DEFINITIONAL_REPRESENTATION('',(#6988),#6991);
#6988 = B_SPLINE_CURVE_WITH_KNOTS('',1,(#6989,#6990),.UNSPECIFIED.,.F.,
  .F.,(2,2),(15.,17.5),.PIECEWISE_BEZIER_KNOTS.);
#6989 = CARTESIAN_POINT('',(1.,2.5));
#6990 = CARTESIAN_POINT('',(1.,0.));
#6991 = ( GEOMETRIC_REPRESENTATION_CONTEXT(2) 
PARAMETRIC_REPRESENTATION_CONTEXT() REPRESENTATION_CONTEXT('2D SPACE',''
  ) );
#6992 = PCURVE('',#3167,#6993);
#6993 = DEFINITIONAL_REPRESENTATION('',(#6994),#6997);
#6994 = B_SPLINE_CURVE_WITH_KNOTS('',1,(#6995,#6996),.UNSPECIFIED.,.F.,
  .F.,(2,2),(15.,17.5),.PIECEWISE_BEZIER_KNOTS.);
#6995 = CARTESIAN_POINT('',(32.5,-20.4));
#6996 = CARTESIAN_POINT('',(35.,-20.4));
#6997 = ( GEOMETRIC_REPRESENTATION_CONTEXT(2) 
PARAMETRIC_REPRESENTATION_CONTEXT() REPRESENTATION_CONTEXT('2D SPACE',''
  ) );
#6998 = ORIENTED_EDGE('',*,*,#6954,.T.);
#6999 = ORIENTED_EDGE('',*,*,#1709,.F.);
#7000 = ADVANCED_FACE('',(#7001),#1778,.T.);
#7001 = FACE_BOUND('',#7002,.T.);
#7002 = EDGE_LOOP('',(#7003,#7026,#7047,#7068));
#7003 = ORIENTED_EDGE('',*,*,#7004,.F.);
#7004 = EDGE_CURVE('',#7005,#1762,#7007,.T.);
#7005 = VERTEX_POINT('',#7006);
#7006 = CARTESIAN_POINT('',(0.,66.5,13.));
#7007 = SURFACE_CURVE('',#7008,(#7012,#7019),.PCURVE_S1.);
#7008 = LINE('',#7009,#7010);
#7009 = CARTESIAN_POINT('',(-1.,66.5,13.));
#7010 = VECTOR('',#7011,1.);
#7011 = DIRECTION('',(1.,0.,-0.));
#7012 = PCURVE('',#1778,#7013);
#7013 = DEFINITIONAL_REPRESENTATION('',(#7014),#7018);
#7014 = LINE('',#7015,#7016);
#7015 = CARTESIAN_POINT('',(0.,2.5));
#7016 = VECTOR('',#7017,1.);
#7017 = DIRECTION('',(1.,0.));
#7018 = ( GEOMETRIC_REPRESENTATION_CONTEXT(2) 
PARAMETRIC_REPRESENTATION_CONTEXT() REPRESENTATION_CONTEXT('2D SPACE',''
  ) );
#7019 = PCURVE('',#1854,#7020);
#7020 = DEFINITIONAL_REPRESENTATION('',(#7021),#7025);
#7021 = LINE('',#7022,#7023);
#7022 = CARTESIAN_POINT('',(0.,0.));
#7023 = VECTOR('',#7024,1.);
#7024 = DIRECTION('',(0.,1.));
#7025 = ( GEOMETRIC_REPRESENTATION_CONTEXT(2) 
PARAMETRIC_REPRESENTATION_CONTEXT() REPRESENTATION_CONTEXT('2D SPACE',''
  ) );
#7026 = ORIENTED_EDGE('',*,*,#7027,.T.);
#7027 = EDGE_CURVE('',#7005,#7028,#7030,.T.);
#7028 = VERTEX_POINT('',#7029);
#7029 = CARTESIAN_POINT('',(0.,64.,13.));
#7030 = SURFACE_CURVE('',#7031,(#7035,#7041),.PCURVE_S1.);
#7031 = LINE('',#7032,#7033);
#7032 = CARTESIAN_POINT('',(0.,84.5,13.));
#7033 = VECTOR('',#7034,1.);
#7034 = DIRECTION('',(0.,-1.,0.));
#7035 = PCURVE('',#1778,#7036);
#7036 = DEFINITIONAL_REPRESENTATION('',(#7037),#7040);
#7037 = B_SPLINE_CURVE_WITH_KNOTS('',1,(#7038,#7039),.UNSPECIFIED.,.F.,
  .F.,(2,2),(18.,20.5),.PIECEWISE_BEZIER_KNOTS.);
#7038 = CARTESIAN_POINT('',(1.,2.5));
#7039 = CARTESIAN_POINT('',(1.,0.));
#7040 = ( GEOMETRIC_REPRESENTATION_CONTEXT(2) 
PARAMETRIC_REPRESENTATION_CONTEXT() REPRESENTATION_CONTEXT('2D SPACE',''
  ) );
#7041 = PCURVE('',#3167,#7042);
#7042 = DEFINITIONAL_REPRESENTATION('',(#7043),#7046);
#7043 = B_SPLINE_CURVE_WITH_KNOTS('',1,(#7044,#7045),.UNSPECIFIED.,.F.,
  .F.,(2,2),(18.,20.5),.PIECEWISE_BEZIER_KNOTS.);
#7044 = CARTESIAN_POINT('',(38.5,-13.));
#7045 = CARTESIAN_POINT('',(41.,-13.));
#7046 = ( GEOMETRIC_REPRESENTATION_CONTEXT(2) 
PARAMETRIC_REPRESENTATION_CONTEXT() REPRESENTATION_CONTEXT('2D SPACE',''
  ) );
#7047 = ORIENTED_EDGE('',*,*,#7048,.T.);
#7048 = EDGE_CURVE('',#7028,#1764,#7049,.T.);
#7049 = SURFACE_CURVE('',#7050,(#7054,#7061),.PCURVE_S1.);
#7050 = LINE('',#7051,#7052);
#7051 = CARTESIAN_POINT('',(-1.,64.,13.));
#7052 = VECTOR('',#7053,1.);
#7053 = DIRECTION('',(1.,0.,-0.));
#7054 = PCURVE('',#1778,#7055);
#7055 = DEFINITIONAL_REPRESENTATION('',(#7056),#7060);
#7056 = LINE('',#7057,#7058);
#7057 = CARTESIAN_POINT('',(0.,0.));
#7058 = VECTOR('',#7059,1.);
#7059 = DIRECTION('',(1.,0.));
#7060 = ( GEOMETRIC_REPRESENTATION_CONTEXT(2) 
PARAMETRIC_REPRESENTATION_CONTEXT() REPRESENTATION_CONTEXT('2D SPACE',''
  ) );
#7061 = PCURVE('',#1804,#7062);
#7062 = DEFINITIONAL_REPRESENTATION('',(#7063),#7067);
#7063 = LINE('',#7064,#7065);
#7064 = CARTESIAN_POINT('',(0.,0.));
#7065 = VECTOR('',#7066,1.);
#7066 = DIRECTION('',(0.,1.));
#7067 = ( GEOMETRIC_REPRESENTATION_CONTEXT(2) 
PARAMETRIC_REPRESENTATION_CONTEXT() REPRESENTATION_CONTEXT('2D SPACE',''
  ) );
#7068 = ORIENTED_EDGE('',*,*,#1761,.F.);
#7069 = ADVANCED_FACE('',(#7070),#1854,.F.);
#7070 = FACE_BOUND('',#7071,.F.);
#7071 = EDGE_LOOP('',(#7072,#7073,#7094,#7115));
#7072 = ORIENTED_EDGE('',*,*,#7004,.F.);
#7073 = ORIENTED_EDGE('',*,*,#7074,.T.);
#7074 = EDGE_CURVE('',#7005,#7075,#7077,.T.);
#7075 = VERTEX_POINT('',#7076);
#7076 = CARTESIAN_POINT('',(0.,66.5,20.4));
#7077 = SURFACE_CURVE('',#7078,(#7082,#7088),.PCURVE_S1.);
#7078 = LINE('',#7079,#7080);
#7079 = CARTESIAN_POINT('',(0.,66.5,6.5));
#7080 = VECTOR('',#7081,1.);
#7081 = DIRECTION('',(0.,0.,1.));
#7082 = PCURVE('',#1854,#7083);
#7083 = DEFINITIONAL_REPRESENTATION('',(#7084),#7087);
#7084 = B_SPLINE_CURVE_WITH_KNOTS('',1,(#7085,#7086),.UNSPECIFIED.,.F.,
  .F.,(2,2),(6.5,13.9),.PIECEWISE_BEZIER_KNOTS.);
#7085 = CARTESIAN_POINT('',(0.,1.));
#7086 = CARTESIAN_POINT('',(7.4,1.));
#7087 = ( GEOMETRIC_REPRESENTATION_CONTEXT(2) 
PARAMETRIC_REPRESENTATION_CONTEXT() REPRESENTATION_CONTEXT('2D SPACE',''
  ) );
#7088 = PCURVE('',#3167,#7089);
#7089 = DEFINITIONAL_REPRESENTATION('',(#7090),#7093);
#7090 = B_SPLINE_CURVE_WITH_KNOTS('',1,(#7091,#7092),.UNSPECIFIED.,.F.,
  .F.,(2,2),(6.5,13.9),.PIECEWISE_BEZIER_KNOTS.);
#7091 = CARTESIAN_POINT('',(38.5,-13.));
#7092 = CARTESIAN_POINT('',(38.5,-20.4));
#7093 = ( GEOMETRIC_REPRESENTATION_CONTEXT(2) 
PARAMETRIC_REPRESENTATION_CONTEXT() REPRESENTATION_CONTEXT('2D SPACE',''
  ) );
#7094 = ORIENTED_EDGE('',*,*,#7095,.T.);
#7095 = EDGE_CURVE('',#7075,#1816,#7096,.T.);
#7096 = SURFACE_CURVE('',#7097,(#7101,#7108),.PCURVE_S1.);
#7097 = LINE('',#7098,#7099);
#7098 = CARTESIAN_POINT('',(-1.,66.5,20.4));
#7099 = VECTOR('',#7100,1.);
#7100 = DIRECTION('',(1.,0.,-0.));
#7101 = PCURVE('',#1854,#7102);
#7102 = DEFINITIONAL_REPRESENTATION('',(#7103),#7107);
#7103 = LINE('',#7104,#7105);
#7104 = CARTESIAN_POINT('',(7.4,0.));
#7105 = VECTOR('',#7106,1.);
#7106 = DIRECTION('',(0.,1.));
#7107 = ( GEOMETRIC_REPRESENTATION_CONTEXT(2) 
PARAMETRIC_REPRESENTATION_CONTEXT() REPRESENTATION_CONTEXT('2D SPACE',''
  ) );
#7108 = PCURVE('',#1830,#7109);
#7109 = DEFINITIONAL_REPRESENTATION('',(#7110),#7114);
#7110 = LINE('',#7111,#7112);
#7111 = CARTESIAN_POINT('',(0.,2.5));
#7112 = VECTOR('',#7113,1.);
#7113 = DIRECTION('',(1.,0.));
#7114 = ( GEOMETRIC_REPRESENTATION_CONTEXT(2) 
PARAMETRIC_REPRESENTATION_CONTEXT() REPRESENTATION_CONTEXT('2D SPACE',''
  ) );
#7115 = ORIENTED_EDGE('',*,*,#1841,.F.);
#7116 = ADVANCED_FACE('',(#7117),#1804,.T.);
#7117 = FACE_BOUND('',#7118,.T.);
#7118 = EDGE_LOOP('',(#7119,#7120,#7141,#7162));
#7119 = ORIENTED_EDGE('',*,*,#7048,.F.);
#7120 = ORIENTED_EDGE('',*,*,#7121,.T.);
#7121 = EDGE_CURVE('',#7028,#7122,#7124,.T.);
#7122 = VERTEX_POINT('',#7123);
#7123 = CARTESIAN_POINT('',(0.,64.,20.4));
#7124 = SURFACE_CURVE('',#7125,(#7129,#7135),.PCURVE_S1.);
#7125 = LINE('',#7126,#7127);
#7126 = CARTESIAN_POINT('',(0.,64.,6.5));
#7127 = VECTOR('',#7128,1.);
#7128 = DIRECTION('',(0.,0.,1.));
#7129 = PCURVE('',#1804,#7130);
#7130 = DEFINITIONAL_REPRESENTATION('',(#7131),#7134);
#7131 = B_SPLINE_CURVE_WITH_KNOTS('',1,(#7132,#7133),.UNSPECIFIED.,.F.,
  .F.,(2,2),(6.5,13.9),.PIECEWISE_BEZIER_KNOTS.);
#7132 = CARTESIAN_POINT('',(0.,1.));
#7133 = CARTESIAN_POINT('',(7.4,1.));
#7134 = ( GEOMETRIC_REPRESENTATION_CONTEXT(2) 
PARAMETRIC_REPRESENTATION_CONTEXT() REPRESENTATION_CONTEXT('2D SPACE',''
  ) );
#7135 = PCURVE('',#3167,#7136);
#7136 = DEFINITIONAL_REPRESENTATION('',(#7137),#7140);
#7137 = B_SPLINE_CURVE_WITH_KNOTS('',1,(#7138,#7139),.UNSPECIFIED.,.F.,
  .F.,(2,2),(6.5,13.9),.PIECEWISE_BEZIER_KNOTS.);
#7138 = CARTESIAN_POINT('',(41.,-13.));
#7139 = CARTESIAN_POINT('',(41.,-20.4));
#7140 = ( GEOMETRIC_REPRESENTATION_CONTEXT(2) 
PARAMETRIC_REPRESENTATION_CONTEXT() REPRESENTATION_CONTEXT('2D SPACE',''
  ) );
#7141 = ORIENTED_EDGE('',*,*,#7142,.T.);
#7142 = EDGE_CURVE('',#7122,#1790,#7143,.T.);
#7143 = SURFACE_CURVE('',#7144,(#7148,#7155),.PCURVE_S1.);
#7144 = LINE('',#7145,#7146);
#7145 = CARTESIAN_POINT('',(-1.,64.,20.4));
#7146 = VECTOR('',#7147,1.);
#7147 = DIRECTION('',(1.,0.,-0.));
#7148 = PCURVE('',#1804,#7149);
#7149 = DEFINITIONAL_REPRESENTATION('',(#7150),#7154);
#7150 = LINE('',#7151,#7152);
#7151 = CARTESIAN_POINT('',(7.4,0.));
#7152 = VECTOR('',#7153,1.);
#7153 = DIRECTION('',(0.,1.));
#7154 = ( GEOMETRIC_REPRESENTATION_CONTEXT(2) 
PARAMETRIC_REPRESENTATION_CONTEXT() REPRESENTATION_CONTEXT('2D SPACE',''
  ) );
#7155 = PCURVE('',#1830,#7156);
#7156 = DEFINITIONAL_REPRESENTATION('',(#7157),#7161);
#7157 = LINE('',#7158,#7159);
#7158 = CARTESIAN_POINT('',(0.,0.));
#7159 = VECTOR('',#7160,1.);
#7160 = DIRECTION('',(1.,0.));
#7161 = ( GEOMETRIC_REPRESENTATION_CONTEXT(2) 
PARAMETRIC_REPRESENTATION_CONTEXT() REPRESENTATION_CONTEXT('2D SPACE',''
  ) );
#7162 = ORIENTED_EDGE('',*,*,#1789,.F.);
#7163 = ADVANCED_FACE('',(#7164),#1830,.F.);
#7164 = FACE_BOUND('',#7165,.F.);
#7165 = EDGE_LOOP('',(#7166,#7167,#7186,#7187));
#7166 = ORIENTED_EDGE('',*,*,#7095,.F.);
#7167 = ORIENTED_EDGE('',*,*,#7168,.T.);
#7168 = EDGE_CURVE('',#7075,#7122,#7169,.T.);
#7169 = SURFACE_CURVE('',#7170,(#7174,#7180),.PCURVE_S1.);
#7170 = LINE('',#7171,#7172);
#7171 = CARTESIAN_POINT('',(0.,84.5,20.4));
#7172 = VECTOR('',#7173,1.);
#7173 = DIRECTION('',(0.,-1.,0.));
#7174 = PCURVE('',#1830,#7175);
#7175 = DEFINITIONAL_REPRESENTATION('',(#7176),#7179);
#7176 = B_SPLINE_CURVE_WITH_KNOTS('',1,(#7177,#7178),.UNSPECIFIED.,.F.,
  .F.,(2,2),(18.,20.5),.PIECEWISE_BEZIER_KNOTS.);
#7177 = CARTESIAN_POINT('',(1.,2.5));
#7178 = CARTESIAN_POINT('',(1.,0.));
#7179 = ( GEOMETRIC_REPRESENTATION_CONTEXT(2) 
PARAMETRIC_REPRESENTATION_CONTEXT() REPRESENTATION_CONTEXT('2D SPACE',''
  ) );
#7180 = PCURVE('',#3167,#7181);
#7181 = DEFINITIONAL_REPRESENTATION('',(#7182),#7185);
#7182 = B_SPLINE_CURVE_WITH_KNOTS('',1,(#7183,#7184),.UNSPECIFIED.,.F.,
  .F.,(2,2),(18.,20.5),.PIECEWISE_BEZIER_KNOTS.);
#7183 = CARTESIAN_POINT('',(38.5,-20.4));
#7184 = CARTESIAN_POINT('',(41.,-20.4));
#7185 = ( GEOMETRIC_REPRESENTATION_CONTEXT(2) 
PARAMETRIC_REPRESENTATION_CONTEXT() REPRESENTATION_CONTEXT('2D SPACE',''
  ) );
#7186 = ORIENTED_EDGE('',*,*,#7142,.T.);
#7187 = ORIENTED_EDGE('',*,*,#1815,.F.);
#7188 = ADVANCED_FACE('',(#7189),#1884,.T.);
#7189 = FACE_BOUND('',#7190,.T.);
#7190 = EDGE_LOOP('',(#7191,#7214,#7235,#7256));
#7191 = ORIENTED_EDGE('',*,*,#7192,.F.);
#7192 = EDGE_CURVE('',#7193,#1868,#7195,.T.);
#7193 = VERTEX_POINT('',#7194);
#7194 = CARTESIAN_POINT('',(0.,60.5,13.));
#7195 = SURFACE_CURVE('',#7196,(#7200,#7207),.PCURVE_S1.);
#7196 = LINE('',#7197,#7198);
#7197 = CARTESIAN_POINT('',(-1.,60.5,13.));
#7198 = VECTOR('',#7199,1.);
#7199 = DIRECTION('',(1.,0.,-0.));
#7200 = PCURVE('',#1884,#7201);
#7201 = DEFINITIONAL_REPRESENTATION('',(#7202),#7206);
#7202 = LINE('',#7203,#7204);
#7203 = CARTESIAN_POINT('',(0.,2.5));
#7204 = VECTOR('',#7205,1.);
#7205 = DIRECTION('',(1.,0.));
#7206 = ( GEOMETRIC_REPRESENTATION_CONTEXT(2) 
PARAMETRIC_REPRESENTATION_CONTEXT() REPRESENTATION_CONTEXT('2D SPACE',''
  ) );
#7207 = PCURVE('',#1960,#7208);
#7208 = DEFINITIONAL_REPRESENTATION('',(#7209),#7213);
#7209 = LINE('',#7210,#7211);
#7210 = CARTESIAN_POINT('',(0.,0.));
#7211 = VECTOR('',#7212,1.);
#7212 = DIRECTION('',(0.,1.));
#7213 = ( GEOMETRIC_REPRESENTATION_CONTEXT(2) 
PARAMETRIC_REPRESENTATION_CONTEXT() REPRESENTATION_CONTEXT('2D SPACE',''
  ) );
#7214 = ORIENTED_EDGE('',*,*,#7215,.T.);
#7215 = EDGE_CURVE('',#7193,#7216,#7218,.T.);
#7216 = VERTEX_POINT('',#7217);
#7217 = CARTESIAN_POINT('',(0.,58.,13.));
#7218 = SURFACE_CURVE('',#7219,(#7223,#7229),.PCURVE_S1.);
#7219 = LINE('',#7220,#7221);
#7220 = CARTESIAN_POINT('',(0.,81.5,13.));
#7221 = VECTOR('',#7222,1.);
#7222 = DIRECTION('',(0.,-1.,0.));
#7223 = PCURVE('',#1884,#7224);
#7224 = DEFINITIONAL_REPRESENTATION('',(#7225),#7228);
#7225 = B_SPLINE_CURVE_WITH_KNOTS('',1,(#7226,#7227),.UNSPECIFIED.,.F.,
  .F.,(2,2),(21.,23.5),.PIECEWISE_BEZIER_KNOTS.);
#7226 = CARTESIAN_POINT('',(1.,2.5));
#7227 = CARTESIAN_POINT('',(1.,0.));
#7228 = ( GEOMETRIC_REPRESENTATION_CONTEXT(2) 
PARAMETRIC_REPRESENTATION_CONTEXT() REPRESENTATION_CONTEXT('2D SPACE',''
  ) );
#7229 = PCURVE('',#3167,#7230);
#7230 = DEFINITIONAL_REPRESENTATION('',(#7231),#7234);
#7231 = B_SPLINE_CURVE_WITH_KNOTS('',1,(#7232,#7233),.UNSPECIFIED.,.F.,
  .F.,(2,2),(21.,23.5),.PIECEWISE_BEZIER_KNOTS.);
#7232 = CARTESIAN_POINT('',(44.5,-13.));
#7233 = CARTESIAN_POINT('',(47.,-13.));
#7234 = ( GEOMETRIC_REPRESENTATION_CONTEXT(2) 
PARAMETRIC_REPRESENTATION_CONTEXT() REPRESENTATION_CONTEXT('2D SPACE',''
  ) );
#7235 = ORIENTED_EDGE('',*,*,#7236,.T.);
#7236 = EDGE_CURVE('',#7216,#1870,#7237,.T.);
#7237 = SURFACE_CURVE('',#7238,(#7242,#7249),.PCURVE_S1.);
#7238 = LINE('',#7239,#7240);
#7239 = CARTESIAN_POINT('',(-1.,58.,13.));
#7240 = VECTOR('',#7241,1.);
#7241 = DIRECTION('',(1.,0.,-0.));
#7242 = PCURVE('',#1884,#7243);
#7243 = DEFINITIONAL_REPRESENTATION('',(#7244),#7248);
#7244 = LINE('',#7245,#7246);
#7245 = CARTESIAN_POINT('',(0.,0.));
#7246 = VECTOR('',#7247,1.);
#7247 = DIRECTION('',(1.,0.));
#7248 = ( GEOMETRIC_REPRESENTATION_CONTEXT(2) 
PARAMETRIC_REPRESENTATION_CONTEXT() REPRESENTATION_CONTEXT('2D SPACE',''
  ) );
#7249 = PCURVE('',#1910,#7250);
#7250 = DEFINITIONAL_REPRESENTATION('',(#7251),#7255);
#7251 = LINE('',#7252,#7253);
#7252 = CARTESIAN_POINT('',(0.,0.));
#7253 = VECTOR('',#7254,1.);
#7254 = DIRECTION('',(0.,1.));
#7255 = ( GEOMETRIC_REPRESENTATION_CONTEXT(2) 
PARAMETRIC_REPRESENTATION_CONTEXT() REPRESENTATION_CONTEXT('2D SPACE',''
  ) );
#7256 = ORIENTED_EDGE('',*,*,#1867,.F.);
#7257 = ADVANCED_FACE('',(#7258),#1960,.F.);
#7258 = FACE_BOUND('',#7259,.F.);
#7259 = EDGE_LOOP('',(#7260,#7261,#7282,#7303));
#7260 = ORIENTED_EDGE('',*,*,#7192,.F.);
#7261 = ORIENTED_EDGE('',*,*,#7262,.T.);
#7262 = EDGE_CURVE('',#7193,#7263,#7265,.T.);
#7263 = VERTEX_POINT('',#7264);
#7264 = CARTESIAN_POINT('',(0.,60.5,20.4));
#7265 = SURFACE_CURVE('',#7266,(#7270,#7276),.PCURVE_S1.);
#7266 = LINE('',#7267,#7268);
#7267 = CARTESIAN_POINT('',(0.,60.5,6.5));
#7268 = VECTOR('',#7269,1.);
#7269 = DIRECTION('',(0.,0.,1.));
#7270 = PCURVE('',#1960,#7271);
#7271 = DEFINITIONAL_REPRESENTATION('',(#7272),#7275);
#7272 = B_SPLINE_CURVE_WITH_KNOTS('',1,(#7273,#7274),.UNSPECIFIED.,.F.,
  .F.,(2,2),(6.5,13.9),.PIECEWISE_BEZIER_KNOTS.);
#7273 = CARTESIAN_POINT('',(0.,1.));
#7274 = CARTESIAN_POINT('',(7.4,1.));
#7275 = ( GEOMETRIC_REPRESENTATION_CONTEXT(2) 
PARAMETRIC_REPRESENTATION_CONTEXT() REPRESENTATION_CONTEXT('2D SPACE',''
  ) );
#7276 = PCURVE('',#3167,#7277);
#7277 = DEFINITIONAL_REPRESENTATION('',(#7278),#7281);
#7278 = B_SPLINE_CURVE_WITH_KNOTS('',1,(#7279,#7280),.UNSPECIFIED.,.F.,
  .F.,(2,2),(6.5,13.9),.PIECEWISE_BEZIER_KNOTS.);
#7279 = CARTESIAN_POINT('',(44.5,-13.));
#7280 = CARTESIAN_POINT('',(44.5,-20.4));
#7281 = ( GEOMETRIC_REPRESENTATION_CONTEXT(2) 
PARAMETRIC_REPRESENTATION_CONTEXT() REPRESENTATION_CONTEXT('2D SPACE',''
  ) );
#7282 = ORIENTED_EDGE('',*,*,#7283,.T.);
#7283 = EDGE_CURVE('',#7263,#1922,#7284,.T.);
#7284 = SURFACE_CURVE('',#7285,(#7289,#7296),.PCURVE_S1.);
#7285 = LINE('',#7286,#7287);
#7286 = CARTESIAN_POINT('',(-1.,60.5,20.4));
#7287 = VECTOR('',#7288,1.);
#7288 = DIRECTION('',(1.,0.,-0.));
#7289 = PCURVE('',#1960,#7290);
#7290 = DEFINITIONAL_REPRESENTATION('',(#7291),#7295);
#7291 = LINE('',#7292,#7293);
#7292 = CARTESIAN_POINT('',(7.4,0.));
#7293 = VECTOR('',#7294,1.);
#7294 = DIRECTION('',(0.,1.));
#7295 = ( GEOMETRIC_REPRESENTATION_CONTEXT(2) 
PARAMETRIC_REPRESENTATION_CONTEXT() REPRESENTATION_CONTEXT('2D SPACE',''
  ) );
#7296 = PCURVE('',#1936,#7297);
#7297 = DEFINITIONAL_REPRESENTATION('',(#7298),#7302);
#7298 = LINE('',#7299,#7300);
#7299 = CARTESIAN_POINT('',(0.,2.5));
#7300 = VECTOR('',#7301,1.);
#7301 = DIRECTION('',(1.,0.));
#7302 = ( GEOMETRIC_REPRESENTATION_CONTEXT(2) 
PARAMETRIC_REPRESENTATION_CONTEXT() REPRESENTATION_CONTEXT('2D SPACE',''
  ) );
#7303 = ORIENTED_EDGE('',*,*,#1947,.F.);
#7304 = ADVANCED_FACE('',(#7305),#1910,.T.);
#7305 = FACE_BOUND('',#7306,.T.);
#7306 = EDGE_LOOP('',(#7307,#7308,#7329,#7350));
#7307 = ORIENTED_EDGE('',*,*,#7236,.F.);
#7308 = ORIENTED_EDGE('',*,*,#7309,.T.);
#7309 = EDGE_CURVE('',#7216,#7310,#7312,.T.);
#7310 = VERTEX_POINT('',#7311);
#7311 = CARTESIAN_POINT('',(0.,58.,20.4));
#7312 = SURFACE_CURVE('',#7313,(#7317,#7323),.PCURVE_S1.);
#7313 = LINE('',#7314,#7315);
#7314 = CARTESIAN_POINT('',(0.,58.,6.5));
#7315 = VECTOR('',#7316,1.);
#7316 = DIRECTION('',(0.,0.,1.));
#7317 = PCURVE('',#1910,#7318);
#7318 = DEFINITIONAL_REPRESENTATION('',(#7319),#7322);
#7319 = B_SPLINE_CURVE_WITH_KNOTS('',1,(#7320,#7321),.UNSPECIFIED.,.F.,
  .F.,(2,2),(6.5,13.9),.PIECEWISE_BEZIER_KNOTS.);
#7320 = CARTESIAN_POINT('',(0.,1.));
#7321 = CARTESIAN_POINT('',(7.4,1.));
#7322 = ( GEOMETRIC_REPRESENTATION_CONTEXT(2) 
PARAMETRIC_REPRESENTATION_CONTEXT() REPRESENTATION_CONTEXT('2D SPACE',''
  ) );
#7323 = PCURVE('',#3167,#7324);
#7324 = DEFINITIONAL_REPRESENTATION('',(#7325),#7328);
#7325 = B_SPLINE_CURVE_WITH_KNOTS('',1,(#7326,#7327),.UNSPECIFIED.,.F.,
  .F.,(2,2),(6.5,13.9),.PIECEWISE_BEZIER_KNOTS.);
#7326 = CARTESIAN_POINT('',(47.,-13.));
#7327 = CARTESIAN_POINT('',(47.,-20.4));
#7328 = ( GEOMETRIC_REPRESENTATION_CONTEXT(2) 
PARAMETRIC_REPRESENTATION_CONTEXT() REPRESENTATION_CONTEXT('2D SPACE',''
  ) );
#7329 = ORIENTED_EDGE('',*,*,#7330,.T.);
#7330 = EDGE_CURVE('',#7310,#1896,#7331,.T.);
#7331 = SURFACE_CURVE('',#7332,(#7336,#7343),.PCURVE_S1.);
#7332 = LINE('',#7333,#7334);
#7333 = CARTESIAN_POINT('',(-1.,58.,20.4));
#7334 = VECTOR('',#7335,1.);
#7335 = DIRECTION('',(1.,0.,-0.));
#7336 = PCURVE('',#1910,#7337);
#7337 = DEFINITIONAL_REPRESENTATION('',(#7338),#7342);
#7338 = LINE('',#7339,#7340);
#7339 = CARTESIAN_POINT('',(7.4,0.));
#7340 = VECTOR('',#7341,1.);
#7341 = DIRECTION('',(0.,1.));
#7342 = ( GEOMETRIC_REPRESENTATION_CONTEXT(2) 
PARAMETRIC_REPRESENTATION_CONTEXT() REPRESENTATION_CONTEXT('2D SPACE',''
  ) );
#7343 = PCURVE('',#1936,#7344);
#7344 = DEFINITIONAL_REPRESENTATION('',(#7345),#7349);
#7345 = LINE('',#7346,#7347);
#7346 = CARTESIAN_POINT('',(0.,0.));
#7347 = VECTOR('',#7348,1.);
#7348 = DIRECTION('',(1.,0.));
#7349 = ( GEOMETRIC_REPRESENTATION_CONTEXT(2) 
PARAMETRIC_REPRESENTATION_CONTEXT() REPRESENTATION_CONTEXT('2D SPACE',''
  ) );
#7350 = ORIENTED_EDGE('',*,*,#1895,.F.);
#7351 = ADVANCED_FACE('',(#7352),#1936,.F.);
#7352 = FACE_BOUND('',#7353,.F.);
#7353 = EDGE_LOOP('',(#7354,#7355,#7374,#7375));
#7354 = ORIENTED_EDGE('',*,*,#7283,.F.);
#7355 = ORIENTED_EDGE('',*,*,#7356,.T.);
#7356 = EDGE_CURVE('',#7263,#7310,#7357,.T.);
#7357 = SURFACE_CURVE('',#7358,(#7362,#7368),.PCURVE_S1.);
#7358 = LINE('',#7359,#7360);
#7359 = CARTESIAN_POINT('',(0.,81.5,20.4));
#7360 = VECTOR('',#7361,1.);
#7361 = DIRECTION('',(0.,-1.,0.));
#7362 = PCURVE('',#1936,#7363);
#7363 = DEFINITIONAL_REPRESENTATION('',(#7364),#7367);
#7364 = B_SPLINE_CURVE_WITH_KNOTS('',1,(#7365,#7366),.UNSPECIFIED.,.F.,
  .F.,(2,2),(21.,23.5),.PIECEWISE_BEZIER_KNOTS.);
#7365 = CARTESIAN_POINT('',(1.,2.5));
#7366 = CARTESIAN_POINT('',(1.,0.));
#7367 = ( GEOMETRIC_REPRESENTATION_CONTEXT(2) 
PARAMETRIC_REPRESENTATION_CONTEXT() REPRESENTATION_CONTEXT('2D SPACE',''
  ) );
#7368 = PCURVE('',#3167,#7369);
#7369 = DEFINITIONAL_REPRESENTATION('',(#7370),#7373);
#7370 = B_SPLINE_CURVE_WITH_KNOTS('',1,(#7371,#7372),.UNSPECIFIED.,.F.,
  .F.,(2,2),(21.,23.5),.PIECEWISE_BEZIER_KNOTS.);
#7371 = CARTESIAN_POINT('',(44.5,-20.4));
#7372 = CARTESIAN_POINT('',(47.,-20.4));
#7373 = ( GEOMETRIC_REPRESENTATION_CONTEXT(2) 
PARAMETRIC_REPRESENTATION_CONTEXT() REPRESENTATION_CONTEXT('2D SPACE',''
  ) );
#7374 = ORIENTED_EDGE('',*,*,#7330,.T.);
#7375 = ORIENTED_EDGE('',*,*,#1921,.F.);
#7376 = ADVANCED_FACE('',(#7377),#1990,.T.);
#7377 = FACE_BOUND('',#7378,.T.);
#7378 = EDGE_LOOP('',(#7379,#7402,#7423,#7444));
#7379 = ORIENTED_EDGE('',*,*,#7380,.F.);
#7380 = EDGE_CURVE('',#7381,#1974,#7383,.T.);
#7381 = VERTEX_POINT('',#7382);
#7382 = CARTESIAN_POINT('',(0.,54.5,13.));
#7383 = SURFACE_CURVE('',#7384,(#7388,#7395),.PCURVE_S1.);
#7384 = LINE('',#7385,#7386);
#7385 = CARTESIAN_POINT('',(-1.,54.5,13.));
#7386 = VECTOR('',#7387,1.);
#7387 = DIRECTION('',(1.,0.,-0.));
#7388 = PCURVE('',#1990,#7389);
#7389 = DEFINITIONAL_REPRESENTATION('',(#7390),#7394);
#7390 = LINE('',#7391,#7392);
#7391 = CARTESIAN_POINT('',(0.,2.5));
#7392 = VECTOR('',#7393,1.);
#7393 = DIRECTION('',(1.,0.));
#7394 = ( GEOMETRIC_REPRESENTATION_CONTEXT(2) 
PARAMETRIC_REPRESENTATION_CONTEXT() REPRESENTATION_CONTEXT('2D SPACE',''
  ) );
#7395 = PCURVE('',#2066,#7396);
#7396 = DEFINITIONAL_REPRESENTATION('',(#7397),#7401);
#7397 = LINE('',#7398,#7399);
#7398 = CARTESIAN_POINT('',(0.,0.));
#7399 = VECTOR('',#7400,1.);
#7400 = DIRECTION('',(0.,1.));
#7401 = ( GEOMETRIC_REPRESENTATION_CONTEXT(2) 
PARAMETRIC_REPRESENTATION_CONTEXT() REPRESENTATION_CONTEXT('2D SPACE',''
  ) );
#7402 = ORIENTED_EDGE('',*,*,#7403,.T.);
#7403 = EDGE_CURVE('',#7381,#7404,#7406,.T.);
#7404 = VERTEX_POINT('',#7405);
#7405 = CARTESIAN_POINT('',(0.,52.,13.));
#7406 = SURFACE_CURVE('',#7407,(#7411,#7417),.PCURVE_S1.);
#7407 = LINE('',#7408,#7409);
#7408 = CARTESIAN_POINT('',(0.,78.5,13.));
#7409 = VECTOR('',#7410,1.);
#7410 = DIRECTION('',(0.,-1.,0.));
#7411 = PCURVE('',#1990,#7412);
#7412 = DEFINITIONAL_REPRESENTATION('',(#7413),#7416);
#7413 = B_SPLINE_CURVE_WITH_KNOTS('',1,(#7414,#7415),.UNSPECIFIED.,.F.,
  .F.,(2,2),(24.,26.5),.PIECEWISE_BEZIER_KNOTS.);
#7414 = CARTESIAN_POINT('',(1.,2.5));
#7415 = CARTESIAN_POINT('',(1.,0.));
#7416 = ( GEOMETRIC_REPRESENTATION_CONTEXT(2) 
PARAMETRIC_REPRESENTATION_CONTEXT() REPRESENTATION_CONTEXT('2D SPACE',''
  ) );
#7417 = PCURVE('',#3167,#7418);
#7418 = DEFINITIONAL_REPRESENTATION('',(#7419),#7422);
#7419 = B_SPLINE_CURVE_WITH_KNOTS('',1,(#7420,#7421),.UNSPECIFIED.,.F.,
  .F.,(2,2),(24.,26.5),.PIECEWISE_BEZIER_KNOTS.);
#7420 = CARTESIAN_POINT('',(50.5,-13.));
#7421 = CARTESIAN_POINT('',(53.,-13.));
#7422 = ( GEOMETRIC_REPRESENTATION_CONTEXT(2) 
PARAMETRIC_REPRESENTATION_CONTEXT() REPRESENTATION_CONTEXT('2D SPACE',''
  ) );
#7423 = ORIENTED_EDGE('',*,*,#7424,.T.);
#7424 = EDGE_CURVE('',#7404,#1976,#7425,.T.);
#7425 = SURFACE_CURVE('',#7426,(#7430,#7437),.PCURVE_S1.);
#7426 = LINE('',#7427,#7428);
#7427 = CARTESIAN_POINT('',(-1.,52.,13.));
#7428 = VECTOR('',#7429,1.);
#7429 = DIRECTION('',(1.,0.,-0.));
#7430 = PCURVE('',#1990,#7431);
#7431 = DEFINITIONAL_REPRESENTATION('',(#7432),#7436);
#7432 = LINE('',#7433,#7434);
#7433 = CARTESIAN_POINT('',(0.,0.));
#7434 = VECTOR('',#7435,1.);
#7435 = DIRECTION('',(1.,0.));
#7436 = ( GEOMETRIC_REPRESENTATION_CONTEXT(2) 
PARAMETRIC_REPRESENTATION_CONTEXT() REPRESENTATION_CONTEXT('2D SPACE',''
  ) );
#7437 = PCURVE('',#2016,#7438);
#7438 = DEFINITIONAL_REPRESENTATION('',(#7439),#7443);
#7439 = LINE('',#7440,#7441);
#7440 = CARTESIAN_POINT('',(0.,0.));
#7441 = VECTOR('',#7442,1.);
#7442 = DIRECTION('',(0.,1.));
#7443 = ( GEOMETRIC_REPRESENTATION_CONTEXT(2) 
PARAMETRIC_REPRESENTATION_CONTEXT() REPRESENTATION_CONTEXT('2D SPACE',''
  ) );
#7444 = ORIENTED_EDGE('',*,*,#1973,.F.);
#7445 = ADVANCED_FACE('',(#7446),#2066,.F.);
#7446 = FACE_BOUND('',#7447,.F.);
#7447 = EDGE_LOOP('',(#7448,#7449,#7470,#7491));
#7448 = ORIENTED_EDGE('',*,*,#7380,.F.);
#7449 = ORIENTED_EDGE('',*,*,#7450,.T.);
#7450 = EDGE_CURVE('',#7381,#7451,#7453,.T.);
#7451 = VERTEX_POINT('',#7452);
#7452 = CARTESIAN_POINT('',(0.,54.5,20.4));
#7453 = SURFACE_CURVE('',#7454,(#7458,#7464),.PCURVE_S1.);
#7454 = LINE('',#7455,#7456);
#7455 = CARTESIAN_POINT('',(0.,54.5,6.5));
#7456 = VECTOR('',#7457,1.);
#7457 = DIRECTION('',(0.,0.,1.));
#7458 = PCURVE('',#2066,#7459);
#7459 = DEFINITIONAL_REPRESENTATION('',(#7460),#7463);
#7460 = B_SPLINE_CURVE_WITH_KNOTS('',1,(#7461,#7462),.UNSPECIFIED.,.F.,
  .F.,(2,2),(6.5,13.9),.PIECEWISE_BEZIER_KNOTS.);
#7461 = CARTESIAN_POINT('',(0.,1.));
#7462 = CARTESIAN_POINT('',(7.4,1.));
#7463 = ( GEOMETRIC_REPRESENTATION_CONTEXT(2) 
PARAMETRIC_REPRESENTATION_CONTEXT() REPRESENTATION_CONTEXT('2D SPACE',''
  ) );
#7464 = PCURVE('',#3167,#7465);
#7465 = DEFINITIONAL_REPRESENTATION('',(#7466),#7469);
#7466 = B_SPLINE_CURVE_WITH_KNOTS('',1,(#7467,#7468),.UNSPECIFIED.,.F.,
  .F.,(2,2),(6.5,13.9),.PIECEWISE_BEZIER_KNOTS.);
#7467 = CARTESIAN_POINT('',(50.5,-13.));
#7468 = CARTESIAN_POINT('',(50.5,-20.4));
#7469 = ( GEOMETRIC_REPRESENTATION_CONTEXT(2) 
PARAMETRIC_REPRESENTATION_CONTEXT() REPRESENTATION_CONTEXT('2D SPACE',''
  ) );
#7470 = ORIENTED_EDGE('',*,*,#7471,.T.);
#7471 = EDGE_CURVE('',#7451,#2028,#7472,.T.);
#7472 = SURFACE_CURVE('',#7473,(#7477,#7484),.PCURVE_S1.);
#7473 = LINE('',#7474,#7475);
#7474 = CARTESIAN_POINT('',(-1.,54.5,20.4));
#7475 = VECTOR('',#7476,1.);
#7476 = DIRECTION('',(1.,0.,-0.));
#7477 = PCURVE('',#2066,#7478);
#7478 = DEFINITIONAL_REPRESENTATION('',(#7479),#7483);
#7479 = LINE('',#7480,#7481);
#7480 = CARTESIAN_POINT('',(7.4,0.));
#7481 = VECTOR('',#7482,1.);
#7482 = DIRECTION('',(0.,1.));
#7483 = ( GEOMETRIC_REPRESENTATION_CONTEXT(2) 
PARAMETRIC_REPRESENTATION_CONTEXT() REPRESENTATION_CONTEXT('2D SPACE',''
  ) );
#7484 = PCURVE('',#2042,#7485);
#7485 = DEFINITIONAL_REPRESENTATION('',(#7486),#7490);
#7486 = LINE('',#7487,#7488);
#7487 = CARTESIAN_POINT('',(0.,2.5));
#7488 = VECTOR('',#7489,1.);
#7489 = DIRECTION('',(1.,0.));
#7490 = ( GEOMETRIC_REPRESENTATION_CONTEXT(2) 
PARAMETRIC_REPRESENTATION_CONTEXT() REPRESENTATION_CONTEXT('2D SPACE',''
  ) );
#7491 = ORIENTED_EDGE('',*,*,#2053,.F.);
#7492 = ADVANCED_FACE('',(#7493),#2016,.T.);
#7493 = FACE_BOUND('',#7494,.T.);
#7494 = EDGE_LOOP('',(#7495,#7496,#7517,#7538));
#7495 = ORIENTED_EDGE('',*,*,#7424,.F.);
#7496 = ORIENTED_EDGE('',*,*,#7497,.T.);
#7497 = EDGE_CURVE('',#7404,#7498,#7500,.T.);
#7498 = VERTEX_POINT('',#7499);
#7499 = CARTESIAN_POINT('',(0.,52.,20.4));
#7500 = SURFACE_CURVE('',#7501,(#7505,#7511),.PCURVE_S1.);
#7501 = LINE('',#7502,#7503);
#7502 = CARTESIAN_POINT('',(0.,52.,6.5));
#7503 = VECTOR('',#7504,1.);
#7504 = DIRECTION('',(0.,0.,1.));
#7505 = PCURVE('',#2016,#7506);
#7506 = DEFINITIONAL_REPRESENTATION('',(#7507),#7510);
#7507 = B_SPLINE_CURVE_WITH_KNOTS('',1,(#7508,#7509),.UNSPECIFIED.,.F.,
  .F.,(2,2),(6.5,13.9),.PIECEWISE_BEZIER_KNOTS.);
#7508 = CARTESIAN_POINT('',(0.,1.));
#7509 = CARTESIAN_POINT('',(7.4,1.));
#7510 = ( GEOMETRIC_REPRESENTATION_CONTEXT(2) 
PARAMETRIC_REPRESENTATION_CONTEXT() REPRESENTATION_CONTEXT('2D SPACE',''
  ) );
#7511 = PCURVE('',#3167,#7512);
#7512 = DEFINITIONAL_REPRESENTATION('',(#7513),#7516);
#7513 = B_SPLINE_CURVE_WITH_KNOTS('',1,(#7514,#7515),.UNSPECIFIED.,.F.,
  .F.,(2,2),(6.5,13.9),.PIECEWISE_BEZIER_KNOTS.);
#7514 = CARTESIAN_POINT('',(53.,-13.));
#7515 = CARTESIAN_POINT('',(53.,-20.4));
#7516 = ( GEOMETRIC_REPRESENTATION_CONTEXT(2) 
PARAMETRIC_REPRESENTATION_CONTEXT() REPRESENTATION_CONTEXT('2D SPACE',''
  ) );
#7517 = ORIENTED_EDGE('',*,*,#7518,.T.);
#7518 = EDGE_CURVE('',#7498,#2002,#7519,.T.);
#7519 = SURFACE_CURVE('',#7520,(#7524,#7531),.PCURVE_S1.);
#7520 = LINE('',#7521,#7522);
#7521 = CARTESIAN_POINT('',(-1.,52.,20.4));
#7522 = VECTOR('',#7523,1.);
#7523 = DIRECTION('',(1.,0.,-0.));
#7524 = PCURVE('',#2016,#7525);
#7525 = DEFINITIONAL_REPRESENTATION('',(#7526),#7530);
#7526 = LINE('',#7527,#7528);
#7527 = CARTESIAN_POINT('',(7.4,0.));
#7528 = VECTOR('',#7529,1.);
#7529 = DIRECTION('',(0.,1.));
#7530 = ( GEOMETRIC_REPRESENTATION_CONTEXT(2) 
PARAMETRIC_REPRESENTATION_CONTEXT() REPRESENTATION_CONTEXT('2D SPACE',''
  ) );
#7531 = PCURVE('',#2042,#7532);
#7532 = DEFINITIONAL_REPRESENTATION('',(#7533),#7537);
#7533 = LINE('',#7534,#7535);
#7534 = CARTESIAN_POINT('',(0.,0.));
#7535 = VECTOR('',#7536,1.);
#7536 = DIRECTION('',(1.,0.));
#7537 = ( GEOMETRIC_REPRESENTATION_CONTEXT(2) 
PARAMETRIC_REPRESENTATION_CONTEXT() REPRESENTATION_CONTEXT('2D SPACE',''
  ) );
#7538 = ORIENTED_EDGE('',*,*,#2001,.F.);
#7539 = ADVANCED_FACE('',(#7540),#2042,.F.);
#7540 = FACE_BOUND('',#7541,.F.);
#7541 = EDGE_LOOP('',(#7542,#7543,#7562,#7563));
#7542 = ORIENTED_EDGE('',*,*,#7471,.F.);
#7543 = ORIENTED_EDGE('',*,*,#7544,.T.);
#7544 = EDGE_CURVE('',#7451,#7498,#7545,.T.);
#7545 = SURFACE_CURVE('',#7546,(#7550,#7556),.PCURVE_S1.);
#7546 = LINE('',#7547,#7548);
#7547 = CARTESIAN_POINT('',(0.,78.5,20.4));
#7548 = VECTOR('',#7549,1.);
#7549 = DIRECTION('',(0.,-1.,0.));
#7550 = PCURVE('',#2042,#7551);
#7551 = DEFINITIONAL_REPRESENTATION('',(#7552),#7555);
#7552 = B_SPLINE_CURVE_WITH_KNOTS('',1,(#7553,#7554),.UNSPECIFIED.,.F.,
  .F.,(2,2),(24.,26.5),.PIECEWISE_BEZIER_KNOTS.);
#7553 = CARTESIAN_POINT('',(1.,2.5));
#7554 = CARTESIAN_POINT('',(1.,0.));
#7555 = ( GEOMETRIC_REPRESENTATION_CONTEXT(2) 
PARAMETRIC_REPRESENTATION_CONTEXT() REPRESENTATION_CONTEXT('2D SPACE',''
  ) );
#7556 = PCURVE('',#3167,#7557);
#7557 = DEFINITIONAL_REPRESENTATION('',(#7558),#7561);
#7558 = B_SPLINE_CURVE_WITH_KNOTS('',1,(#7559,#7560),.UNSPECIFIED.,.F.,
  .F.,(2,2),(24.,26.5),.PIECEWISE_BEZIER_KNOTS.);
#7559 = CARTESIAN_POINT('',(50.5,-20.4));
#7560 = CARTESIAN_POINT('',(53.,-20.4));
#7561 = ( GEOMETRIC_REPRESENTATION_CONTEXT(2) 
PARAMETRIC_REPRESENTATION_CONTEXT() REPRESENTATION_CONTEXT('2D SPACE',''
  ) );
#7562 = ORIENTED_EDGE('',*,*,#7518,.T.);
#7563 = ORIENTED_EDGE('',*,*,#2027,.F.);
#7564 = ADVANCED_FACE('',(#7565),#2096,.T.);
#7565 = FACE_BOUND('',#7566,.T.);
#7566 = EDGE_LOOP('',(#7567,#7590,#7611,#7632));
#7567 = ORIENTED_EDGE('',*,*,#7568,.F.);
#7568 = EDGE_CURVE('',#7569,#2080,#7571,.T.);
#7569 = VERTEX_POINT('',#7570);
#7570 = CARTESIAN_POINT('',(0.,48.5,13.));
#7571 = SURFACE_CURVE('',#7572,(#7576,#7583),.PCURVE_S1.);
#7572 = LINE('',#7573,#7574);
#7573 = CARTESIAN_POINT('',(-1.,48.5,13.));
#7574 = VECTOR('',#7575,1.);
#7575 = DIRECTION('',(1.,0.,-0.));
#7576 = PCURVE('',#2096,#7577);
#7577 = DEFINITIONAL_REPRESENTATION('',(#7578),#7582);
#7578 = LINE('',#7579,#7580);
#7579 = CARTESIAN_POINT('',(0.,2.5));
#7580 = VECTOR('',#7581,1.);
#7581 = DIRECTION('',(1.,0.));
#7582 = ( GEOMETRIC_REPRESENTATION_CONTEXT(2) 
PARAMETRIC_REPRESENTATION_CONTEXT() REPRESENTATION_CONTEXT('2D SPACE',''
  ) );
#7583 = PCURVE('',#2172,#7584);
#7584 = DEFINITIONAL_REPRESENTATION('',(#7585),#7589);
#7585 = LINE('',#7586,#7587);
#7586 = CARTESIAN_POINT('',(0.,0.));
#7587 = VECTOR('',#7588,1.);
#7588 = DIRECTION('',(0.,1.));
#7589 = ( GEOMETRIC_REPRESENTATION_CONTEXT(2) 
PARAMETRIC_REPRESENTATION_CONTEXT() REPRESENTATION_CONTEXT('2D SPACE',''
  ) );
#7590 = ORIENTED_EDGE('',*,*,#7591,.T.);
#7591 = EDGE_CURVE('',#7569,#7592,#7594,.T.);
#7592 = VERTEX_POINT('',#7593);
#7593 = CARTESIAN_POINT('',(0.,46.,13.));
#7594 = SURFACE_CURVE('',#7595,(#7599,#7605),.PCURVE_S1.);
#7595 = LINE('',#7596,#7597);
#7596 = CARTESIAN_POINT('',(0.,75.5,13.));
#7597 = VECTOR('',#7598,1.);
#7598 = DIRECTION('',(0.,-1.,0.));
#7599 = PCURVE('',#2096,#7600);
#7600 = DEFINITIONAL_REPRESENTATION('',(#7601),#7604);
#7601 = B_SPLINE_CURVE_WITH_KNOTS('',1,(#7602,#7603),.UNSPECIFIED.,.F.,
  .F.,(2,2),(27.,29.5),.PIECEWISE_BEZIER_KNOTS.);
#7602 = CARTESIAN_POINT('',(1.,2.5));
#7603 = CARTESIAN_POINT('',(1.,0.));
#7604 = ( GEOMETRIC_REPRESENTATION_CONTEXT(2) 
PARAMETRIC_REPRESENTATION_CONTEXT() REPRESENTATION_CONTEXT('2D SPACE',''
  ) );
#7605 = PCURVE('',#3167,#7606);
#7606 = DEFINITIONAL_REPRESENTATION('',(#7607),#7610);
#7607 = B_SPLINE_CURVE_WITH_KNOTS('',1,(#7608,#7609),.UNSPECIFIED.,.F.,
  .F.,(2,2),(27.,29.5),.PIECEWISE_BEZIER_KNOTS.);
#7608 = CARTESIAN_POINT('',(56.5,-13.));
#7609 = CARTESIAN_POINT('',(59.,-13.));
#7610 = ( GEOMETRIC_REPRESENTATION_CONTEXT(2) 
PARAMETRIC_REPRESENTATION_CONTEXT() REPRESENTATION_CONTEXT('2D SPACE',''
  ) );
#7611 = ORIENTED_EDGE('',*,*,#7612,.T.);
#7612 = EDGE_CURVE('',#7592,#2082,#7613,.T.);
#7613 = SURFACE_CURVE('',#7614,(#7618,#7625),.PCURVE_S1.);
#7614 = LINE('',#7615,#7616);
#7615 = CARTESIAN_POINT('',(-1.,46.,13.));
#7616 = VECTOR('',#7617,1.);
#7617 = DIRECTION('',(1.,0.,-0.));
#7618 = PCURVE('',#2096,#7619);
#7619 = DEFINITIONAL_REPRESENTATION('',(#7620),#7624);
#7620 = LINE('',#7621,#7622);
#7621 = CARTESIAN_POINT('',(0.,0.));
#7622 = VECTOR('',#7623,1.);
#7623 = DIRECTION('',(1.,0.));
#7624 = ( GEOMETRIC_REPRESENTATION_CONTEXT(2) 
PARAMETRIC_REPRESENTATION_CONTEXT() REPRESENTATION_CONTEXT('2D SPACE',''
  ) );
#7625 = PCURVE('',#2122,#7626);
#7626 = DEFINITIONAL_REPRESENTATION('',(#7627),#7631);
#7627 = LINE('',#7628,#7629);
#7628 = CARTESIAN_POINT('',(0.,0.));
#7629 = VECTOR('',#7630,1.);
#7630 = DIRECTION('',(0.,1.));
#7631 = ( GEOMETRIC_REPRESENTATION_CONTEXT(2) 
PARAMETRIC_REPRESENTATION_CONTEXT() REPRESENTATION_CONTEXT('2D SPACE',''
  ) );
#7632 = ORIENTED_EDGE('',*,*,#2079,.F.);
#7633 = ADVANCED_FACE('',(#7634),#2172,.F.);
#7634 = FACE_BOUND('',#7635,.F.);
#7635 = EDGE_LOOP('',(#7636,#7637,#7658,#7679));
#7636 = ORIENTED_EDGE('',*,*,#7568,.F.);
#7637 = ORIENTED_EDGE('',*,*,#7638,.T.);
#7638 = EDGE_CURVE('',#7569,#7639,#7641,.T.);
#7639 = VERTEX_POINT('',#7640);
#7640 = CARTESIAN_POINT('',(0.,48.5,20.4));
#7641 = SURFACE_CURVE('',#7642,(#7646,#7652),.PCURVE_S1.);
#7642 = LINE('',#7643,#7644);
#7643 = CARTESIAN_POINT('',(0.,48.5,6.5));
#7644 = VECTOR('',#7645,1.);
#7645 = DIRECTION('',(0.,0.,1.));
#7646 = PCURVE('',#2172,#7647);
#7647 = DEFINITIONAL_REPRESENTATION('',(#7648),#7651);
#7648 = B_SPLINE_CURVE_WITH_KNOTS('',1,(#7649,#7650),.UNSPECIFIED.,.F.,
  .F.,(2,2),(6.5,13.9),.PIECEWISE_BEZIER_KNOTS.);
#7649 = CARTESIAN_POINT('',(0.,1.));
#7650 = CARTESIAN_POINT('',(7.4,1.));
#7651 = ( GEOMETRIC_REPRESENTATION_CONTEXT(2) 
PARAMETRIC_REPRESENTATION_CONTEXT() REPRESENTATION_CONTEXT('2D SPACE',''
  ) );
#7652 = PCURVE('',#3167,#7653);
#7653 = DEFINITIONAL_REPRESENTATION('',(#7654),#7657);
#7654 = B_SPLINE_CURVE_WITH_KNOTS('',1,(#7655,#7656),.UNSPECIFIED.,.F.,
  .F.,(2,2),(6.5,13.9),.PIECEWISE_BEZIER_KNOTS.);
#7655 = CARTESIAN_POINT('',(56.5,-13.));
#7656 = CARTESIAN_POINT('',(56.5,-20.4));
#7657 = ( GEOMETRIC_REPRESENTATION_CONTEXT(2) 
PARAMETRIC_REPRESENTATION_CONTEXT() REPRESENTATION_CONTEXT('2D SPACE',''
  ) );
#7658 = ORIENTED_EDGE('',*,*,#7659,.T.);
#7659 = EDGE_CURVE('',#7639,#2134,#7660,.T.);
#7660 = SURFACE_CURVE('',#7661,(#7665,#7672),.PCURVE_S1.);
#7661 = LINE('',#7662,#7663);
#7662 = CARTESIAN_POINT('',(-1.,48.5,20.4));
#7663 = VECTOR('',#7664,1.);
#7664 = DIRECTION('',(1.,0.,-0.));
#7665 = PCURVE('',#2172,#7666);
#7666 = DEFINITIONAL_REPRESENTATION('',(#7667),#7671);
#7667 = LINE('',#7668,#7669);
#7668 = CARTESIAN_POINT('',(7.4,0.));
#7669 = VECTOR('',#7670,1.);
#7670 = DIRECTION('',(0.,1.));
#7671 = ( GEOMETRIC_REPRESENTATION_CONTEXT(2) 
PARAMETRIC_REPRESENTATION_CONTEXT() REPRESENTATION_CONTEXT('2D SPACE',''
  ) );
#7672 = PCURVE('',#2148,#7673);
#7673 = DEFINITIONAL_REPRESENTATION('',(#7674),#7678);
#7674 = LINE('',#7675,#7676);
#7675 = CARTESIAN_POINT('',(0.,2.5));
#7676 = VECTOR('',#7677,1.);
#7677 = DIRECTION('',(1.,0.));
#7678 = ( GEOMETRIC_REPRESENTATION_CONTEXT(2) 
PARAMETRIC_REPRESENTATION_CONTEXT() REPRESENTATION_CONTEXT('2D SPACE',''
  ) );
#7679 = ORIENTED_EDGE('',*,*,#2159,.F.);
#7680 = ADVANCED_FACE('',(#7681),#2122,.T.);
#7681 = FACE_BOUND('',#7682,.T.);
#7682 = EDGE_LOOP('',(#7683,#7684,#7705,#7726));
#7683 = ORIENTED_EDGE('',*,*,#7612,.F.);
#7684 = ORIENTED_EDGE('',*,*,#7685,.T.);
#7685 = EDGE_CURVE('',#7592,#7686,#7688,.T.);
#7686 = VERTEX_POINT('',#7687);
#7687 = CARTESIAN_POINT('',(0.,46.,20.4));
#7688 = SURFACE_CURVE('',#7689,(#7693,#7699),.PCURVE_S1.);
#7689 = LINE('',#7690,#7691);
#7690 = CARTESIAN_POINT('',(0.,46.,6.5));
#7691 = VECTOR('',#7692,1.);
#7692 = DIRECTION('',(0.,0.,1.));
#7693 = PCURVE('',#2122,#7694);
#7694 = DEFINITIONAL_REPRESENTATION('',(#7695),#7698);
#7695 = B_SPLINE_CURVE_WITH_KNOTS('',1,(#7696,#7697),.UNSPECIFIED.,.F.,
  .F.,(2,2),(6.5,13.9),.PIECEWISE_BEZIER_KNOTS.);
#7696 = CARTESIAN_POINT('',(0.,1.));
#7697 = CARTESIAN_POINT('',(7.4,1.));
#7698 = ( GEOMETRIC_REPRESENTATION_CONTEXT(2) 
PARAMETRIC_REPRESENTATION_CONTEXT() REPRESENTATION_CONTEXT('2D SPACE',''
  ) );
#7699 = PCURVE('',#3167,#7700);
#7700 = DEFINITIONAL_REPRESENTATION('',(#7701),#7704);
#7701 = B_SPLINE_CURVE_WITH_KNOTS('',1,(#7702,#7703),.UNSPECIFIED.,.F.,
  .F.,(2,2),(6.5,13.9),.PIECEWISE_BEZIER_KNOTS.);
#7702 = CARTESIAN_POINT('',(59.,-13.));
#7703 = CARTESIAN_POINT('',(59.,-20.4));
#7704 = ( GEOMETRIC_REPRESENTATION_CONTEXT(2) 
PARAMETRIC_REPRESENTATION_CONTEXT() REPRESENTATION_CONTEXT('2D SPACE',''
  ) );
#7705 = ORIENTED_EDGE('',*,*,#7706,.T.);
#7706 = EDGE_CURVE('',#7686,#2108,#7707,.T.);
#7707 = SURFACE_CURVE('',#7708,(#7712,#7719),.PCURVE_S1.);
#7708 = LINE('',#7709,#7710);
#7709 = CARTESIAN_POINT('',(-1.,46.,20.4));
#7710 = VECTOR('',#7711,1.);
#7711 = DIRECTION('',(1.,0.,-0.));
#7712 = PCURVE('',#2122,#7713);
#7713 = DEFINITIONAL_REPRESENTATION('',(#7714),#7718);
#7714 = LINE('',#7715,#7716);
#7715 = CARTESIAN_POINT('',(7.4,0.));
#7716 = VECTOR('',#7717,1.);
#7717 = DIRECTION('',(0.,1.));
#7718 = ( GEOMETRIC_REPRESENTATION_CONTEXT(2) 
PARAMETRIC_REPRESENTATION_CONTEXT() REPRESENTATION_CONTEXT('2D SPACE',''
  ) );
#7719 = PCURVE('',#2148,#7720);
#7720 = DEFINITIONAL_REPRESENTATION('',(#7721),#7725);
#7721 = LINE('',#7722,#7723);
#7722 = CARTESIAN_POINT('',(0.,0.));
#7723 = VECTOR('',#7724,1.);
#7724 = DIRECTION('',(1.,0.));
#7725 = ( GEOMETRIC_REPRESENTATION_CONTEXT(2) 
PARAMETRIC_REPRESENTATION_CONTEXT() REPRESENTATION_CONTEXT('2D SPACE',''
  ) );
#7726 = ORIENTED_EDGE('',*,*,#2107,.F.);
#7727 = ADVANCED_FACE('',(#7728),#2148,.F.);
#7728 = FACE_BOUND('',#7729,.F.);
#7729 = EDGE_LOOP('',(#7730,#7731,#7750,#7751));
#7730 = ORIENTED_EDGE('',*,*,#7659,.F.);
#7731 = ORIENTED_EDGE('',*,*,#7732,.T.);
#7732 = EDGE_CURVE('',#7639,#7686,#7733,.T.);
#7733 = SURFACE_CURVE('',#7734,(#7738,#7744),.PCURVE_S1.);
#7734 = LINE('',#7735,#7736);
#7735 = CARTESIAN_POINT('',(0.,75.5,20.4));
#7736 = VECTOR('',#7737,1.);
#7737 = DIRECTION('',(0.,-1.,0.));
#7738 = PCURVE('',#2148,#7739);
#7739 = DEFINITIONAL_REPRESENTATION('',(#7740),#7743);
#7740 = B_SPLINE_CURVE_WITH_KNOTS('',1,(#7741,#7742),.UNSPECIFIED.,.F.,
  .F.,(2,2),(27.,29.5),.PIECEWISE_BEZIER_KNOTS.);
#7741 = CARTESIAN_POINT('',(1.,2.5));
#7742 = CARTESIAN_POINT('',(1.,0.));
#7743 = ( GEOMETRIC_REPRESENTATION_CONTEXT(2) 
PARAMETRIC_REPRESENTATION_CONTEXT() REPRESENTATION_CONTEXT('2D SPACE',''
  ) );
#7744 = PCURVE('',#3167,#7745);
#7745 = DEFINITIONAL_REPRESENTATION('',(#7746),#7749);
#7746 = B_SPLINE_CURVE_WITH_KNOTS('',1,(#7747,#7748),.UNSPECIFIED.,.F.,
  .F.,(2,2),(27.,29.5),.PIECEWISE_BEZIER_KNOTS.);
#7747 = CARTESIAN_POINT('',(56.5,-20.4));
#7748 = CARTESIAN_POINT('',(59.,-20.4));
#7749 = ( GEOMETRIC_REPRESENTATION_CONTEXT(2) 
PARAMETRIC_REPRESENTATION_CONTEXT() REPRESENTATION_CONTEXT('2D SPACE',''
  ) );
#7750 = ORIENTED_EDGE('',*,*,#7706,.T.);
#7751 = ORIENTED_EDGE('',*,*,#2133,.F.);
#7752 = ADVANCED_FACE('',(#7753),#2202,.T.);
#7753 = FACE_BOUND('',#7754,.T.);
#7754 = EDGE_LOOP('',(#7755,#7778,#7799,#7820));
#7755 = ORIENTED_EDGE('',*,*,#7756,.F.);
#7756 = EDGE_CURVE('',#7757,#2186,#7759,.T.);
#7757 = VERTEX_POINT('',#7758);
#7758 = CARTESIAN_POINT('',(0.,42.5,13.));
#7759 = SURFACE_CURVE('',#7760,(#7764,#7771),.PCURVE_S1.);
#7760 = LINE('',#7761,#7762);
#7761 = CARTESIAN_POINT('',(-1.,42.5,13.));
#7762 = VECTOR('',#7763,1.);
#7763 = DIRECTION('',(1.,0.,-0.));
#7764 = PCURVE('',#2202,#7765);
#7765 = DEFINITIONAL_REPRESENTATION('',(#7766),#7770);
#7766 = LINE('',#7767,#7768);
#7767 = CARTESIAN_POINT('',(0.,2.5));
#7768 = VECTOR('',#7769,1.);
#7769 = DIRECTION('',(1.,0.));
#7770 = ( GEOMETRIC_REPRESENTATION_CONTEXT(2) 
PARAMETRIC_REPRESENTATION_CONTEXT() REPRESENTATION_CONTEXT('2D SPACE',''
  ) );
#7771 = PCURVE('',#2278,#7772);
#7772 = DEFINITIONAL_REPRESENTATION('',(#7773),#7777);
#7773 = LINE('',#7774,#7775);
#7774 = CARTESIAN_POINT('',(0.,0.));
#7775 = VECTOR('',#7776,1.);
#7776 = DIRECTION('',(0.,1.));
#7777 = ( GEOMETRIC_REPRESENTATION_CONTEXT(2) 
PARAMETRIC_REPRESENTATION_CONTEXT() REPRESENTATION_CONTEXT('2D SPACE',''
  ) );
#7778 = ORIENTED_EDGE('',*,*,#7779,.T.);
#7779 = EDGE_CURVE('',#7757,#7780,#7782,.T.);
#7780 = VERTEX_POINT('',#7781);
#7781 = CARTESIAN_POINT('',(0.,40.,13.));
#7782 = SURFACE_CURVE('',#7783,(#7787,#7793),.PCURVE_S1.);
#7783 = LINE('',#7784,#7785);
#7784 = CARTESIAN_POINT('',(0.,72.5,13.));
#7785 = VECTOR('',#7786,1.);
#7786 = DIRECTION('',(0.,-1.,0.));
#7787 = PCURVE('',#2202,#7788);
#7788 = DEFINITIONAL_REPRESENTATION('',(#7789),#7792);
#7789 = B_SPLINE_CURVE_WITH_KNOTS('',1,(#7790,#7791),.UNSPECIFIED.,.F.,
  .F.,(2,2),(30.,32.5),.PIECEWISE_BEZIER_KNOTS.);
#7790 = CARTESIAN_POINT('',(1.,2.5));
#7791 = CARTESIAN_POINT('',(1.,0.));
#7792 = ( GEOMETRIC_REPRESENTATION_CONTEXT(2) 
PARAMETRIC_REPRESENTATION_CONTEXT() REPRESENTATION_CONTEXT('2D SPACE',''
  ) );
#7793 = PCURVE('',#3167,#7794);
#7794 = DEFINITIONAL_REPRESENTATION('',(#7795),#7798);
#7795 = B_SPLINE_CURVE_WITH_KNOTS('',1,(#7796,#7797),.UNSPECIFIED.,.F.,
  .F.,(2,2),(30.,32.5),.PIECEWISE_BEZIER_KNOTS.);
#7796 = CARTESIAN_POINT('',(62.5,-13.));
#7797 = CARTESIAN_POINT('',(65.,-13.));
#7798 = ( GEOMETRIC_REPRESENTATION_CONTEXT(2) 
PARAMETRIC_REPRESENTATION_CONTEXT() REPRESENTATION_CONTEXT('2D SPACE',''
  ) );
#7799 = ORIENTED_EDGE('',*,*,#7800,.T.);
#7800 = EDGE_CURVE('',#7780,#2188,#7801,.T.);
#7801 = SURFACE_CURVE('',#7802,(#7806,#7813),.PCURVE_S1.);
#7802 = LINE('',#7803,#7804);
#7803 = CARTESIAN_POINT('',(-1.,40.,13.));
#7804 = VECTOR('',#7805,1.);
#7805 = DIRECTION('',(1.,0.,-0.));
#7806 = PCURVE('',#2202,#7807);
#7807 = DEFINITIONAL_REPRESENTATION('',(#7808),#7812);
#7808 = LINE('',#7809,#7810);
#7809 = CARTESIAN_POINT('',(0.,0.));
#7810 = VECTOR('',#7811,1.);
#7811 = DIRECTION('',(1.,0.));
#7812 = ( GEOMETRIC_REPRESENTATION_CONTEXT(2) 
PARAMETRIC_REPRESENTATION_CONTEXT() REPRESENTATION_CONTEXT('2D SPACE',''
  ) );
#7813 = PCURVE('',#2228,#7814);
#7814 = DEFINITIONAL_REPRESENTATION('',(#7815),#7819);
#7815 = LINE('',#7816,#7817);
#7816 = CARTESIAN_POINT('',(0.,0.));
#7817 = VECTOR('',#7818,1.);
#7818 = DIRECTION('',(0.,1.));
#7819 = ( GEOMETRIC_REPRESENTATION_CONTEXT(2) 
PARAMETRIC_REPRESENTATION_CONTEXT() REPRESENTATION_CONTEXT('2D SPACE',''
  ) );
#7820 = ORIENTED_EDGE('',*,*,#2185,.F.);
#7821 = ADVANCED_FACE('',(#7822),#2278,.F.);
#7822 = FACE_BOUND('',#7823,.F.);
#7823 = EDGE_LOOP('',(#7824,#7825,#7846,#7867));
#7824 = ORIENTED_EDGE('',*,*,#7756,.F.);
#7825 = ORIENTED_EDGE('',*,*,#7826,.T.);
#7826 = EDGE_CURVE('',#7757,#7827,#7829,.T.);
#7827 = VERTEX_POINT('',#7828);
#7828 = CARTESIAN_POINT('',(0.,42.5,20.4));
#7829 = SURFACE_CURVE('',#7830,(#7834,#7840),.PCURVE_S1.);
#7830 = LINE('',#7831,#7832);
#7831 = CARTESIAN_POINT('',(0.,42.5,6.5));
#7832 = VECTOR('',#7833,1.);
#7833 = DIRECTION('',(0.,0.,1.));
#7834 = PCURVE('',#2278,#7835);
#7835 = DEFINITIONAL_REPRESENTATION('',(#7836),#7839);
#7836 = B_SPLINE_CURVE_WITH_KNOTS('',1,(#7837,#7838),.UNSPECIFIED.,.F.,
  .F.,(2,2),(6.5,13.9),.PIECEWISE_BEZIER_KNOTS.);
#7837 = CARTESIAN_POINT('',(0.,1.));
#7838 = CARTESIAN_POINT('',(7.4,1.));
#7839 = ( GEOMETRIC_REPRESENTATION_CONTEXT(2) 
PARAMETRIC_REPRESENTATION_CONTEXT() REPRESENTATION_CONTEXT('2D SPACE',''
  ) );
#7840 = PCURVE('',#3167,#7841);
#7841 = DEFINITIONAL_REPRESENTATION('',(#7842),#7845);
#7842 = B_SPLINE_CURVE_WITH_KNOTS('',1,(#7843,#7844),.UNSPECIFIED.,.F.,
  .F.,(2,2),(6.5,13.9),.PIECEWISE_BEZIER_KNOTS.);
#7843 = CARTESIAN_POINT('',(62.5,-13.));
#7844 = CARTESIAN_POINT('',(62.5,-20.4));
#7845 = ( GEOMETRIC_REPRESENTATION_CONTEXT(2) 
PARAMETRIC_REPRESENTATION_CONTEXT() REPRESENTATION_CONTEXT('2D SPACE',''
  ) );
#7846 = ORIENTED_EDGE('',*,*,#7847,.T.);
#7847 = EDGE_CURVE('',#7827,#2240,#7848,.T.);
#7848 = SURFACE_CURVE('',#7849,(#7853,#7860),.PCURVE_S1.);
#7849 = LINE('',#7850,#7851);
#7850 = CARTESIAN_POINT('',(-1.,42.5,20.4));
#7851 = VECTOR('',#7852,1.);
#7852 = DIRECTION('',(1.,0.,-0.));
#7853 = PCURVE('',#2278,#7854);
#7854 = DEFINITIONAL_REPRESENTATION('',(#7855),#7859);
#7855 = LINE('',#7856,#7857);
#7856 = CARTESIAN_POINT('',(7.4,0.));
#7857 = VECTOR('',#7858,1.);
#7858 = DIRECTION('',(0.,1.));
#7859 = ( GEOMETRIC_REPRESENTATION_CONTEXT(2) 
PARAMETRIC_REPRESENTATION_CONTEXT() REPRESENTATION_CONTEXT('2D SPACE',''
  ) );
#7860 = PCURVE('',#2254,#7861);
#7861 = DEFINITIONAL_REPRESENTATION('',(#7862),#7866);
#7862 = LINE('',#7863,#7864);
#7863 = CARTESIAN_POINT('',(0.,2.5));
#7864 = VECTOR('',#7865,1.);
#7865 = DIRECTION('',(1.,0.));
#7866 = ( GEOMETRIC_REPRESENTATION_CONTEXT(2) 
PARAMETRIC_REPRESENTATION_CONTEXT() REPRESENTATION_CONTEXT('2D SPACE',''
  ) );
#7867 = ORIENTED_EDGE('',*,*,#2265,.F.);
#7868 = ADVANCED_FACE('',(#7869),#2228,.T.);
#7869 = FACE_BOUND('',#7870,.T.);
#7870 = EDGE_LOOP('',(#7871,#7872,#7893,#7914));
#7871 = ORIENTED_EDGE('',*,*,#7800,.F.);
#7872 = ORIENTED_EDGE('',*,*,#7873,.T.);
#7873 = EDGE_CURVE('',#7780,#7874,#7876,.T.);
#7874 = VERTEX_POINT('',#7875);
#7875 = CARTESIAN_POINT('',(0.,40.,20.4));
#7876 = SURFACE_CURVE('',#7877,(#7881,#7887),.PCURVE_S1.);
#7877 = LINE('',#7878,#7879);
#7878 = CARTESIAN_POINT('',(0.,40.,6.5));
#7879 = VECTOR('',#7880,1.);
#7880 = DIRECTION('',(0.,0.,1.));
#7881 = PCURVE('',#2228,#7882);
#7882 = DEFINITIONAL_REPRESENTATION('',(#7883),#7886);
#7883 = B_SPLINE_CURVE_WITH_KNOTS('',1,(#7884,#7885),.UNSPECIFIED.,.F.,
  .F.,(2,2),(6.5,13.9),.PIECEWISE_BEZIER_KNOTS.);
#7884 = CARTESIAN_POINT('',(0.,1.));
#7885 = CARTESIAN_POINT('',(7.4,1.));
#7886 = ( GEOMETRIC_REPRESENTATION_CONTEXT(2) 
PARAMETRIC_REPRESENTATION_CONTEXT() REPRESENTATION_CONTEXT('2D SPACE',''
  ) );
#7887 = PCURVE('',#3167,#7888);
#7888 = DEFINITIONAL_REPRESENTATION('',(#7889),#7892);
#7889 = B_SPLINE_CURVE_WITH_KNOTS('',1,(#7890,#7891),.UNSPECIFIED.,.F.,
  .F.,(2,2),(6.5,13.9),.PIECEWISE_BEZIER_KNOTS.);
#7890 = CARTESIAN_POINT('',(65.,-13.));
#7891 = CARTESIAN_POINT('',(65.,-20.4));
#7892 = ( GEOMETRIC_REPRESENTATION_CONTEXT(2) 
PARAMETRIC_REPRESENTATION_CONTEXT() REPRESENTATION_CONTEXT('2D SPACE',''
  ) );
#7893 = ORIENTED_EDGE('',*,*,#7894,.T.);
#7894 = EDGE_CURVE('',#7874,#2214,#7895,.T.);
#7895 = SURFACE_CURVE('',#7896,(#7900,#7907),.PCURVE_S1.);
#7896 = LINE('',#7897,#7898);
#7897 = CARTESIAN_POINT('',(-1.,40.,20.4));
#7898 = VECTOR('',#7899,1.);
#7899 = DIRECTION('',(1.,0.,-0.));
#7900 = PCURVE('',#2228,#7901);
#7901 = DEFINITIONAL_REPRESENTATION('',(#7902),#7906);
#7902 = LINE('',#7903,#7904);
#7903 = CARTESIAN_POINT('',(7.4,0.));
#7904 = VECTOR('',#7905,1.);
#7905 = DIRECTION('',(0.,1.));
#7906 = ( GEOMETRIC_REPRESENTATION_CONTEXT(2) 
PARAMETRIC_REPRESENTATION_CONTEXT() REPRESENTATION_CONTEXT('2D SPACE',''
  ) );
#7907 = PCURVE('',#2254,#7908);
#7908 = DEFINITIONAL_REPRESENTATION('',(#7909),#7913);
#7909 = LINE('',#7910,#7911);
#7910 = CARTESIAN_POINT('',(0.,0.));
#7911 = VECTOR('',#7912,1.);
#7912 = DIRECTION('',(1.,0.));
#7913 = ( GEOMETRIC_REPRESENTATION_CONTEXT(2) 
PARAMETRIC_REPRESENTATION_CONTEXT() REPRESENTATION_CONTEXT('2D SPACE',''
  ) );
#7914 = ORIENTED_EDGE('',*,*,#2213,.F.);
#7915 = ADVANCED_FACE('',(#7916),#2254,.F.);
#7916 = FACE_BOUND('',#7917,.F.);
#7917 = EDGE_LOOP('',(#7918,#7919,#7938,#7939));
#7918 = ORIENTED_EDGE('',*,*,#7847,.F.);
#7919 = ORIENTED_EDGE('',*,*,#7920,.T.);
#7920 = EDGE_CURVE('',#7827,#7874,#7921,.T.);
#7921 = SURFACE_CURVE('',#7922,(#7926,#7932),.PCURVE_S1.);
#7922 = LINE('',#7923,#7924);
#7923 = CARTESIAN_POINT('',(0.,72.5,20.4));
#7924 = VECTOR('',#7925,1.);
#7925 = DIRECTION('',(0.,-1.,0.));
#7926 = PCURVE('',#2254,#7927);
#7927 = DEFINITIONAL_REPRESENTATION('',(#7928),#7931);
#7928 = B_SPLINE_CURVE_WITH_KNOTS('',1,(#7929,#7930),.UNSPECIFIED.,.F.,
  .F.,(2,2),(30.,32.5),.PIECEWISE_BEZIER_KNOTS.);
#7929 = CARTESIAN_POINT('',(1.,2.5));
#7930 = CARTESIAN_POINT('',(1.,0.));
#7931 = ( GEOMETRIC_REPRESENTATION_CONTEXT(2) 
PARAMETRIC_REPRESENTATION_CONTEXT() REPRESENTATION_CONTEXT('2D SPACE',''
  ) );
#7932 = PCURVE('',#3167,#7933);
#7933 = DEFINITIONAL_REPRESENTATION('',(#7934),#7937);
#7934 = B_SPLINE_CURVE_WITH_KNOTS('',1,(#7935,#7936),.UNSPECIFIED.,.F.,
  .F.,(2,2),(30.,32.5),.PIECEWISE_BEZIER_KNOTS.);
#7935 = CARTESIAN_POINT('',(62.5,-20.4));
#7936 = CARTESIAN_POINT('',(65.,-20.4));
#7937 = ( GEOMETRIC_REPRESENTATION_CONTEXT(2) 
PARAMETRIC_REPRESENTATION_CONTEXT() REPRESENTATION_CONTEXT('2D SPACE',''
  ) );
#7938 = ORIENTED_EDGE('',*,*,#7894,.T.);
#7939 = ORIENTED_EDGE('',*,*,#2239,.F.);
#7940 = ADVANCED_FACE('',(#7941),#2308,.T.);
#7941 = FACE_BOUND('',#7942,.T.);
#7942 = EDGE_LOOP('',(#7943,#7966,#7987,#8008));
#7943 = ORIENTED_EDGE('',*,*,#7944,.F.);
#7944 = EDGE_CURVE('',#7945,#2292,#7947,.T.);
#7945 = VERTEX_POINT('',#7946);
#7946 = CARTESIAN_POINT('',(0.,36.5,13.));
#7947 = SURFACE_CURVE('',#7948,(#7952,#7959),.PCURVE_S1.);
#7948 = LINE('',#7949,#7950);
#7949 = CARTESIAN_POINT('',(-1.,36.5,13.));
#7950 = VECTOR('',#7951,1.);
#7951 = DIRECTION('',(1.,0.,-0.));
#7952 = PCURVE('',#2308,#7953);
#7953 = DEFINITIONAL_REPRESENTATION('',(#7954),#7958);
#7954 = LINE('',#7955,#7956);
#7955 = CARTESIAN_POINT('',(0.,2.5));
#7956 = VECTOR('',#7957,1.);
#7957 = DIRECTION('',(1.,0.));
#7958 = ( GEOMETRIC_REPRESENTATION_CONTEXT(2) 
PARAMETRIC_REPRESENTATION_CONTEXT() REPRESENTATION_CONTEXT('2D SPACE',''
  ) );
#7959 = PCURVE('',#2384,#7960);
#7960 = DEFINITIONAL_REPRESENTATION('',(#7961),#7965);
#7961 = LINE('',#7962,#7963);
#7962 = CARTESIAN_POINT('',(0.,0.));
#7963 = VECTOR('',#7964,1.);
#7964 = DIRECTION('',(0.,1.));
#7965 = ( GEOMETRIC_REPRESENTATION_CONTEXT(2) 
PARAMETRIC_REPRESENTATION_CONTEXT() REPRESENTATION_CONTEXT('2D SPACE',''
  ) );
#7966 = ORIENTED_EDGE('',*,*,#7967,.T.);
#7967 = EDGE_CURVE('',#7945,#7968,#7970,.T.);
#7968 = VERTEX_POINT('',#7969);
#7969 = CARTESIAN_POINT('',(0.,34.,13.));
#7970 = SURFACE_CURVE('',#7971,(#7975,#7981),.PCURVE_S1.);
#7971 = LINE('',#7972,#7973);
#7972 = CARTESIAN_POINT('',(0.,69.5,13.));
#7973 = VECTOR('',#7974,1.);
#7974 = DIRECTION('',(0.,-1.,0.));
#7975 = PCURVE('',#2308,#7976);
#7976 = DEFINITIONAL_REPRESENTATION('',(#7977),#7980);
#7977 = B_SPLINE_CURVE_WITH_KNOTS('',1,(#7978,#7979),.UNSPECIFIED.,.F.,
  .F.,(2,2),(33.,35.5),.PIECEWISE_BEZIER_KNOTS.);
#7978 = CARTESIAN_POINT('',(1.,2.5));
#7979 = CARTESIAN_POINT('',(1.,0.));
#7980 = ( GEOMETRIC_REPRESENTATION_CONTEXT(2) 
PARAMETRIC_REPRESENTATION_CONTEXT() REPRESENTATION_CONTEXT('2D SPACE',''
  ) );
#7981 = PCURVE('',#3167,#7982);
#7982 = DEFINITIONAL_REPRESENTATION('',(#7983),#7986);
#7983 = B_SPLINE_CURVE_WITH_KNOTS('',1,(#7984,#7985),.UNSPECIFIED.,.F.,
  .F.,(2,2),(33.,35.5),.PIECEWISE_BEZIER_KNOTS.);
#7984 = CARTESIAN_POINT('',(68.5,-13.));
#7985 = CARTESIAN_POINT('',(71.,-13.));
#7986 = ( GEOMETRIC_REPRESENTATION_CONTEXT(2) 
PARAMETRIC_REPRESENTATION_CONTEXT() REPRESENTATION_CONTEXT('2D SPACE',''
  ) );
#7987 = ORIENTED_EDGE('',*,*,#7988,.T.);
#7988 = EDGE_CURVE('',#7968,#2294,#7989,.T.);
#7989 = SURFACE_CURVE('',#7990,(#7994,#8001),.PCURVE_S1.);
#7990 = LINE('',#7991,#7992);
#7991 = CARTESIAN_POINT('',(-1.,34.,13.));
#7992 = VECTOR('',#7993,1.);
#7993 = DIRECTION('',(1.,0.,-0.));
#7994 = PCURVE('',#2308,#7995);
#7995 = DEFINITIONAL_REPRESENTATION('',(#7996),#8000);
#7996 = LINE('',#7997,#7998);
#7997 = CARTESIAN_POINT('',(0.,0.));
#7998 = VECTOR('',#7999,1.);
#7999 = DIRECTION('',(1.,0.));
#8000 = ( GEOMETRIC_REPRESENTATION_CONTEXT(2) 
PARAMETRIC_REPRESENTATION_CONTEXT() REPRESENTATION_CONTEXT('2D SPACE',''
  ) );
#8001 = PCURVE('',#2334,#8002);
#8002 = DEFINITIONAL_REPRESENTATION('',(#8003),#8007);
#8003 = LINE('',#8004,#8005);
#8004 = CARTESIAN_POINT('',(0.,0.));
#8005 = VECTOR('',#8006,1.);
#8006 = DIRECTION('',(0.,1.));
#8007 = ( GEOMETRIC_REPRESENTATION_CONTEXT(2) 
PARAMETRIC_REPRESENTATION_CONTEXT() REPRESENTATION_CONTEXT('2D SPACE',''
  ) );
#8008 = ORIENTED_EDGE('',*,*,#2291,.F.);
#8009 = ADVANCED_FACE('',(#8010),#2384,.F.);
#8010 = FACE_BOUND('',#8011,.F.);
#8011 = EDGE_LOOP('',(#8012,#8013,#8034,#8055));
#8012 = ORIENTED_EDGE('',*,*,#7944,.F.);
#8013 = ORIENTED_EDGE('',*,*,#8014,.T.);
#8014 = EDGE_CURVE('',#7945,#8015,#8017,.T.);
#8015 = VERTEX_POINT('',#8016);
#8016 = CARTESIAN_POINT('',(0.,36.5,20.4));
#8017 = SURFACE_CURVE('',#8018,(#8022,#8028),.PCURVE_S1.);
#8018 = LINE('',#8019,#8020);
#8019 = CARTESIAN_POINT('',(0.,36.5,6.5));
#8020 = VECTOR('',#8021,1.);
#8021 = DIRECTION('',(0.,0.,1.));
#8022 = PCURVE('',#2384,#8023);
#8023 = DEFINITIONAL_REPRESENTATION('',(#8024),#8027);
#8024 = B_SPLINE_CURVE_WITH_KNOTS('',1,(#8025,#8026),.UNSPECIFIED.,.F.,
  .F.,(2,2),(6.5,13.9),.PIECEWISE_BEZIER_KNOTS.);
#8025 = CARTESIAN_POINT('',(0.,1.));
#8026 = CARTESIAN_POINT('',(7.4,1.));
#8027 = ( GEOMETRIC_REPRESENTATION_CONTEXT(2) 
PARAMETRIC_REPRESENTATION_CONTEXT() REPRESENTATION_CONTEXT('2D SPACE',''
  ) );
#8028 = PCURVE('',#3167,#8029);
#8029 = DEFINITIONAL_REPRESENTATION('',(#8030),#8033);
#8030 = B_SPLINE_CURVE_WITH_KNOTS('',1,(#8031,#8032),.UNSPECIFIED.,.F.,
  .F.,(2,2),(6.5,13.9),.PIECEWISE_BEZIER_KNOTS.);
#8031 = CARTESIAN_POINT('',(68.5,-13.));
#8032 = CARTESIAN_POINT('',(68.5,-20.4));
#8033 = ( GEOMETRIC_REPRESENTATION_CONTEXT(2) 
PARAMETRIC_REPRESENTATION_CONTEXT() REPRESENTATION_CONTEXT('2D SPACE',''
  ) );
#8034 = ORIENTED_EDGE('',*,*,#8035,.T.);
#8035 = EDGE_CURVE('',#8015,#2346,#8036,.T.);
#8036 = SURFACE_CURVE('',#8037,(#8041,#8048),.PCURVE_S1.);
#8037 = LINE('',#8038,#8039);
#8038 = CARTESIAN_POINT('',(-1.,36.5,20.4));
#8039 = VECTOR('',#8040,1.);
#8040 = DIRECTION('',(1.,0.,-0.));
#8041 = PCURVE('',#2384,#8042);
#8042 = DEFINITIONAL_REPRESENTATION('',(#8043),#8047);
#8043 = LINE('',#8044,#8045);
#8044 = CARTESIAN_POINT('',(7.4,0.));
#8045 = VECTOR('',#8046,1.);
#8046 = DIRECTION('',(0.,1.));
#8047 = ( GEOMETRIC_REPRESENTATION_CONTEXT(2) 
PARAMETRIC_REPRESENTATION_CONTEXT() REPRESENTATION_CONTEXT('2D SPACE',''
  ) );
#8048 = PCURVE('',#2360,#8049);
#8049 = DEFINITIONAL_REPRESENTATION('',(#8050),#8054);
#8050 = LINE('',#8051,#8052);
#8051 = CARTESIAN_POINT('',(0.,2.5));
#8052 = VECTOR('',#8053,1.);
#8053 = DIRECTION('',(1.,0.));
#8054 = ( GEOMETRIC_REPRESENTATION_CONTEXT(2) 
PARAMETRIC_REPRESENTATION_CONTEXT() REPRESENTATION_CONTEXT('2D SPACE',''
  ) );
#8055 = ORIENTED_EDGE('',*,*,#2371,.F.);
#8056 = ADVANCED_FACE('',(#8057),#2334,.T.);
#8057 = FACE_BOUND('',#8058,.T.);
#8058 = EDGE_LOOP('',(#8059,#8060,#8081,#8102));
#8059 = ORIENTED_EDGE('',*,*,#7988,.F.);
#8060 = ORIENTED_EDGE('',*,*,#8061,.T.);
#8061 = EDGE_CURVE('',#7968,#8062,#8064,.T.);
#8062 = VERTEX_POINT('',#8063);
#8063 = CARTESIAN_POINT('',(0.,34.,20.4));
#8064 = SURFACE_CURVE('',#8065,(#8069,#8075),.PCURVE_S1.);
#8065 = LINE('',#8066,#8067);
#8066 = CARTESIAN_POINT('',(0.,34.,6.5));
#8067 = VECTOR('',#8068,1.);
#8068 = DIRECTION('',(0.,0.,1.));
#8069 = PCURVE('',#2334,#8070);
#8070 = DEFINITIONAL_REPRESENTATION('',(#8071),#8074);
#8071 = B_SPLINE_CURVE_WITH_KNOTS('',1,(#8072,#8073),.UNSPECIFIED.,.F.,
  .F.,(2,2),(6.5,13.9),.PIECEWISE_BEZIER_KNOTS.);
#8072 = CARTESIAN_POINT('',(0.,1.));
#8073 = CARTESIAN_POINT('',(7.4,1.));
#8074 = ( GEOMETRIC_REPRESENTATION_CONTEXT(2) 
PARAMETRIC_REPRESENTATION_CONTEXT() REPRESENTATION_CONTEXT('2D SPACE',''
  ) );
#8075 = PCURVE('',#3167,#8076);
#8076 = DEFINITIONAL_REPRESENTATION('',(#8077),#8080);
#8077 = B_SPLINE_CURVE_WITH_KNOTS('',1,(#8078,#8079),.UNSPECIFIED.,.F.,
  .F.,(2,2),(6.5,13.9),.PIECEWISE_BEZIER_KNOTS.);
#8078 = CARTESIAN_POINT('',(71.,-13.));
#8079 = CARTESIAN_POINT('',(71.,-20.4));
#8080 = ( GEOMETRIC_REPRESENTATION_CONTEXT(2) 
PARAMETRIC_REPRESENTATION_CONTEXT() REPRESENTATION_CONTEXT('2D SPACE',''
  ) );
#8081 = ORIENTED_EDGE('',*,*,#8082,.T.);
#8082 = EDGE_CURVE('',#8062,#2320,#8083,.T.);
#8083 = SURFACE_CURVE('',#8084,(#8088,#8095),.PCURVE_S1.);
#8084 = LINE('',#8085,#8086);
#8085 = CARTESIAN_POINT('',(-1.,34.,20.4));
#8086 = VECTOR('',#8087,1.);
#8087 = DIRECTION('',(1.,0.,-0.));
#8088 = PCURVE('',#2334,#8089);
#8089 = DEFINITIONAL_REPRESENTATION('',(#8090),#8094);
#8090 = LINE('',#8091,#8092);
#8091 = CARTESIAN_POINT('',(7.4,0.));
#8092 = VECTOR('',#8093,1.);
#8093 = DIRECTION('',(0.,1.));
#8094 = ( GEOMETRIC_REPRESENTATION_CONTEXT(2) 
PARAMETRIC_REPRESENTATION_CONTEXT() REPRESENTATION_CONTEXT('2D SPACE',''
  ) );
#8095 = PCURVE('',#2360,#8096);
#8096 = DEFINITIONAL_REPRESENTATION('',(#8097),#8101);
#8097 = LINE('',#8098,#8099);
#8098 = CARTESIAN_POINT('',(0.,0.));
#8099 = VECTOR('',#8100,1.);
#8100 = DIRECTION('',(1.,0.));
#8101 = ( GEOMETRIC_REPRESENTATION_CONTEXT(2) 
PARAMETRIC_REPRESENTATION_CONTEXT() REPRESENTATION_CONTEXT('2D SPACE',''
  ) );
#8102 = ORIENTED_EDGE('',*,*,#2319,.F.);
#8103 = ADVANCED_FACE('',(#8104),#2360,.F.);
#8104 = FACE_BOUND('',#8105,.F.);
#8105 = EDGE_LOOP('',(#8106,#8107,#8126,#8127));
#8106 = ORIENTED_EDGE('',*,*,#8035,.F.);
#8107 = ORIENTED_EDGE('',*,*,#8108,.T.);
#8108 = EDGE_CURVE('',#8015,#8062,#8109,.T.);
#8109 = SURFACE_CURVE('',#8110,(#8114,#8120),.PCURVE_S1.);
#8110 = LINE('',#8111,#8112);
#8111 = CARTESIAN_POINT('',(0.,69.5,20.4));
#8112 = VECTOR('',#8113,1.);
#8113 = DIRECTION('',(0.,-1.,0.));
#8114 = PCURVE('',#2360,#8115);
#8115 = DEFINITIONAL_REPRESENTATION('',(#8116),#8119);
#8116 = B_SPLINE_CURVE_WITH_KNOTS('',1,(#8117,#8118),.UNSPECIFIED.,.F.,
  .F.,(2,2),(33.,35.5),.PIECEWISE_BEZIER_KNOTS.);
#8117 = CARTESIAN_POINT('',(1.,2.5));
#8118 = CARTESIAN_POINT('',(1.,0.));
#8119 = ( GEOMETRIC_REPRESENTATION_CONTEXT(2) 
PARAMETRIC_REPRESENTATION_CONTEXT() REPRESENTATION_CONTEXT('2D SPACE',''
  ) );
#8120 = PCURVE('',#3167,#8121);
#8121 = DEFINITIONAL_REPRESENTATION('',(#8122),#8125);
#8122 = B_SPLINE_CURVE_WITH_KNOTS('',1,(#8123,#8124),.UNSPECIFIED.,.F.,
  .F.,(2,2),(33.,35.5),.PIECEWISE_BEZIER_KNOTS.);
#8123 = CARTESIAN_POINT('',(68.5,-20.4));
#8124 = CARTESIAN_POINT('',(71.,-20.4));
#8125 = ( GEOMETRIC_REPRESENTATION_CONTEXT(2) 
PARAMETRIC_REPRESENTATION_CONTEXT() REPRESENTATION_CONTEXT('2D SPACE',''
  ) );
#8126 = ORIENTED_EDGE('',*,*,#8082,.T.);
#8127 = ORIENTED_EDGE('',*,*,#2345,.F.);
#8128 = ADVANCED_FACE('',(#8129),#2635,.F.);
#8129 = FACE_BOUND('',#8130,.F.);
#8130 = EDGE_LOOP('',(#8131,#8132,#8133,#8156));
#8131 = ORIENTED_EDGE('',*,*,#2621,.F.);
#8132 = ORIENTED_EDGE('',*,*,#2754,.T.);
#8133 = ORIENTED_EDGE('',*,*,#8134,.T.);
#8134 = EDGE_CURVE('',#2653,#8135,#8137,.T.);
#8135 = VERTEX_POINT('',#8136);
#8136 = CARTESIAN_POINT('',(115.4,2.55,25.8));
#8137 = SURFACE_CURVE('',#8138,(#8142,#8149),.PCURVE_S1.);
#8138 = LINE('',#8139,#8140);
#8139 = CARTESIAN_POINT('',(115.4,1.05,25.8));
#8140 = VECTOR('',#8141,1.);
#8141 = DIRECTION('',(-0.,1.,0.));
#8142 = PCURVE('',#2635,#8143);
#8143 = DEFINITIONAL_REPRESENTATION('',(#8144),#8148);
#8144 = LINE('',#8145,#8146);
#8145 = CARTESIAN_POINT('',(68.3,0.));
#8146 = VECTOR('',#8147,1.);
#8147 = DIRECTION('',(0.,1.));
#8148 = ( GEOMETRIC_REPRESENTATION_CONTEXT(2) 
PARAMETRIC_REPRESENTATION_CONTEXT() REPRESENTATION_CONTEXT('2D SPACE',''
  ) );
#8149 = PCURVE('',#2668,#8150);
#8150 = DEFINITIONAL_REPRESENTATION('',(#8151),#8155);
#8151 = LINE('',#8152,#8153);
#8152 = CARTESIAN_POINT('',(26.8,0.));
#8153 = VECTOR('',#8154,1.);
#8154 = DIRECTION('',(0.,-1.));
#8155 = ( GEOMETRIC_REPRESENTATION_CONTEXT(2) 
PARAMETRIC_REPRESENTATION_CONTEXT() REPRESENTATION_CONTEXT('2D SPACE',''
  ) );
#8156 = ORIENTED_EDGE('',*,*,#8157,.F.);
#8157 = EDGE_CURVE('',#2594,#8135,#8158,.T.);
#8158 = SURFACE_CURVE('',#8159,(#8163,#8170),.PCURVE_S1.);
#8159 = LINE('',#8160,#8161);
#8160 = CARTESIAN_POINT('',(47.1,2.55,25.8));
#8161 = VECTOR('',#8162,1.);
#8162 = DIRECTION('',(1.,0.,-0.));
#8163 = PCURVE('',#2635,#8164);
#8164 = DEFINITIONAL_REPRESENTATION('',(#8165),#8169);
#8165 = LINE('',#8166,#8167);
#8166 = CARTESIAN_POINT('',(0.,1.5));
#8167 = VECTOR('',#8168,1.);
#8168 = DIRECTION('',(1.,0.));
#8169 = ( GEOMETRIC_REPRESENTATION_CONTEXT(2) 
PARAMETRIC_REPRESENTATION_CONTEXT() REPRESENTATION_CONTEXT('2D SPACE',''
  ) );
#8170 = PCURVE('',#2609,#8171);
#8171 = DEFINITIONAL_REPRESENTATION('',(#8172),#8176);
#8172 = LINE('',#8173,#8174);
#8173 = CARTESIAN_POINT('',(26.8,0.));
#8174 = VECTOR('',#8175,1.);
#8175 = DIRECTION('',(0.,1.));
#8176 = ( GEOMETRIC_REPRESENTATION_CONTEXT(2) 
PARAMETRIC_REPRESENTATION_CONTEXT() REPRESENTATION_CONTEXT('2D SPACE',''
  ) );
#8177 = ADVANCED_FACE('',(#8178),#2609,.F.);
#8178 = FACE_BOUND('',#8179,.F.);
#8179 = EDGE_LOOP('',(#8180,#8203,#8229,#8248,#8249,#8270,#8289,#8290));
#8180 = ORIENTED_EDGE('',*,*,#8181,.F.);
#8181 = EDGE_CURVE('',#8182,#8135,#8184,.T.);
#8182 = VERTEX_POINT('',#8183);
#8183 = CARTESIAN_POINT('',(115.4,2.55,8.));
#8184 = SURFACE_CURVE('',#8185,(#8189,#8196),.PCURVE_S1.);
#8185 = LINE('',#8186,#8187);
#8186 = CARTESIAN_POINT('',(115.4,2.55,-1.));
#8187 = VECTOR('',#8188,1.);
#8188 = DIRECTION('',(0.,0.,1.));
#8189 = PCURVE('',#2609,#8190);
#8190 = DEFINITIONAL_REPRESENTATION('',(#8191),#8195);
#8191 = LINE('',#8192,#8193);
#8192 = CARTESIAN_POINT('',(0.,68.3));
#8193 = VECTOR('',#8194,1.);
#8194 = DIRECTION('',(1.,0.));
#8195 = ( GEOMETRIC_REPRESENTATION_CONTEXT(2) 
PARAMETRIC_REPRESENTATION_CONTEXT() REPRESENTATION_CONTEXT('2D SPACE',''
  ) );
#8196 = PCURVE('',#2668,#8197);
#8197 = DEFINITIONAL_REPRESENTATION('',(#8198),#8202);
#8198 = LINE('',#8199,#8200);
#8199 = CARTESIAN_POINT('',(0.,-1.5));
#8200 = VECTOR('',#8201,1.);
#8201 = DIRECTION('',(1.,0.));
#8202 = ( GEOMETRIC_REPRESENTATION_CONTEXT(2) 
PARAMETRIC_REPRESENTATION_CONTEXT() REPRESENTATION_CONTEXT('2D SPACE',''
  ) );
#8203 = ORIENTED_EDGE('',*,*,#8204,.T.);
#8204 = EDGE_CURVE('',#8182,#8205,#8207,.T.);
#8205 = VERTEX_POINT('',#8206);
#8206 = CARTESIAN_POINT('',(114.,2.55,8.));
#8207 = SURFACE_CURVE('',#8208,(#8212,#8218),.PCURVE_S1.);
#8208 = LINE('',#8209,#8210);
#8209 = CARTESIAN_POINT('',(80.55,2.55,8.));
#8210 = VECTOR('',#8211,1.);
#8211 = DIRECTION('',(-1.,-0.,0.));
#8212 = PCURVE('',#2609,#8213);
#8213 = DEFINITIONAL_REPRESENTATION('',(#8214),#8217);
#8214 = B_SPLINE_CURVE_WITH_KNOTS('',1,(#8215,#8216),.UNSPECIFIED.,.F.,
  .F.,(2,2),(-34.85,-33.45),.PIECEWISE_BEZIER_KNOTS.);
#8215 = CARTESIAN_POINT('',(9.,68.3));
#8216 = CARTESIAN_POINT('',(9.,66.9));
#8217 = ( GEOMETRIC_REPRESENTATION_CONTEXT(2) 
PARAMETRIC_REPRESENTATION_CONTEXT() REPRESENTATION_CONTEXT('2D SPACE',''
  ) );
#8218 = PCURVE('',#8219,#8224);
#8219 = PLANE('',#8220);
#8220 = AXIS2_PLACEMENT_3D('',#8221,#8222,#8223);
#8221 = CARTESIAN_POINT('',(114.,2.54,8.));
#8222 = DIRECTION('',(0.,0.,1.));
#8223 = DIRECTION('',(1.,0.,-0.));
#8224 = DEFINITIONAL_REPRESENTATION('',(#8225),#8228);
#8225 = B_SPLINE_CURVE_WITH_KNOTS('',1,(#8226,#8227),.UNSPECIFIED.,.F.,
  .F.,(2,2),(-34.85,-33.45),.PIECEWISE_BEZIER_KNOTS.);
#8226 = CARTESIAN_POINT('',(1.4,1.E-02));
#8227 = CARTESIAN_POINT('',(0.,1.E-02));
#8228 = ( GEOMETRIC_REPRESENTATION_CONTEXT(2) 
PARAMETRIC_REPRESENTATION_CONTEXT() REPRESENTATION_CONTEXT('2D SPACE',''
  ) );
#8229 = ORIENTED_EDGE('',*,*,#8230,.T.);
#8230 = EDGE_CURVE('',#8205,#4494,#8231,.T.);
#8231 = SURFACE_CURVE('',#8232,(#8236,#8242),.PCURVE_S1.);
#8232 = LINE('',#8233,#8234);
#8233 = CARTESIAN_POINT('',(114.,2.55,3.5));
#8234 = VECTOR('',#8235,1.);
#8235 = DIRECTION('',(0.,0.,1.));
#8236 = PCURVE('',#2609,#8237);
#8237 = DEFINITIONAL_REPRESENTATION('',(#8238),#8241);
#8238 = B_SPLINE_CURVE_WITH_KNOTS('',1,(#8239,#8240),.UNSPECIFIED.,.F.,
  .F.,(2,2),(4.5,20.9),.PIECEWISE_BEZIER_KNOTS.);
#8239 = CARTESIAN_POINT('',(9.,66.9));
#8240 = CARTESIAN_POINT('',(25.4,66.9));
#8241 = ( GEOMETRIC_REPRESENTATION_CONTEXT(2) 
PARAMETRIC_REPRESENTATION_CONTEXT() REPRESENTATION_CONTEXT('2D SPACE',''
  ) );
#8242 = PCURVE('',#4531,#8243);
#8243 = DEFINITIONAL_REPRESENTATION('',(#8244),#8247);
#8244 = B_SPLINE_CURVE_WITH_KNOTS('',1,(#8245,#8246),.UNSPECIFIED.,.F.,
  .F.,(2,2),(4.5,20.9),.PIECEWISE_BEZIER_KNOTS.);
#8245 = CARTESIAN_POINT('',(0.,-1.E-02));
#8246 = CARTESIAN_POINT('',(16.4,-1.E-02));
#8247 = ( GEOMETRIC_REPRESENTATION_CONTEXT(2) 
PARAMETRIC_REPRESENTATION_CONTEXT() REPRESENTATION_CONTEXT('2D SPACE',''
  ) );
#8248 = ORIENTED_EDGE('',*,*,#4493,.T.);
#8249 = ORIENTED_EDGE('',*,*,#8250,.F.);
#8250 = EDGE_CURVE('',#8251,#4467,#8253,.T.);
#8251 = VERTEX_POINT('',#8252);
#8252 = CARTESIAN_POINT('',(48.5,2.55,8.));
#8253 = SURFACE_CURVE('',#8254,(#8258,#8264),.PCURVE_S1.);
#8254 = LINE('',#8255,#8256);
#8255 = CARTESIAN_POINT('',(48.5,2.55,3.5));
#8256 = VECTOR('',#8257,1.);
#8257 = DIRECTION('',(0.,0.,1.));
#8258 = PCURVE('',#2609,#8259);
#8259 = DEFINITIONAL_REPRESENTATION('',(#8260),#8263);
#8260 = B_SPLINE_CURVE_WITH_KNOTS('',1,(#8261,#8262),.UNSPECIFIED.,.F.,
  .F.,(2,2),(4.5,20.9),.PIECEWISE_BEZIER_KNOTS.);
#8261 = CARTESIAN_POINT('',(9.,1.4));
#8262 = CARTESIAN_POINT('',(25.4,1.4));
#8263 = ( GEOMETRIC_REPRESENTATION_CONTEXT(2) 
PARAMETRIC_REPRESENTATION_CONTEXT() REPRESENTATION_CONTEXT('2D SPACE',''
  ) );
#8264 = PCURVE('',#4482,#8265);
#8265 = DEFINITIONAL_REPRESENTATION('',(#8266),#8269);
#8266 = B_SPLINE_CURVE_WITH_KNOTS('',1,(#8267,#8268),.UNSPECIFIED.,.F.,
  .F.,(2,2),(4.5,20.9),.PIECEWISE_BEZIER_KNOTS.);
#8267 = CARTESIAN_POINT('',(0.,-1.E-02));
#8268 = CARTESIAN_POINT('',(16.4,-1.E-02));
#8269 = ( GEOMETRIC_REPRESENTATION_CONTEXT(2) 
PARAMETRIC_REPRESENTATION_CONTEXT() REPRESENTATION_CONTEXT('2D SPACE',''
  ) );
#8270 = ORIENTED_EDGE('',*,*,#8271,.T.);
#8271 = EDGE_CURVE('',#8251,#2568,#8272,.T.);
#8272 = SURFACE_CURVE('',#8273,(#8277,#8283),.PCURVE_S1.);
#8273 = LINE('',#8274,#8275);
#8274 = CARTESIAN_POINT('',(46.375,2.55,8.));
#8275 = VECTOR('',#8276,1.);
#8276 = DIRECTION('',(-1.,-0.,0.));
#8277 = PCURVE('',#2609,#8278);
#8278 = DEFINITIONAL_REPRESENTATION('',(#8279),#8282);
#8279 = B_SPLINE_CURVE_WITH_KNOTS('',1,(#8280,#8281),.UNSPECIFIED.,.F.,
  .F.,(2,2),(-2.125,-0.725),.PIECEWISE_BEZIER_KNOTS.);
#8280 = CARTESIAN_POINT('',(9.,1.4));
#8281 = CARTESIAN_POINT('',(9.,0.));
#8282 = ( GEOMETRIC_REPRESENTATION_CONTEXT(2) 
PARAMETRIC_REPRESENTATION_CONTEXT() REPRESENTATION_CONTEXT('2D SPACE',''
  ) );
#8283 = PCURVE('',#2582,#8284);
#8284 = DEFINITIONAL_REPRESENTATION('',(#8285),#8288);
#8285 = B_SPLINE_CURVE_WITH_KNOTS('',1,(#8286,#8287),.UNSPECIFIED.,.F.,
  .F.,(2,2),(-2.125,-0.725),.PIECEWISE_BEZIER_KNOTS.);
#8286 = CARTESIAN_POINT('',(2.85,1.E-02));
#8287 = CARTESIAN_POINT('',(1.45,1.E-02));
#8288 = ( GEOMETRIC_REPRESENTATION_CONTEXT(2) 
PARAMETRIC_REPRESENTATION_CONTEXT() REPRESENTATION_CONTEXT('2D SPACE',''
  ) );
#8289 = ORIENTED_EDGE('',*,*,#2593,.T.);
#8290 = ORIENTED_EDGE('',*,*,#8157,.T.);
#8291 = ADVANCED_FACE('',(#8292),#2582,.F.);
#8292 = FACE_BOUND('',#8293,.F.);
#8293 = EDGE_LOOP('',(#8294,#8319,#8342,#8363,#8364,#8365));
#8294 = ORIENTED_EDGE('',*,*,#8295,.F.);
#8295 = EDGE_CURVE('',#8296,#8298,#8300,.T.);
#8296 = VERTEX_POINT('',#8297);
#8297 = CARTESIAN_POINT('',(45.65,3.99,8.));
#8298 = VERTEX_POINT('',#8299);
#8299 = CARTESIAN_POINT('',(48.5,3.99,8.));
#8300 = SURFACE_CURVE('',#8301,(#8305,#8312),.PCURVE_S1.);
#8301 = LINE('',#8302,#8303);
#8302 = CARTESIAN_POINT('',(45.65,3.99,8.));
#8303 = VECTOR('',#8304,1.);
#8304 = DIRECTION('',(1.,0.,-0.));
#8305 = PCURVE('',#2582,#8306);
#8306 = DEFINITIONAL_REPRESENTATION('',(#8307),#8311);
#8307 = LINE('',#8308,#8309);
#8308 = CARTESIAN_POINT('',(0.,1.45));
#8309 = VECTOR('',#8310,1.);
#8310 = DIRECTION('',(1.,0.));
#8311 = ( GEOMETRIC_REPRESENTATION_CONTEXT(2) 
PARAMETRIC_REPRESENTATION_CONTEXT() REPRESENTATION_CONTEXT('2D SPACE',''
  ) );
#8312 = PCURVE('',#4455,#8313);
#8313 = DEFINITIONAL_REPRESENTATION('',(#8314),#8318);
#8314 = LINE('',#8315,#8316);
#8315 = CARTESIAN_POINT('',(0.,0.));
#8316 = VECTOR('',#8317,1.);
#8317 = DIRECTION('',(0.,1.));
#8318 = ( GEOMETRIC_REPRESENTATION_CONTEXT(2) 
PARAMETRIC_REPRESENTATION_CONTEXT() REPRESENTATION_CONTEXT('2D SPACE',''
  ) );
#8319 = ORIENTED_EDGE('',*,*,#8320,.F.);
#8320 = EDGE_CURVE('',#8321,#8296,#8323,.T.);
#8321 = VERTEX_POINT('',#8322);
#8322 = CARTESIAN_POINT('',(45.65,2.54,8.));
#8323 = SURFACE_CURVE('',#8324,(#8328,#8335),.PCURVE_S1.);
#8324 = LINE('',#8325,#8326);
#8325 = CARTESIAN_POINT('',(45.65,2.54,8.));
#8326 = VECTOR('',#8327,1.);
#8327 = DIRECTION('',(-0.,1.,0.));
#8328 = PCURVE('',#2582,#8329);
#8329 = DEFINITIONAL_REPRESENTATION('',(#8330),#8334);
#8330 = LINE('',#8331,#8332);
#8331 = CARTESIAN_POINT('',(0.,0.));
#8332 = VECTOR('',#8333,1.);
#8333 = DIRECTION('',(0.,1.));
#8334 = ( GEOMETRIC_REPRESENTATION_CONTEXT(2) 
PARAMETRIC_REPRESENTATION_CONTEXT() REPRESENTATION_CONTEXT('2D SPACE',''
  ) );
#8335 = PCURVE('',#4428,#8336);
#8336 = DEFINITIONAL_REPRESENTATION('',(#8337),#8341);
#8337 = LINE('',#8338,#8339);
#8338 = CARTESIAN_POINT('',(0.,0.));
#8339 = VECTOR('',#8340,1.);
#8340 = DIRECTION('',(0.,-1.));
#8341 = ( GEOMETRIC_REPRESENTATION_CONTEXT(2) 
PARAMETRIC_REPRESENTATION_CONTEXT() REPRESENTATION_CONTEXT('2D SPACE',''
  ) );
#8342 = ORIENTED_EDGE('',*,*,#8343,.T.);
#8343 = EDGE_CURVE('',#8321,#2542,#8344,.T.);
#8344 = SURFACE_CURVE('',#8345,(#8349,#8356),.PCURVE_S1.);
#8345 = LINE('',#8346,#8347);
#8346 = CARTESIAN_POINT('',(45.65,2.54,8.));
#8347 = VECTOR('',#8348,1.);
#8348 = DIRECTION('',(1.,0.,-0.));
#8349 = PCURVE('',#2582,#8350);
#8350 = DEFINITIONAL_REPRESENTATION('',(#8351),#8355);
#8351 = LINE('',#8352,#8353);
#8352 = CARTESIAN_POINT('',(0.,0.));
#8353 = VECTOR('',#8354,1.);
#8354 = DIRECTION('',(1.,0.));
#8355 = ( GEOMETRIC_REPRESENTATION_CONTEXT(2) 
PARAMETRIC_REPRESENTATION_CONTEXT() REPRESENTATION_CONTEXT('2D SPACE',''
  ) );
#8356 = PCURVE('',#2556,#8357);
#8357 = DEFINITIONAL_REPRESENTATION('',(#8358),#8362);
#8358 = LINE('',#8359,#8360);
#8359 = CARTESIAN_POINT('',(0.,0.));
#8360 = VECTOR('',#8361,1.);
#8361 = DIRECTION('',(0.,1.));
#8362 = ( GEOMETRIC_REPRESENTATION_CONTEXT(2) 
PARAMETRIC_REPRESENTATION_CONTEXT() REPRESENTATION_CONTEXT('2D SPACE',''
  ) );
#8363 = ORIENTED_EDGE('',*,*,#2567,.T.);
#8364 = ORIENTED_EDGE('',*,*,#8271,.F.);
#8365 = ORIENTED_EDGE('',*,*,#8366,.T.);
#8366 = EDGE_CURVE('',#8251,#8298,#8367,.T.);
#8367 = SURFACE_CURVE('',#8368,(#8372,#8379),.PCURVE_S1.);
#8368 = LINE('',#8369,#8370);
#8369 = CARTESIAN_POINT('',(48.5,2.54,8.));
#8370 = VECTOR('',#8371,1.);
#8371 = DIRECTION('',(-0.,1.,0.));
#8372 = PCURVE('',#2582,#8373);
#8373 = DEFINITIONAL_REPRESENTATION('',(#8374),#8378);
#8374 = LINE('',#8375,#8376);
#8375 = CARTESIAN_POINT('',(2.85,0.));
#8376 = VECTOR('',#8377,1.);
#8377 = DIRECTION('',(0.,1.));
#8378 = ( GEOMETRIC_REPRESENTATION_CONTEXT(2) 
PARAMETRIC_REPRESENTATION_CONTEXT() REPRESENTATION_CONTEXT('2D SPACE',''
  ) );
#8379 = PCURVE('',#4482,#8380);
#8380 = DEFINITIONAL_REPRESENTATION('',(#8381),#8385);
#8381 = LINE('',#8382,#8383);
#8382 = CARTESIAN_POINT('',(0.,0.));
#8383 = VECTOR('',#8384,1.);
#8384 = DIRECTION('',(0.,-1.));
#8385 = ( GEOMETRIC_REPRESENTATION_CONTEXT(2) 
PARAMETRIC_REPRESENTATION_CONTEXT() REPRESENTATION_CONTEXT('2D SPACE',''
  ) );
#8386 = ADVANCED_FACE('',(#8387),#2556,.F.);
#8387 = FACE_BOUND('',#8388,.F.);
#8388 = EDGE_LOOP('',(#8389,#8390,#8391,#8412));
#8389 = ORIENTED_EDGE('',*,*,#2541,.T.);
#8390 = ORIENTED_EDGE('',*,*,#8343,.F.);
#8391 = ORIENTED_EDGE('',*,*,#8392,.T.);
#8392 = EDGE_CURVE('',#8321,#4391,#8393,.T.);
#8393 = SURFACE_CURVE('',#8394,(#8398,#8405),.PCURVE_S1.);
#8394 = LINE('',#8395,#8396);
#8395 = CARTESIAN_POINT('',(45.65,2.54,8.));
#8396 = VECTOR('',#8397,1.);
#8397 = DIRECTION('',(0.,0.,1.));
#8398 = PCURVE('',#2556,#8399);
#8399 = DEFINITIONAL_REPRESENTATION('',(#8400),#8404);
#8400 = LINE('',#8401,#8402);
#8401 = CARTESIAN_POINT('',(0.,0.));
#8402 = VECTOR('',#8403,1.);
#8403 = DIRECTION('',(1.,0.));
#8404 = ( GEOMETRIC_REPRESENTATION_CONTEXT(2) 
PARAMETRIC_REPRESENTATION_CONTEXT() REPRESENTATION_CONTEXT('2D SPACE',''
  ) );
#8405 = PCURVE('',#4428,#8406);
#8406 = DEFINITIONAL_REPRESENTATION('',(#8407),#8411);
#8407 = LINE('',#8408,#8409);
#8408 = CARTESIAN_POINT('',(0.,0.));
#8409 = VECTOR('',#8410,1.);
#8410 = DIRECTION('',(1.,0.));
#8411 = ( GEOMETRIC_REPRESENTATION_CONTEXT(2) 
PARAMETRIC_REPRESENTATION_CONTEXT() REPRESENTATION_CONTEXT('2D SPACE',''
  ) );
#8412 = ORIENTED_EDGE('',*,*,#4390,.F.);
#8413 = ADVANCED_FACE('',(#8414),#2668,.F.);
#8414 = FACE_BOUND('',#8415,.F.);
#8415 = EDGE_LOOP('',(#8416,#8417,#8438,#8458,#8459,#8480,#8499,#8500));
#8416 = ORIENTED_EDGE('',*,*,#2650,.F.);
#8417 = ORIENTED_EDGE('',*,*,#8418,.T.);
#8418 = EDGE_CURVE('',#2651,#8419,#8421,.T.);
#8419 = VERTEX_POINT('',#8420);
#8420 = CARTESIAN_POINT('',(115.4,2.4,0.));
#8421 = SURFACE_CURVE('',#8422,(#8426,#8432),.PCURVE_S1.);
#8422 = LINE('',#8423,#8424);
#8423 = CARTESIAN_POINT('',(115.4,26.775,0.));
#8424 = VECTOR('',#8425,1.);
#8425 = DIRECTION('',(-0.,1.,0.));
#8426 = PCURVE('',#2668,#8427);
#8427 = DEFINITIONAL_REPRESENTATION('',(#8428),#8431);
#8428 = B_SPLINE_CURVE_WITH_KNOTS('',1,(#8429,#8430),.UNSPECIFIED.,.F.,
  .F.,(2,2),(-25.725,-24.225),.PIECEWISE_BEZIER_KNOTS.);
#8429 = CARTESIAN_POINT('',(1.,0.));
#8430 = CARTESIAN_POINT('',(1.,-1.5));
#8431 = ( GEOMETRIC_REPRESENTATION_CONTEXT(2) 
PARAMETRIC_REPRESENTATION_CONTEXT() REPRESENTATION_CONTEXT('2D SPACE',''
  ) );
#8432 = PCURVE('',#2695,#8433);
#8433 = DEFINITIONAL_REPRESENTATION('',(#8434),#8437);
#8434 = B_SPLINE_CURVE_WITH_KNOTS('',1,(#8435,#8436),.UNSPECIFIED.,.F.,
  .F.,(2,2),(-25.725,-24.225),.PIECEWISE_BEZIER_KNOTS.);
#8435 = CARTESIAN_POINT('',(45.4,-51.45));
#8436 = CARTESIAN_POINT('',(45.4,-49.95));
#8437 = ( GEOMETRIC_REPRESENTATION_CONTEXT(2) 
PARAMETRIC_REPRESENTATION_CONTEXT() REPRESENTATION_CONTEXT('2D SPACE',''
  ) );
#8438 = ORIENTED_EDGE('',*,*,#8439,.F.);
#8439 = EDGE_CURVE('',#4624,#8419,#8440,.T.);
#8440 = SURFACE_CURVE('',#8441,(#8445,#8451),.PCURVE_S1.);
#8441 = LINE('',#8442,#8443);
#8442 = CARTESIAN_POINT('',(115.4,2.4,-1.));
#8443 = VECTOR('',#8444,1.);
#8444 = DIRECTION('',(-0.,0.,-1.));
#8445 = PCURVE('',#2668,#8446);
#8446 = DEFINITIONAL_REPRESENTATION('',(#8447),#8450);
#8447 = B_SPLINE_CURVE_WITH_KNOTS('',1,(#8448,#8449),.UNSPECIFIED.,.F.,
  .F.,(2,2),(-25.4,-1.),.PIECEWISE_BEZIER_KNOTS.);
#8448 = CARTESIAN_POINT('',(25.4,-1.35));
#8449 = CARTESIAN_POINT('',(1.,-1.35));
#8450 = ( GEOMETRIC_REPRESENTATION_CONTEXT(2) 
PARAMETRIC_REPRESENTATION_CONTEXT() REPRESENTATION_CONTEXT('2D SPACE',''
  ) );
#8451 = PCURVE('',#4661,#8452);
#8452 = DEFINITIONAL_REPRESENTATION('',(#8453),#8457);
#8453 = LINE('',#8454,#8455);
#8454 = CARTESIAN_POINT('',(0.,-22.19));
#8455 = VECTOR('',#8456,1.);
#8456 = DIRECTION('',(-1.,0.));
#8457 = ( GEOMETRIC_REPRESENTATION_CONTEXT(2) 
PARAMETRIC_REPRESENTATION_CONTEXT() REPRESENTATION_CONTEXT('2D SPACE',''
  ) );
#8458 = ORIENTED_EDGE('',*,*,#4623,.T.);
#8459 = ORIENTED_EDGE('',*,*,#8460,.T.);
#8460 = EDGE_CURVE('',#4597,#8461,#8463,.T.);
#8461 = VERTEX_POINT('',#8462);
#8462 = CARTESIAN_POINT('',(115.4,2.54,8.));
#8463 = SURFACE_CURVE('',#8464,(#8468,#8474),.PCURVE_S1.);
#8464 = LINE('',#8465,#8466);
#8465 = CARTESIAN_POINT('',(115.4,2.54,3.5));
#8466 = VECTOR('',#8467,1.);
#8467 = DIRECTION('',(-0.,0.,-1.));
#8468 = PCURVE('',#2668,#8469);
#8469 = DEFINITIONAL_REPRESENTATION('',(#8470),#8473);
#8470 = B_SPLINE_CURVE_WITH_KNOTS('',1,(#8471,#8472),.UNSPECIFIED.,.F.,
  .F.,(2,2),(-20.9,-4.5),.PIECEWISE_BEZIER_KNOTS.);
#8471 = CARTESIAN_POINT('',(25.4,-1.49));
#8472 = CARTESIAN_POINT('',(9.,-1.49));
#8473 = ( GEOMETRIC_REPRESENTATION_CONTEXT(2) 
PARAMETRIC_REPRESENTATION_CONTEXT() REPRESENTATION_CONTEXT('2D SPACE',''
  ) );
#8474 = PCURVE('',#4612,#8475);
#8475 = DEFINITIONAL_REPRESENTATION('',(#8476),#8479);
#8476 = B_SPLINE_CURVE_WITH_KNOTS('',1,(#8477,#8478),.UNSPECIFIED.,.F.,
  .F.,(2,2),(-20.9,-4.5),.PIECEWISE_BEZIER_KNOTS.);
#8477 = CARTESIAN_POINT('',(16.4,1.4));
#8478 = CARTESIAN_POINT('',(0.,1.4));
#8479 = ( GEOMETRIC_REPRESENTATION_CONTEXT(2) 
PARAMETRIC_REPRESENTATION_CONTEXT() REPRESENTATION_CONTEXT('2D SPACE',''
  ) );
#8480 = ORIENTED_EDGE('',*,*,#8481,.T.);
#8481 = EDGE_CURVE('',#8461,#8182,#8482,.T.);
#8482 = SURFACE_CURVE('',#8483,(#8487,#8493),.PCURVE_S1.);
#8483 = LINE('',#8484,#8485);
#8484 = CARTESIAN_POINT('',(115.4,1.795,8.));
#8485 = VECTOR('',#8486,1.);
#8486 = DIRECTION('',(-0.,1.,0.));
#8487 = PCURVE('',#2668,#8488);
#8488 = DEFINITIONAL_REPRESENTATION('',(#8489),#8492);
#8489 = B_SPLINE_CURVE_WITH_KNOTS('',1,(#8490,#8491),.UNSPECIFIED.,.F.,
  .F.,(2,2),(0.745,0.755),.PIECEWISE_BEZIER_KNOTS.);
#8490 = CARTESIAN_POINT('',(9.,-1.49));
#8491 = CARTESIAN_POINT('',(9.,-1.5));
#8492 = ( GEOMETRIC_REPRESENTATION_CONTEXT(2) 
PARAMETRIC_REPRESENTATION_CONTEXT() REPRESENTATION_CONTEXT('2D SPACE',''
  ) );
#8493 = PCURVE('',#8219,#8494);
#8494 = DEFINITIONAL_REPRESENTATION('',(#8495),#8498);
#8495 = B_SPLINE_CURVE_WITH_KNOTS('',1,(#8496,#8497),.UNSPECIFIED.,.F.,
  .F.,(2,2),(0.745,0.755),.PIECEWISE_BEZIER_KNOTS.);
#8496 = CARTESIAN_POINT('',(1.4,0.));
#8497 = CARTESIAN_POINT('',(1.4,1.E-02));
#8498 = ( GEOMETRIC_REPRESENTATION_CONTEXT(2) 
PARAMETRIC_REPRESENTATION_CONTEXT() REPRESENTATION_CONTEXT('2D SPACE',''
  ) );
#8499 = ORIENTED_EDGE('',*,*,#8181,.T.);
#8500 = ORIENTED_EDGE('',*,*,#8134,.F.);
#8501 = ADVANCED_FACE('',(#8502),#2721,.F.);
#8502 = FACE_BOUND('',#8503,.F.);
#8503 = EDGE_LOOP('',(#8504,#8505,#8506,#8527,#8553,#8579,#8605,#8624));
#8504 = ORIENTED_EDGE('',*,*,#3054,.F.);
#8505 = ORIENTED_EDGE('',*,*,#3402,.T.);
#8506 = ORIENTED_EDGE('',*,*,#8507,.T.);
#8507 = EDGE_CURVE('',#3375,#8508,#8510,.T.);
#8508 = VERTEX_POINT('',#8509);
#8509 = CARTESIAN_POINT('',(114.,0.8,11.));
#8510 = SURFACE_CURVE('',#8511,(#8515,#8521),.PCURVE_S1.);
#8511 = LINE('',#8512,#8513);
#8512 = CARTESIAN_POINT('',(114.,25.75,11.));
#8513 = VECTOR('',#8514,1.);
#8514 = DIRECTION('',(-0.,1.,0.));
#8515 = PCURVE('',#2721,#8516);
#8516 = DEFINITIONAL_REPRESENTATION('',(#8517),#8520);
#8517 = B_SPLINE_CURVE_WITH_KNOTS('',1,(#8518,#8519),.UNSPECIFIED.,.F.,
  .F.,(2,2),(-25.75,-23.34),.PIECEWISE_BEZIER_KNOTS.);
#8518 = CARTESIAN_POINT('',(12.,-1.));
#8519 = CARTESIAN_POINT('',(12.,-3.41));
#8520 = ( GEOMETRIC_REPRESENTATION_CONTEXT(2) 
PARAMETRIC_REPRESENTATION_CONTEXT() REPRESENTATION_CONTEXT('2D SPACE',''
  ) );
#8521 = PCURVE('',#3390,#8522);
#8522 = DEFINITIONAL_REPRESENTATION('',(#8523),#8526);
#8523 = B_SPLINE_CURVE_WITH_KNOTS('',1,(#8524,#8525),.UNSPECIFIED.,.F.,
  .F.,(2,2),(-25.75,-23.34),.PIECEWISE_BEZIER_KNOTS.);
#8524 = CARTESIAN_POINT('',(44.,-52.5));
#8525 = CARTESIAN_POINT('',(44.,-50.09));
#8526 = ( GEOMETRIC_REPRESENTATION_CONTEXT(2) 
PARAMETRIC_REPRESENTATION_CONTEXT() REPRESENTATION_CONTEXT('2D SPACE',''
  ) );
#8527 = ORIENTED_EDGE('',*,*,#8528,.T.);
#8528 = EDGE_CURVE('',#8508,#8529,#8531,.T.);
#8529 = VERTEX_POINT('',#8530);
#8530 = CARTESIAN_POINT('',(114.,0.8,9.8));
#8531 = SURFACE_CURVE('',#8532,(#8536,#8542),.PCURVE_S1.);
#8532 = LINE('',#8533,#8534);
#8533 = CARTESIAN_POINT('',(114.,0.8,4.35));
#8534 = VECTOR('',#8535,1.);
#8535 = DIRECTION('',(-0.,0.,-1.));
#8536 = PCURVE('',#2721,#8537);
#8537 = DEFINITIONAL_REPRESENTATION('',(#8538),#8541);
#8538 = B_SPLINE_CURVE_WITH_KNOTS('',1,(#8539,#8540),.UNSPECIFIED.,.F.,
  .F.,(2,2),(-6.65,-5.45),.PIECEWISE_BEZIER_KNOTS.);
#8539 = CARTESIAN_POINT('',(12.,-1.8));
#8540 = CARTESIAN_POINT('',(10.8,-1.8));
#8541 = ( GEOMETRIC_REPRESENTATION_CONTEXT(2) 
PARAMETRIC_REPRESENTATION_CONTEXT() REPRESENTATION_CONTEXT('2D SPACE',''
  ) );
#8542 = PCURVE('',#8543,#8548);
#8543 = PLANE('',#8544);
#8544 = AXIS2_PLACEMENT_3D('',#8545,#8546,#8547);
#8545 = CARTESIAN_POINT('',(16.331370849898,0.8,9.7));
#8546 = DIRECTION('',(0.,1.,0.));
#8547 = DIRECTION('',(1.,0.,0.));
#8548 = DEFINITIONAL_REPRESENTATION('',(#8549),#8552);
#8549 = B_SPLINE_CURVE_WITH_KNOTS('',1,(#8550,#8551),.UNSPECIFIED.,.F.,
  .F.,(2,2),(-6.65,-5.45),.PIECEWISE_BEZIER_KNOTS.);
#8550 = CARTESIAN_POINT('',(97.668629150102,-1.3));
#8551 = CARTESIAN_POINT('',(97.668629150102,-9.999999999998E-02));
#8552 = ( GEOMETRIC_REPRESENTATION_CONTEXT(2) 
PARAMETRIC_REPRESENTATION_CONTEXT() REPRESENTATION_CONTEXT('2D SPACE',''
  ) );
#8553 = ORIENTED_EDGE('',*,*,#8554,.F.);
#8554 = EDGE_CURVE('',#8555,#8529,#8557,.T.);
#8555 = VERTEX_POINT('',#8556);
#8556 = CARTESIAN_POINT('',(114.,0.,9.8));
#8557 = SURFACE_CURVE('',#8558,(#8562,#8568),.PCURVE_S1.);
#8558 = LINE('',#8559,#8560);
#8559 = CARTESIAN_POINT('',(114.,25.75,9.8));
#8560 = VECTOR('',#8561,1.);
#8561 = DIRECTION('',(-0.,1.,0.));
#8562 = PCURVE('',#2721,#8563);
#8563 = DEFINITIONAL_REPRESENTATION('',(#8564),#8567);
#8564 = B_SPLINE_CURVE_WITH_KNOTS('',1,(#8565,#8566),.UNSPECIFIED.,.F.,
  .F.,(2,2),(-25.75,-23.34),.PIECEWISE_BEZIER_KNOTS.);
#8565 = CARTESIAN_POINT('',(10.8,-1.));
#8566 = CARTESIAN_POINT('',(10.8,-3.41));
#8567 = ( GEOMETRIC_REPRESENTATION_CONTEXT(2) 
PARAMETRIC_REPRESENTATION_CONTEXT() REPRESENTATION_CONTEXT('2D SPACE',''
  ) );
#8568 = PCURVE('',#8569,#8574);
#8569 = PLANE('',#8570);
#8570 = AXIS2_PLACEMENT_3D('',#8571,#8572,#8573);
#8571 = CARTESIAN_POINT('',(70.,52.5,9.8));
#8572 = DIRECTION('',(0.,0.,1.));
#8573 = DIRECTION('',(1.,0.,-0.));
#8574 = DEFINITIONAL_REPRESENTATION('',(#8575),#8578);
#8575 = B_SPLINE_CURVE_WITH_KNOTS('',1,(#8576,#8577),.UNSPECIFIED.,.F.,
  .F.,(2,2),(-25.75,-23.34),.PIECEWISE_BEZIER_KNOTS.);
#8576 = CARTESIAN_POINT('',(44.,-52.5));
#8577 = CARTESIAN_POINT('',(44.,-50.09));
#8578 = ( GEOMETRIC_REPRESENTATION_CONTEXT(2) 
PARAMETRIC_REPRESENTATION_CONTEXT() REPRESENTATION_CONTEXT('2D SPACE',''
  ) );
#8579 = ORIENTED_EDGE('',*,*,#8580,.T.);
#8580 = EDGE_CURVE('',#8555,#8581,#8583,.T.);
#8581 = VERTEX_POINT('',#8582);
#8582 = CARTESIAN_POINT('',(114.,0.,0.));
#8583 = SURFACE_CURVE('',#8584,(#8588,#8594),.PCURVE_S1.);
#8584 = LINE('',#8585,#8586);
#8585 = CARTESIAN_POINT('',(114.,0.,-0.5));
#8586 = VECTOR('',#8587,1.);
#8587 = DIRECTION('',(-0.,0.,-1.));
#8588 = PCURVE('',#2721,#8589);
#8589 = DEFINITIONAL_REPRESENTATION('',(#8590),#8593);
#8590 = B_SPLINE_CURVE_WITH_KNOTS('',1,(#8591,#8592),.UNSPECIFIED.,.F.,
  .F.,(2,2),(-10.3,-0.5),.PIECEWISE_BEZIER_KNOTS.);
#8591 = CARTESIAN_POINT('',(10.8,-1.));
#8592 = CARTESIAN_POINT('',(1.,-1.));
#8593 = ( GEOMETRIC_REPRESENTATION_CONTEXT(2) 
PARAMETRIC_REPRESENTATION_CONTEXT() REPRESENTATION_CONTEXT('2D SPACE',''
  ) );
#8594 = PCURVE('',#8595,#8600);
#8595 = PLANE('',#8596);
#8596 = AXIS2_PLACEMENT_3D('',#8597,#8598,#8599);
#8597 = CARTESIAN_POINT('',(16.,0.,0.));
#8598 = DIRECTION('',(0.,1.,0.));
#8599 = DIRECTION('',(1.,0.,0.));
#8600 = DEFINITIONAL_REPRESENTATION('',(#8601),#8604);
#8601 = B_SPLINE_CURVE_WITH_KNOTS('',1,(#8602,#8603),.UNSPECIFIED.,.F.,
  .F.,(2,2),(-10.3,-0.5),.PIECEWISE_BEZIER_KNOTS.);
#8602 = CARTESIAN_POINT('',(98.,-9.8));
#8603 = CARTESIAN_POINT('',(98.,0.));
#8604 = ( GEOMETRIC_REPRESENTATION_CONTEXT(2) 
PARAMETRIC_REPRESENTATION_CONTEXT() REPRESENTATION_CONTEXT('2D SPACE',''
  ) );
#8605 = ORIENTED_EDGE('',*,*,#8606,.T.);
#8606 = EDGE_CURVE('',#8581,#2681,#8607,.T.);
#8607 = SURFACE_CURVE('',#8608,(#8612,#8618),.PCURVE_S1.);
#8608 = LINE('',#8609,#8610);
#8609 = CARTESIAN_POINT('',(114.,25.75,0.));
#8610 = VECTOR('',#8611,1.);
#8611 = DIRECTION('',(-0.,1.,0.));
#8612 = PCURVE('',#2721,#8613);
#8613 = DEFINITIONAL_REPRESENTATION('',(#8614),#8617);
#8614 = B_SPLINE_CURVE_WITH_KNOTS('',1,(#8615,#8616),.UNSPECIFIED.,.F.,
  .F.,(2,2),(-25.75,-23.34),.PIECEWISE_BEZIER_KNOTS.);
#8615 = CARTESIAN_POINT('',(1.,-1.));
#8616 = CARTESIAN_POINT('',(1.,-3.41));
#8617 = ( GEOMETRIC_REPRESENTATION_CONTEXT(2) 
PARAMETRIC_REPRESENTATION_CONTEXT() REPRESENTATION_CONTEXT('2D SPACE',''
  ) );
#8618 = PCURVE('',#2695,#8619);
#8619 = DEFINITIONAL_REPRESENTATION('',(#8620),#8623);
#8620 = B_SPLINE_CURVE_WITH_KNOTS('',1,(#8621,#8622),.UNSPECIFIED.,.F.,
  .F.,(2,2),(-25.75,-23.34),.PIECEWISE_BEZIER_KNOTS.);
#8621 = CARTESIAN_POINT('',(44.,-52.5));
#8622 = CARTESIAN_POINT('',(44.,-50.09));
#8623 = ( GEOMETRIC_REPRESENTATION_CONTEXT(2) 
PARAMETRIC_REPRESENTATION_CONTEXT() REPRESENTATION_CONTEXT('2D SPACE',''
  ) );
#8624 = ORIENTED_EDGE('',*,*,#2706,.T.);
#8625 = ADVANCED_FACE('',(#8626),#2695,.F.);
#8626 = FACE_BOUND('',#8627,.F.);
#8627 = EDGE_LOOP('',(#8628,#8651,#8679,#8707,#8728,#8754,#8775,#8796,
    #8797,#8798));
#8628 = ORIENTED_EDGE('',*,*,#8629,.T.);
#8629 = EDGE_CURVE('',#8581,#8630,#8632,.T.);
#8630 = VERTEX_POINT('',#8631);
#8631 = CARTESIAN_POINT('',(140.,0.,0.));
#8632 = SURFACE_CURVE('',#8633,(#8637,#8644),.PCURVE_S1.);
#8633 = LINE('',#8634,#8635);
#8634 = CARTESIAN_POINT('',(16.,0.,0.));
#8635 = VECTOR('',#8636,1.);
#8636 = DIRECTION('',(1.,0.,0.));
#8637 = PCURVE('',#2695,#8638);
#8638 = DEFINITIONAL_REPRESENTATION('',(#8639),#8643);
#8639 = LINE('',#8640,#8641);
#8640 = CARTESIAN_POINT('',(-54.,-52.5));
#8641 = VECTOR('',#8642,1.);
#8642 = DIRECTION('',(1.,0.));
#8643 = ( GEOMETRIC_REPRESENTATION_CONTEXT(2) 
PARAMETRIC_REPRESENTATION_CONTEXT() REPRESENTATION_CONTEXT('2D SPACE',''
  ) );
#8644 = PCURVE('',#8595,#8645);
#8645 = DEFINITIONAL_REPRESENTATION('',(#8646),#8650);
#8646 = LINE('',#8647,#8648);
#8647 = CARTESIAN_POINT('',(0.,0.));
#8648 = VECTOR('',#8649,1.);
#8649 = DIRECTION('',(1.,0.));
#8650 = ( GEOMETRIC_REPRESENTATION_CONTEXT(2) 
PARAMETRIC_REPRESENTATION_CONTEXT() REPRESENTATION_CONTEXT('2D SPACE',''
  ) );
#8651 = ORIENTED_EDGE('',*,*,#8652,.T.);
#8652 = EDGE_CURVE('',#8630,#8653,#8655,.T.);
#8653 = VERTEX_POINT('',#8654);
#8654 = CARTESIAN_POINT('',(140.,2.4,0.));
#8655 = SURFACE_CURVE('',#8656,(#8660,#8667),.PCURVE_S1.);
#8656 = LINE('',#8657,#8658);
#8657 = CARTESIAN_POINT('',(140.,0.,0.));
#8658 = VECTOR('',#8659,1.);
#8659 = DIRECTION('',(0.,1.,0.));
#8660 = PCURVE('',#2695,#8661);
#8661 = DEFINITIONAL_REPRESENTATION('',(#8662),#8666);
#8662 = LINE('',#8663,#8664);
#8663 = CARTESIAN_POINT('',(70.,-52.5));
#8664 = VECTOR('',#8665,1.);
#8665 = DIRECTION('',(0.,1.));
#8666 = ( GEOMETRIC_REPRESENTATION_CONTEXT(2) 
PARAMETRIC_REPRESENTATION_CONTEXT() REPRESENTATION_CONTEXT('2D SPACE',''
  ) );
#8667 = PCURVE('',#8668,#8673);
#8668 = PLANE('',#8669);
#8669 = AXIS2_PLACEMENT_3D('',#8670,#8671,#8672);
#8670 = CARTESIAN_POINT('',(140.,0.,0.));
#8671 = DIRECTION('',(-1.,0.,0.));
#8672 = DIRECTION('',(0.,1.,0.));
#8673 = DEFINITIONAL_REPRESENTATION('',(#8674),#8678);
#8674 = LINE('',#8675,#8676);
#8675 = CARTESIAN_POINT('',(0.,0.));
#8676 = VECTOR('',#8677,1.);
#8677 = DIRECTION('',(1.,0.));
#8678 = ( GEOMETRIC_REPRESENTATION_CONTEXT(2) 
PARAMETRIC_REPRESENTATION_CONTEXT() REPRESENTATION_CONTEXT('2D SPACE',''
  ) );
#8679 = ORIENTED_EDGE('',*,*,#8680,.F.);
#8680 = EDGE_CURVE('',#8681,#8653,#8683,.T.);
#8681 = VERTEX_POINT('',#8682);
#8682 = CARTESIAN_POINT('',(138.95,2.4,0.));
#8683 = SURFACE_CURVE('',#8684,(#8688,#8695),.PCURVE_S1.);
#8684 = LINE('',#8685,#8686);
#8685 = CARTESIAN_POINT('',(115.4,2.4,0.));
#8686 = VECTOR('',#8687,1.);
#8687 = DIRECTION('',(1.,5.415722071342E-17,0.));
#8688 = PCURVE('',#2695,#8689);
#8689 = DEFINITIONAL_REPRESENTATION('',(#8690),#8694);
#8690 = LINE('',#8691,#8692);
#8691 = CARTESIAN_POINT('',(45.4,-50.1));
#8692 = VECTOR('',#8693,1.);
#8693 = DIRECTION('',(1.,5.415722071342E-17));
#8694 = ( GEOMETRIC_REPRESENTATION_CONTEXT(2) 
PARAMETRIC_REPRESENTATION_CONTEXT() REPRESENTATION_CONTEXT('2D SPACE',''
  ) );
#8695 = PCURVE('',#8696,#8701);
#8696 = PLANE('',#8697);
#8697 = AXIS2_PLACEMENT_3D('',#8698,#8699,#8700);
#8698 = CARTESIAN_POINT('',(137.59,2.4,-1.));
#8699 = DIRECTION('',(-0.,1.,0.));
#8700 = DIRECTION('',(0.,0.,1.));
#8701 = DEFINITIONAL_REPRESENTATION('',(#8702),#8706);
#8702 = LINE('',#8703,#8704);
#8703 = CARTESIAN_POINT('',(1.,-22.19));
#8704 = VECTOR('',#8705,1.);
#8705 = DIRECTION('',(0.,1.));
#8706 = ( GEOMETRIC_REPRESENTATION_CONTEXT(2) 
PARAMETRIC_REPRESENTATION_CONTEXT() REPRESENTATION_CONTEXT('2D SPACE',''
  ) );
#8707 = ORIENTED_EDGE('',*,*,#8708,.F.);
#8708 = EDGE_CURVE('',#8709,#8681,#8711,.T.);
#8709 = VERTEX_POINT('',#8710);
#8710 = CARTESIAN_POINT('',(138.95,1.,0.));
#8711 = SURFACE_CURVE('',#8712,(#8716,#8722),.PCURVE_S1.);
#8712 = LINE('',#8713,#8714);
#8713 = CARTESIAN_POINT('',(138.95,26.75,0.));
#8714 = VECTOR('',#8715,1.);
#8715 = DIRECTION('',(-0.,1.,0.));
#8716 = PCURVE('',#2695,#8717);
#8717 = DEFINITIONAL_REPRESENTATION('',(#8718),#8721);
#8718 = B_SPLINE_CURVE_WITH_KNOTS('',1,(#8719,#8720),.UNSPECIFIED.,.F.,
  .F.,(2,2),(-25.75,-24.35),.PIECEWISE_BEZIER_KNOTS.);
#8719 = CARTESIAN_POINT('',(68.95,-51.5));
#8720 = CARTESIAN_POINT('',(68.95,-50.1));
#8721 = ( GEOMETRIC_REPRESENTATION_CONTEXT(2) 
PARAMETRIC_REPRESENTATION_CONTEXT() REPRESENTATION_CONTEXT('2D SPACE',''
  ) );
#8722 = PCURVE('',#4099,#8723);
#8723 = DEFINITIONAL_REPRESENTATION('',(#8724),#8727);
#8724 = B_SPLINE_CURVE_WITH_KNOTS('',1,(#8725,#8726),.UNSPECIFIED.,.F.,
  .F.,(2,2),(-25.75,-24.35),.PIECEWISE_BEZIER_KNOTS.);
#8725 = CARTESIAN_POINT('',(1.,0.));
#8726 = CARTESIAN_POINT('',(1.,-1.4));
#8727 = ( GEOMETRIC_REPRESENTATION_CONTEXT(2) 
PARAMETRIC_REPRESENTATION_CONTEXT() REPRESENTATION_CONTEXT('2D SPACE',''
  ) );
#8728 = ORIENTED_EDGE('',*,*,#8729,.T.);
#8729 = EDGE_CURVE('',#8709,#8730,#8732,.T.);
#8730 = VERTEX_POINT('',#8731);
#8731 = CARTESIAN_POINT('',(137.45,1.,0.));
#8732 = SURFACE_CURVE('',#8733,(#8737,#8743),.PCURVE_S1.);
#8733 = LINE('',#8734,#8735);
#8734 = CARTESIAN_POINT('',(103.725,1.,0.));
#8735 = VECTOR('',#8736,1.);
#8736 = DIRECTION('',(-1.,-0.,0.));
#8737 = PCURVE('',#2695,#8738);
#8738 = DEFINITIONAL_REPRESENTATION('',(#8739),#8742);
#8739 = B_SPLINE_CURVE_WITH_KNOTS('',1,(#8740,#8741),.UNSPECIFIED.,.F.,
  .F.,(2,2),(-35.225,-33.725),.PIECEWISE_BEZIER_KNOTS.);
#8740 = CARTESIAN_POINT('',(68.95,-51.5));
#8741 = CARTESIAN_POINT('',(67.45,-51.5));
#8742 = ( GEOMETRIC_REPRESENTATION_CONTEXT(2) 
PARAMETRIC_REPRESENTATION_CONTEXT() REPRESENTATION_CONTEXT('2D SPACE',''
  ) );
#8743 = PCURVE('',#8744,#8749);
#8744 = PLANE('',#8745);
#8745 = AXIS2_PLACEMENT_3D('',#8746,#8747,#8748);
#8746 = CARTESIAN_POINT('',(137.45,1.,-1.));
#8747 = DIRECTION('',(-0.,1.,0.));
#8748 = DIRECTION('',(0.,0.,1.));
#8749 = DEFINITIONAL_REPRESENTATION('',(#8750),#8753);
#8750 = B_SPLINE_CURVE_WITH_KNOTS('',1,(#8751,#8752),.UNSPECIFIED.,.F.,
  .F.,(2,2),(-35.225,-33.725),.PIECEWISE_BEZIER_KNOTS.);
#8751 = CARTESIAN_POINT('',(1.,1.5));
#8752 = CARTESIAN_POINT('',(1.,0.));
#8753 = ( GEOMETRIC_REPRESENTATION_CONTEXT(2) 
PARAMETRIC_REPRESENTATION_CONTEXT() REPRESENTATION_CONTEXT('2D SPACE',''
  ) );
#8754 = ORIENTED_EDGE('',*,*,#8755,.T.);
#8755 = EDGE_CURVE('',#8730,#8756,#8758,.T.);
#8756 = VERTEX_POINT('',#8757);
#8757 = CARTESIAN_POINT('',(137.45,2.4,0.));
#8758 = SURFACE_CURVE('',#8759,(#8763,#8769),.PCURVE_S1.);
#8759 = LINE('',#8760,#8761);
#8760 = CARTESIAN_POINT('',(137.45,26.75,0.));
#8761 = VECTOR('',#8762,1.);
#8762 = DIRECTION('',(-0.,1.,0.));
#8763 = PCURVE('',#2695,#8764);
#8764 = DEFINITIONAL_REPRESENTATION('',(#8765),#8768);
#8765 = B_SPLINE_CURVE_WITH_KNOTS('',1,(#8766,#8767),.UNSPECIFIED.,.F.,
  .F.,(2,2),(-25.75,-24.35),.PIECEWISE_BEZIER_KNOTS.);
#8766 = CARTESIAN_POINT('',(67.45,-51.5));
#8767 = CARTESIAN_POINT('',(67.45,-50.1));
#8768 = ( GEOMETRIC_REPRESENTATION_CONTEXT(2) 
PARAMETRIC_REPRESENTATION_CONTEXT() REPRESENTATION_CONTEXT('2D SPACE',''
  ) );
#8769 = PCURVE('',#4689,#8770);
#8770 = DEFINITIONAL_REPRESENTATION('',(#8771),#8774);
#8771 = B_SPLINE_CURVE_WITH_KNOTS('',1,(#8772,#8773),.UNSPECIFIED.,.F.,
  .F.,(2,2),(-25.75,-24.35),.PIECEWISE_BEZIER_KNOTS.);
#8772 = CARTESIAN_POINT('',(1.,0.));
#8773 = CARTESIAN_POINT('',(1.,-1.4));
#8774 = ( GEOMETRIC_REPRESENTATION_CONTEXT(2) 
PARAMETRIC_REPRESENTATION_CONTEXT() REPRESENTATION_CONTEXT('2D SPACE',''
  ) );
#8775 = ORIENTED_EDGE('',*,*,#8776,.F.);
#8776 = EDGE_CURVE('',#8419,#8756,#8777,.T.);
#8777 = SURFACE_CURVE('',#8778,(#8782,#8789),.PCURVE_S1.);
#8778 = LINE('',#8779,#8780);
#8779 = CARTESIAN_POINT('',(115.4,2.4,0.));
#8780 = VECTOR('',#8781,1.);
#8781 = DIRECTION('',(1.,5.415722071342E-17,0.));
#8782 = PCURVE('',#2695,#8783);
#8783 = DEFINITIONAL_REPRESENTATION('',(#8784),#8788);
#8784 = LINE('',#8785,#8786);
#8785 = CARTESIAN_POINT('',(45.4,-50.1));
#8786 = VECTOR('',#8787,1.);
#8787 = DIRECTION('',(1.,5.415722071342E-17));
#8788 = ( GEOMETRIC_REPRESENTATION_CONTEXT(2) 
PARAMETRIC_REPRESENTATION_CONTEXT() REPRESENTATION_CONTEXT('2D SPACE',''
  ) );
#8789 = PCURVE('',#4661,#8790);
#8790 = DEFINITIONAL_REPRESENTATION('',(#8791),#8795);
#8791 = LINE('',#8792,#8793);
#8792 = CARTESIAN_POINT('',(1.,-22.19));
#8793 = VECTOR('',#8794,1.);
#8794 = DIRECTION('',(0.,1.));
#8795 = ( GEOMETRIC_REPRESENTATION_CONTEXT(2) 
PARAMETRIC_REPRESENTATION_CONTEXT() REPRESENTATION_CONTEXT('2D SPACE',''
  ) );
#8796 = ORIENTED_EDGE('',*,*,#8418,.F.);
#8797 = ORIENTED_EDGE('',*,*,#2680,.T.);
#8798 = ORIENTED_EDGE('',*,*,#8606,.F.);
#8799 = ADVANCED_FACE('',(#8800),#2846,.T.);
#8800 = FACE_BOUND('',#8801,.T.);
#8801 = EDGE_LOOP('',(#8802,#8825,#8853,#8874));
#8802 = ORIENTED_EDGE('',*,*,#8803,.F.);
#8803 = EDGE_CURVE('',#8804,#2832,#8806,.T.);
#8804 = VERTEX_POINT('',#8805);
#8805 = CARTESIAN_POINT('',(14.,104.6,4.5));
#8806 = SURFACE_CURVE('',#8807,(#8811,#8818),.PCURVE_S1.);
#8807 = LINE('',#8808,#8809);
#8808 = CARTESIAN_POINT('',(14.,104.6,4.5));
#8809 = VECTOR('',#8810,1.);
#8810 = DIRECTION('',(-0.,1.,0.));
#8811 = PCURVE('',#2846,#8812);
#8812 = DEFINITIONAL_REPRESENTATION('',(#8813),#8817);
#8813 = LINE('',#8814,#8815);
#8814 = CARTESIAN_POINT('',(0.,0.));
#8815 = VECTOR('',#8816,1.);
#8816 = DIRECTION('',(0.,1.));
#8817 = ( GEOMETRIC_REPRESENTATION_CONTEXT(2) 
PARAMETRIC_REPRESENTATION_CONTEXT() REPRESENTATION_CONTEXT('2D SPACE',''
  ) );
#8818 = PCURVE('',#2872,#8819);
#8819 = DEFINITIONAL_REPRESENTATION('',(#8820),#8824);
#8820 = LINE('',#8821,#8822);
#8821 = CARTESIAN_POINT('',(0.,0.));
#8822 = VECTOR('',#8823,1.);
#8823 = DIRECTION('',(0.,-1.));
#8824 = ( GEOMETRIC_REPRESENTATION_CONTEXT(2) 
PARAMETRIC_REPRESENTATION_CONTEXT() REPRESENTATION_CONTEXT('2D SPACE',''
  ) );
#8825 = ORIENTED_EDGE('',*,*,#8826,.T.);
#8826 = EDGE_CURVE('',#8804,#8827,#8829,.T.);
#8827 = VERTEX_POINT('',#8828);
#8828 = CARTESIAN_POINT('',(58.,104.6,4.5));
#8829 = SURFACE_CURVE('',#8830,(#8834,#8841),.PCURVE_S1.);
#8830 = LINE('',#8831,#8832);
#8831 = CARTESIAN_POINT('',(14.,104.6,4.5));
#8832 = VECTOR('',#8833,1.);
#8833 = DIRECTION('',(1.,0.,-0.));
#8834 = PCURVE('',#2846,#8835);
#8835 = DEFINITIONAL_REPRESENTATION('',(#8836),#8840);
#8836 = LINE('',#8837,#8838);
#8837 = CARTESIAN_POINT('',(0.,0.));
#8838 = VECTOR('',#8839,1.);
#8839 = DIRECTION('',(1.,0.));
#8840 = ( GEOMETRIC_REPRESENTATION_CONTEXT(2) 
PARAMETRIC_REPRESENTATION_CONTEXT() REPRESENTATION_CONTEXT('2D SPACE',''
  ) );
#8841 = PCURVE('',#8842,#8847);
#8842 = PLANE('',#8843);
#8843 = AXIS2_PLACEMENT_3D('',#8844,#8845,#8846);
#8844 = CARTESIAN_POINT('',(14.,104.6,4.5));
#8845 = DIRECTION('',(-0.,1.,0.));
#8846 = DIRECTION('',(0.,0.,1.));
#8847 = DEFINITIONAL_REPRESENTATION('',(#8848),#8852);
#8848 = LINE('',#8849,#8850);
#8849 = CARTESIAN_POINT('',(0.,0.));
#8850 = VECTOR('',#8851,1.);
#8851 = DIRECTION('',(0.,1.));
#8852 = ( GEOMETRIC_REPRESENTATION_CONTEXT(2) 
PARAMETRIC_REPRESENTATION_CONTEXT() REPRESENTATION_CONTEXT('2D SPACE',''
  ) );
#8853 = ORIENTED_EDGE('',*,*,#8854,.T.);
#8854 = EDGE_CURVE('',#8827,#2830,#8855,.T.);
#8855 = SURFACE_CURVE('',#8856,(#8860,#8867),.PCURVE_S1.);
#8856 = LINE('',#8857,#8858);
#8857 = CARTESIAN_POINT('',(58.,104.6,4.5));
#8858 = VECTOR('',#8859,1.);
#8859 = DIRECTION('',(-0.,1.,0.));
#8860 = PCURVE('',#2846,#8861);
#8861 = DEFINITIONAL_REPRESENTATION('',(#8862),#8866);
#8862 = LINE('',#8863,#8864);
#8863 = CARTESIAN_POINT('',(44.,0.));
#8864 = VECTOR('',#8865,1.);
#8865 = DIRECTION('',(0.,1.));
#8866 = ( GEOMETRIC_REPRESENTATION_CONTEXT(2) 
PARAMETRIC_REPRESENTATION_CONTEXT() REPRESENTATION_CONTEXT('2D SPACE',''
  ) );
#8867 = PCURVE('',#2922,#8868);
#8868 = DEFINITIONAL_REPRESENTATION('',(#8869),#8873);
#8869 = LINE('',#8870,#8871);
#8870 = CARTESIAN_POINT('',(0.,0.));
#8871 = VECTOR('',#8872,1.);
#8872 = DIRECTION('',(0.,-1.));
#8873 = ( GEOMETRIC_REPRESENTATION_CONTEXT(2) 
PARAMETRIC_REPRESENTATION_CONTEXT() REPRESENTATION_CONTEXT('2D SPACE',''
  ) );
#8874 = ORIENTED_EDGE('',*,*,#2829,.T.);
#8875 = ADVANCED_FACE('',(#8876),#2922,.F.);
#8876 = FACE_BOUND('',#8877,.F.);
#8877 = EDGE_LOOP('',(#8878,#8901,#8922,#8923));
#8878 = ORIENTED_EDGE('',*,*,#8879,.F.);
#8879 = EDGE_CURVE('',#8880,#2884,#8882,.T.);
#8880 = VERTEX_POINT('',#8881);
#8881 = CARTESIAN_POINT('',(58.,104.6,9.5));
#8882 = SURFACE_CURVE('',#8883,(#8887,#8894),.PCURVE_S1.);
#8883 = LINE('',#8884,#8885);
#8884 = CARTESIAN_POINT('',(58.,104.6,9.5));
#8885 = VECTOR('',#8886,1.);
#8886 = DIRECTION('',(-0.,1.,0.));
#8887 = PCURVE('',#2922,#8888);
#8888 = DEFINITIONAL_REPRESENTATION('',(#8889),#8893);
#8889 = LINE('',#8890,#8891);
#8890 = CARTESIAN_POINT('',(5.,0.));
#8891 = VECTOR('',#8892,1.);
#8892 = DIRECTION('',(0.,-1.));
#8893 = ( GEOMETRIC_REPRESENTATION_CONTEXT(2) 
PARAMETRIC_REPRESENTATION_CONTEXT() REPRESENTATION_CONTEXT('2D SPACE',''
  ) );
#8894 = PCURVE('',#2898,#8895);
#8895 = DEFINITIONAL_REPRESENTATION('',(#8896),#8900);
#8896 = LINE('',#8897,#8898);
#8897 = CARTESIAN_POINT('',(44.,0.));
#8898 = VECTOR('',#8899,1.);
#8899 = DIRECTION('',(0.,1.));
#8900 = ( GEOMETRIC_REPRESENTATION_CONTEXT(2) 
PARAMETRIC_REPRESENTATION_CONTEXT() REPRESENTATION_CONTEXT('2D SPACE',''
  ) );
#8901 = ORIENTED_EDGE('',*,*,#8902,.F.);
#8902 = EDGE_CURVE('',#8827,#8880,#8903,.T.);
#8903 = SURFACE_CURVE('',#8904,(#8908,#8915),.PCURVE_S1.);
#8904 = LINE('',#8905,#8906);
#8905 = CARTESIAN_POINT('',(58.,104.6,4.5));
#8906 = VECTOR('',#8907,1.);
#8907 = DIRECTION('',(0.,0.,1.));
#8908 = PCURVE('',#2922,#8909);
#8909 = DEFINITIONAL_REPRESENTATION('',(#8910),#8914);
#8910 = LINE('',#8911,#8912);
#8911 = CARTESIAN_POINT('',(0.,0.));
#8912 = VECTOR('',#8913,1.);
#8913 = DIRECTION('',(1.,0.));
#8914 = ( GEOMETRIC_REPRESENTATION_CONTEXT(2) 
PARAMETRIC_REPRESENTATION_CONTEXT() REPRESENTATION_CONTEXT('2D SPACE',''
  ) );
#8915 = PCURVE('',#8842,#8916);
#8916 = DEFINITIONAL_REPRESENTATION('',(#8917),#8921);
#8917 = LINE('',#8918,#8919);
#8918 = CARTESIAN_POINT('',(0.,44.));
#8919 = VECTOR('',#8920,1.);
#8920 = DIRECTION('',(1.,0.));
#8921 = ( GEOMETRIC_REPRESENTATION_CONTEXT(2) 
PARAMETRIC_REPRESENTATION_CONTEXT() REPRESENTATION_CONTEXT('2D SPACE',''
  ) );
#8922 = ORIENTED_EDGE('',*,*,#8854,.T.);
#8923 = ORIENTED_EDGE('',*,*,#2909,.T.);
#8924 = ADVANCED_FACE('',(#8925),#2872,.T.);
#8925 = FACE_BOUND('',#8926,.T.);
#8926 = EDGE_LOOP('',(#8927,#8950,#8971,#8972));
#8927 = ORIENTED_EDGE('',*,*,#8928,.F.);
#8928 = EDGE_CURVE('',#8929,#2858,#8931,.T.);
#8929 = VERTEX_POINT('',#8930);
#8930 = CARTESIAN_POINT('',(14.,104.6,9.5));
#8931 = SURFACE_CURVE('',#8932,(#8936,#8943),.PCURVE_S1.);
#8932 = LINE('',#8933,#8934);
#8933 = CARTESIAN_POINT('',(14.,104.6,9.5));
#8934 = VECTOR('',#8935,1.);
#8935 = DIRECTION('',(-0.,1.,0.));
#8936 = PCURVE('',#2872,#8937);
#8937 = DEFINITIONAL_REPRESENTATION('',(#8938),#8942);
#8938 = LINE('',#8939,#8940);
#8939 = CARTESIAN_POINT('',(5.,0.));
#8940 = VECTOR('',#8941,1.);
#8941 = DIRECTION('',(0.,-1.));
#8942 = ( GEOMETRIC_REPRESENTATION_CONTEXT(2) 
PARAMETRIC_REPRESENTATION_CONTEXT() REPRESENTATION_CONTEXT('2D SPACE',''
  ) );
#8943 = PCURVE('',#2898,#8944);
#8944 = DEFINITIONAL_REPRESENTATION('',(#8945),#8949);
#8945 = LINE('',#8946,#8947);
#8946 = CARTESIAN_POINT('',(0.,0.));
#8947 = VECTOR('',#8948,1.);
#8948 = DIRECTION('',(0.,1.));
#8949 = ( GEOMETRIC_REPRESENTATION_CONTEXT(2) 
PARAMETRIC_REPRESENTATION_CONTEXT() REPRESENTATION_CONTEXT('2D SPACE',''
  ) );
#8950 = ORIENTED_EDGE('',*,*,#8951,.F.);
#8951 = EDGE_CURVE('',#8804,#8929,#8952,.T.);
#8952 = SURFACE_CURVE('',#8953,(#8957,#8964),.PCURVE_S1.);
#8953 = LINE('',#8954,#8955);
#8954 = CARTESIAN_POINT('',(14.,104.6,4.5));
#8955 = VECTOR('',#8956,1.);
#8956 = DIRECTION('',(0.,0.,1.));
#8957 = PCURVE('',#2872,#8958);
#8958 = DEFINITIONAL_REPRESENTATION('',(#8959),#8963);
#8959 = LINE('',#8960,#8961);
#8960 = CARTESIAN_POINT('',(0.,0.));
#8961 = VECTOR('',#8962,1.);
#8962 = DIRECTION('',(1.,0.));
#8963 = ( GEOMETRIC_REPRESENTATION_CONTEXT(2) 
PARAMETRIC_REPRESENTATION_CONTEXT() REPRESENTATION_CONTEXT('2D SPACE',''
  ) );
#8964 = PCURVE('',#8842,#8965);
#8965 = DEFINITIONAL_REPRESENTATION('',(#8966),#8970);
#8966 = LINE('',#8967,#8968);
#8967 = CARTESIAN_POINT('',(0.,0.));
#8968 = VECTOR('',#8969,1.);
#8969 = DIRECTION('',(1.,0.));
#8970 = ( GEOMETRIC_REPRESENTATION_CONTEXT(2) 
PARAMETRIC_REPRESENTATION_CONTEXT() REPRESENTATION_CONTEXT('2D SPACE',''
  ) );
#8971 = ORIENTED_EDGE('',*,*,#8803,.T.);
#8972 = ORIENTED_EDGE('',*,*,#2857,.T.);
#8973 = ADVANCED_FACE('',(#8974),#2898,.F.);
#8974 = FACE_BOUND('',#8975,.F.);
#8975 = EDGE_LOOP('',(#8976,#8977,#8998,#8999));
#8976 = ORIENTED_EDGE('',*,*,#8928,.F.);
#8977 = ORIENTED_EDGE('',*,*,#8978,.T.);
#8978 = EDGE_CURVE('',#8929,#8880,#8979,.T.);
#8979 = SURFACE_CURVE('',#8980,(#8984,#8991),.PCURVE_S1.);
#8980 = LINE('',#8981,#8982);
#8981 = CARTESIAN_POINT('',(14.,104.6,9.5));
#8982 = VECTOR('',#8983,1.);
#8983 = DIRECTION('',(1.,0.,-0.));
#8984 = PCURVE('',#2898,#8985);
#8985 = DEFINITIONAL_REPRESENTATION('',(#8986),#8990);
#8986 = LINE('',#8987,#8988);
#8987 = CARTESIAN_POINT('',(0.,0.));
#8988 = VECTOR('',#8989,1.);
#8989 = DIRECTION('',(1.,0.));
#8990 = ( GEOMETRIC_REPRESENTATION_CONTEXT(2) 
PARAMETRIC_REPRESENTATION_CONTEXT() REPRESENTATION_CONTEXT('2D SPACE',''
  ) );
#8991 = PCURVE('',#8842,#8992);
#8992 = DEFINITIONAL_REPRESENTATION('',(#8993),#8997);
#8993 = LINE('',#8994,#8995);
#8994 = CARTESIAN_POINT('',(5.,0.));
#8995 = VECTOR('',#8996,1.);
#8996 = DIRECTION('',(0.,1.));
#8997 = ( GEOMETRIC_REPRESENTATION_CONTEXT(2) 
PARAMETRIC_REPRESENTATION_CONTEXT() REPRESENTATION_CONTEXT('2D SPACE',''
  ) );
#8998 = ORIENTED_EDGE('',*,*,#8879,.T.);
#8999 = ORIENTED_EDGE('',*,*,#2883,.T.);
#9000 = ADVANCED_FACE('',(#9001,#9107,#9142,#9145),#3018,.F.);
#9001 = FACE_BOUND('',#9002,.F.);
#9002 = EDGE_LOOP('',(#9003,#9026,#9054,#9082,#9103,#9104,#9105,#9106));
#9003 = ORIENTED_EDGE('',*,*,#9004,.F.);
#9004 = EDGE_CURVE('',#9005,#3832,#9007,.T.);
#9005 = VERTEX_POINT('',#9006);
#9006 = CARTESIAN_POINT('',(124.,105.,11.));
#9007 = SURFACE_CURVE('',#9008,(#9012,#9019),.PCURVE_S1.);
#9008 = LINE('',#9009,#9010);
#9009 = CARTESIAN_POINT('',(124.,105.,11.));
#9010 = VECTOR('',#9011,1.);
#9011 = DIRECTION('',(-1.,0.,0.));
#9012 = PCURVE('',#3018,#9013);
#9013 = DEFINITIONAL_REPRESENTATION('',(#9014),#9018);
#9014 = LINE('',#9015,#9016);
#9015 = CARTESIAN_POINT('',(0.,-11.));
#9016 = VECTOR('',#9017,1.);
#9017 = DIRECTION('',(1.,0.));
#9018 = ( GEOMETRIC_REPRESENTATION_CONTEXT(2) 
PARAMETRIC_REPRESENTATION_CONTEXT() REPRESENTATION_CONTEXT('2D SPACE',''
  ) );
#9019 = PCURVE('',#3846,#9020);
#9020 = DEFINITIONAL_REPRESENTATION('',(#9021),#9025);
#9021 = LINE('',#9022,#9023);
#9022 = CARTESIAN_POINT('',(54.,52.5));
#9023 = VECTOR('',#9024,1.);
#9024 = DIRECTION('',(-1.,0.));
#9025 = ( GEOMETRIC_REPRESENTATION_CONTEXT(2) 
PARAMETRIC_REPRESENTATION_CONTEXT() REPRESENTATION_CONTEXT('2D SPACE',''
  ) );
#9026 = ORIENTED_EDGE('',*,*,#9027,.T.);
#9027 = EDGE_CURVE('',#9005,#9028,#9030,.T.);
#9028 = VERTEX_POINT('',#9029);
#9029 = CARTESIAN_POINT('',(124.,105.,25.6));
#9030 = SURFACE_CURVE('',#9031,(#9035,#9042),.PCURVE_S1.);
#9031 = LINE('',#9032,#9033);
#9032 = CARTESIAN_POINT('',(124.,105.,0.));
#9033 = VECTOR('',#9034,1.);
#9034 = DIRECTION('',(0.,0.,1.));
#9035 = PCURVE('',#3018,#9036);
#9036 = DEFINITIONAL_REPRESENTATION('',(#9037),#9041);
#9037 = LINE('',#9038,#9039);
#9038 = CARTESIAN_POINT('',(0.,-0.));
#9039 = VECTOR('',#9040,1.);
#9040 = DIRECTION('',(0.,-1.));
#9041 = ( GEOMETRIC_REPRESENTATION_CONTEXT(2) 
PARAMETRIC_REPRESENTATION_CONTEXT() REPRESENTATION_CONTEXT('2D SPACE',''
  ) );
#9042 = PCURVE('',#9043,#9048);
#9043 = PLANE('',#9044);
#9044 = AXIS2_PLACEMENT_3D('',#9045,#9046,#9047);
#9045 = CARTESIAN_POINT('',(140.,89.,0.));
#9046 = DIRECTION('',(-0.707106781187,-0.707106781187,0.));
#9047 = DIRECTION('',(-0.707106781187,0.707106781187,0.));
#9048 = DEFINITIONAL_REPRESENTATION('',(#9049),#9053);
#9049 = LINE('',#9050,#9051);
#9050 = CARTESIAN_POINT('',(22.62741699797,0.));
#9051 = VECTOR('',#9052,1.);
#9052 = DIRECTION('',(0.,-1.));
#9053 = ( GEOMETRIC_REPRESENTATION_CONTEXT(2) 
PARAMETRIC_REPRESENTATION_CONTEXT() REPRESENTATION_CONTEXT('2D SPACE',''
  ) );
#9054 = ORIENTED_EDGE('',*,*,#9055,.T.);
#9055 = EDGE_CURVE('',#9028,#9056,#9058,.T.);
#9056 = VERTEX_POINT('',#9057);
#9057 = CARTESIAN_POINT('',(0.,105.,25.6));
#9058 = SURFACE_CURVE('',#9059,(#9063,#9070),.PCURVE_S1.);
#9059 = LINE('',#9060,#9061);
#9060 = CARTESIAN_POINT('',(124.,105.,25.6));
#9061 = VECTOR('',#9062,1.);
#9062 = DIRECTION('',(-1.,0.,0.));
#9063 = PCURVE('',#3018,#9064);
#9064 = DEFINITIONAL_REPRESENTATION('',(#9065),#9069);
#9065 = LINE('',#9066,#9067);
#9066 = CARTESIAN_POINT('',(0.,-25.6));
#9067 = VECTOR('',#9068,1.);
#9068 = DIRECTION('',(1.,0.));
#9069 = ( GEOMETRIC_REPRESENTATION_CONTEXT(2) 
PARAMETRIC_REPRESENTATION_CONTEXT() REPRESENTATION_CONTEXT('2D SPACE',''
  ) );
#9070 = PCURVE('',#9071,#9076);
#9071 = PLANE('',#9072);
#9072 = AXIS2_PLACEMENT_3D('',#9073,#9074,#9075);
#9073 = CARTESIAN_POINT('',(124.,104.,26.6));
#9074 = DIRECTION('',(0.,-0.707106781187,-0.707106781187));
#9075 = DIRECTION('',(1.,0.,-0.));
#9076 = DEFINITIONAL_REPRESENTATION('',(#9077),#9081);
#9077 = LINE('',#9078,#9079);
#9078 = CARTESIAN_POINT('',(-0.,-1.414213562373));
#9079 = VECTOR('',#9080,1.);
#9080 = DIRECTION('',(-1.,0.));
#9081 = ( GEOMETRIC_REPRESENTATION_CONTEXT(2) 
PARAMETRIC_REPRESENTATION_CONTEXT() REPRESENTATION_CONTEXT('2D SPACE',''
  ) );
#9082 = ORIENTED_EDGE('',*,*,#9083,.F.);
#9083 = EDGE_CURVE('',#3129,#9056,#9084,.T.);
#9084 = SURFACE_CURVE('',#9085,(#9089,#9096),.PCURVE_S1.);
#9085 = LINE('',#9086,#9087);
#9086 = CARTESIAN_POINT('',(0.,105.,0.));
#9087 = VECTOR('',#9088,1.);
#9088 = DIRECTION('',(0.,0.,1.));
#9089 = PCURVE('',#3018,#9090);
#9090 = DEFINITIONAL_REPRESENTATION('',(#9091),#9095);
#9091 = LINE('',#9092,#9093);
#9092 = CARTESIAN_POINT('',(124.,0.));
#9093 = VECTOR('',#9094,1.);
#9094 = DIRECTION('',(0.,-1.));
#9095 = ( GEOMETRIC_REPRESENTATION_CONTEXT(2) 
PARAMETRIC_REPRESENTATION_CONTEXT() REPRESENTATION_CONTEXT('2D SPACE',''
  ) );
#9096 = PCURVE('',#3167,#9097);
#9097 = DEFINITIONAL_REPRESENTATION('',(#9098),#9102);
#9098 = LINE('',#9099,#9100);
#9099 = CARTESIAN_POINT('',(0.,0.));
#9100 = VECTOR('',#9101,1.);
#9101 = DIRECTION('',(0.,-1.));
#9102 = ( GEOMETRIC_REPRESENTATION_CONTEXT(2) 
PARAMETRIC_REPRESENTATION_CONTEXT() REPRESENTATION_CONTEXT('2D SPACE',''
  ) );
#9103 = ORIENTED_EDGE('',*,*,#3128,.F.);
#9104 = ORIENTED_EDGE('',*,*,#3005,.T.);
#9105 = ORIENTED_EDGE('',*,*,#3707,.F.);
#9106 = ORIENTED_EDGE('',*,*,#3857,.F.);
#9107 = FACE_BOUND('',#9108,.F.);
#9108 = EDGE_LOOP('',(#9109));
#9109 = ORIENTED_EDGE('',*,*,#9110,.T.);
#9110 = EDGE_CURVE('',#9111,#9111,#9113,.T.);
#9111 = VERTEX_POINT('',#9112);
#9112 = CARTESIAN_POINT('',(121.1,105.,16.5));
#9113 = SURFACE_CURVE('',#9114,(#9119,#9130),.PCURVE_S1.);
#9114 = CIRCLE('',#9115,3.1);
#9115 = AXIS2_PLACEMENT_3D('',#9116,#9117,#9118);
#9116 = CARTESIAN_POINT('',(118.,105.,16.5));
#9117 = DIRECTION('',(0.,1.,0.));
#9118 = DIRECTION('',(1.,0.,-0.));
#9119 = PCURVE('',#3018,#9120);
#9120 = DEFINITIONAL_REPRESENTATION('',(#9121),#9129);
#9121 = ( BOUNDED_CURVE() B_SPLINE_CURVE(2,(#9122,#9123,#9124,#9125,
#9126,#9127,#9128),.UNSPECIFIED.,.T.,.F.) B_SPLINE_CURVE_WITH_KNOTS((1,2
    ,2,2,2,1),(-2.094395102393,0.,2.094395102393,4.188790204786,
6.28318530718,8.377580409573),.UNSPECIFIED.) CURVE() 
GEOMETRIC_REPRESENTATION_ITEM() RATIONAL_B_SPLINE_CURVE((1.,0.5,1.,0.5,
1.,0.5,1.)) REPRESENTATION_ITEM('') );
#9122 = CARTESIAN_POINT('',(2.9,-16.5));
#9123 = CARTESIAN_POINT('',(2.9,-11.13064249653));
#9124 = CARTESIAN_POINT('',(7.55,-13.81532124826));
#9125 = CARTESIAN_POINT('',(12.2,-16.5));
#9126 = CARTESIAN_POINT('',(7.55,-19.18467875173));
#9127 = CARTESIAN_POINT('',(2.9,-21.86935750346));
#9128 = CARTESIAN_POINT('',(2.9,-16.5));
#9129 = ( GEOMETRIC_REPRESENTATION_CONTEXT(2) 
PARAMETRIC_REPRESENTATION_CONTEXT() REPRESENTATION_CONTEXT('2D SPACE',''
  ) );
#9130 = PCURVE('',#9131,#9136);
#9131 = CYLINDRICAL_SURFACE('',#9132,3.1);
#9132 = AXIS2_PLACEMENT_3D('',#9133,#9134,#9135);
#9133 = CARTESIAN_POINT('',(118.,101.6,16.5));
#9134 = DIRECTION('',(0.,1.,0.));
#9135 = DIRECTION('',(1.,0.,-0.));
#9136 = DEFINITIONAL_REPRESENTATION('',(#9137),#9141);
#9137 = LINE('',#9138,#9139);
#9138 = CARTESIAN_POINT('',(0.,3.4));
#9139 = VECTOR('',#9140,1.);
#9140 = DIRECTION('',(1.,0.));
#9141 = ( GEOMETRIC_REPRESENTATION_CONTEXT(2) 
PARAMETRIC_REPRESENTATION_CONTEXT() REPRESENTATION_CONTEXT('2D SPACE',''
  ) );
#9142 = FACE_BOUND('',#9143,.F.);
#9143 = EDGE_LOOP('',(#9144));
#9144 = ORIENTED_EDGE('',*,*,#6160,.T.);
#9145 = FACE_BOUND('',#9146,.F.);
#9146 = EDGE_LOOP('',(#9147));
#9147 = ORIENTED_EDGE('',*,*,#6214,.T.);
#9148 = ADVANCED_FACE('',(#9149),#3195,.F.);
#9149 = FACE_BOUND('',#9150,.F.);
#9150 = EDGE_LOOP('',(#9151,#9152,#9175,#9201));
#9151 = ORIENTED_EDGE('',*,*,#3179,.F.);
#9152 = ORIENTED_EDGE('',*,*,#9153,.T.);
#9153 = EDGE_CURVE('',#3152,#9154,#9156,.T.);
#9154 = VERTEX_POINT('',#9155);
#9155 = CARTESIAN_POINT('',(1.887379141863E-15,16.,25.6));
#9156 = SURFACE_CURVE('',#9157,(#9161,#9168),.PCURVE_S1.);
#9157 = LINE('',#9158,#9159);
#9158 = CARTESIAN_POINT('',(0.,16.,0.));
#9159 = VECTOR('',#9160,1.);
#9160 = DIRECTION('',(0.,0.,1.));
#9161 = PCURVE('',#3195,#9162);
#9162 = DEFINITIONAL_REPRESENTATION('',(#9163),#9167);
#9163 = LINE('',#9164,#9165);
#9164 = CARTESIAN_POINT('',(0.,0.));
#9165 = VECTOR('',#9166,1.);
#9166 = DIRECTION('',(0.,-1.));
#9167 = ( GEOMETRIC_REPRESENTATION_CONTEXT(2) 
PARAMETRIC_REPRESENTATION_CONTEXT() REPRESENTATION_CONTEXT('2D SPACE',''
  ) );
#9168 = PCURVE('',#3167,#9169);
#9169 = DEFINITIONAL_REPRESENTATION('',(#9170),#9174);
#9170 = LINE('',#9171,#9172);
#9171 = CARTESIAN_POINT('',(89.,0.));
#9172 = VECTOR('',#9173,1.);
#9173 = DIRECTION('',(0.,-1.));
#9174 = ( GEOMETRIC_REPRESENTATION_CONTEXT(2) 
PARAMETRIC_REPRESENTATION_CONTEXT() REPRESENTATION_CONTEXT('2D SPACE',''
  ) );
#9175 = ORIENTED_EDGE('',*,*,#9176,.T.);
#9176 = EDGE_CURVE('',#9154,#3296,#9177,.T.);
#9177 = SURFACE_CURVE('',#9178,(#9182,#9189),.PCURVE_S1.);
#9178 = LINE('',#9179,#9180);
#9179 = CARTESIAN_POINT('',(-7.105427357601E-15,16.,25.6));
#9180 = VECTOR('',#9181,1.);
#9181 = DIRECTION('',(0.707106781187,-0.707106781187,0.));
#9182 = PCURVE('',#3195,#9183);
#9183 = DEFINITIONAL_REPRESENTATION('',(#9184),#9188);
#9184 = LINE('',#9185,#9186);
#9185 = CARTESIAN_POINT('',(-3.552713678801E-15,-25.6));
#9186 = VECTOR('',#9187,1.);
#9187 = DIRECTION('',(1.,0.));
#9188 = ( GEOMETRIC_REPRESENTATION_CONTEXT(2) 
PARAMETRIC_REPRESENTATION_CONTEXT() REPRESENTATION_CONTEXT('2D SPACE',''
  ) );
#9189 = PCURVE('',#9190,#9195);
#9190 = PLANE('',#9191);
#9191 = AXIS2_PLACEMENT_3D('',#9192,#9193,#9194);
#9192 = CARTESIAN_POINT('',(0.707106781187,16.707106781187,26.6));
#9193 = DIRECTION('',(0.5,0.5,-0.707106781187));
#9194 = DIRECTION('',(-0.707106781187,0.707106781187,-8.326672684689E-17
    ));
#9195 = DEFINITIONAL_REPRESENTATION('',(#9196),#9200);
#9196 = LINE('',#9197,#9198);
#9197 = CARTESIAN_POINT('',(-0.,-1.414213562373));
#9198 = VECTOR('',#9199,1.);
#9199 = DIRECTION('',(-1.,0.));
#9200 = ( GEOMETRIC_REPRESENTATION_CONTEXT(2) 
PARAMETRIC_REPRESENTATION_CONTEXT() REPRESENTATION_CONTEXT('2D SPACE',''
  ) );
#9201 = ORIENTED_EDGE('',*,*,#3295,.F.);
#9202 = ADVANCED_FACE('',(#9203,#9234,#9240,#9246,#9252,#9258,#9264,
    #9270,#9276),#3167,.F.);
#9203 = FACE_BOUND('',#9204,.F.);
#9204 = EDGE_LOOP('',(#9205,#9206,#9207,#9233));
#9205 = ORIENTED_EDGE('',*,*,#3151,.F.);
#9206 = ORIENTED_EDGE('',*,*,#9083,.T.);
#9207 = ORIENTED_EDGE('',*,*,#9208,.T.);
#9208 = EDGE_CURVE('',#9056,#9154,#9209,.T.);
#9209 = SURFACE_CURVE('',#9210,(#9214,#9221),.PCURVE_S1.);
#9210 = LINE('',#9211,#9212);
#9211 = CARTESIAN_POINT('',(0.,105.,25.6));
#9212 = VECTOR('',#9213,1.);
#9213 = DIRECTION('',(0.,-1.,0.));
#9214 = PCURVE('',#3167,#9215);
#9215 = DEFINITIONAL_REPRESENTATION('',(#9216),#9220);
#9216 = LINE('',#9217,#9218);
#9217 = CARTESIAN_POINT('',(0.,-25.6));
#9218 = VECTOR('',#9219,1.);
#9219 = DIRECTION('',(1.,0.));
#9220 = ( GEOMETRIC_REPRESENTATION_CONTEXT(2) 
PARAMETRIC_REPRESENTATION_CONTEXT() REPRESENTATION_CONTEXT('2D SPACE',''
  ) );
#9221 = PCURVE('',#9222,#9227);
#9222 = PLANE('',#9223);
#9223 = AXIS2_PLACEMENT_3D('',#9224,#9225,#9226);
#9224 = CARTESIAN_POINT('',(1.,105.,26.6));
#9225 = DIRECTION('',(0.707106781187,0.,-0.707106781187));
#9226 = DIRECTION('',(-0.,1.,-0.));
#9227 = DEFINITIONAL_REPRESENTATION('',(#9228),#9232);
#9228 = LINE('',#9229,#9230);
#9229 = CARTESIAN_POINT('',(-0.,-1.414213562373));
#9230 = VECTOR('',#9231,1.);
#9231 = DIRECTION('',(-1.,0.));
#9232 = ( GEOMETRIC_REPRESENTATION_CONTEXT(2) 
PARAMETRIC_REPRESENTATION_CONTEXT() REPRESENTATION_CONTEXT('2D SPACE',''
  ) );
#9233 = ORIENTED_EDGE('',*,*,#9153,.F.);
#9234 = FACE_BOUND('',#9235,.F.);
#9235 = EDGE_LOOP('',(#9236,#9237,#9238,#9239));
#9236 = ORIENTED_EDGE('',*,*,#6651,.T.);
#9237 = ORIENTED_EDGE('',*,*,#6745,.T.);
#9238 = ORIENTED_EDGE('',*,*,#6792,.F.);
#9239 = ORIENTED_EDGE('',*,*,#6698,.F.);
#9240 = FACE_BOUND('',#9241,.F.);
#9241 = EDGE_LOOP('',(#9242,#9243,#9244,#9245));
#9242 = ORIENTED_EDGE('',*,*,#6839,.T.);
#9243 = ORIENTED_EDGE('',*,*,#6933,.T.);
#9244 = ORIENTED_EDGE('',*,*,#6980,.F.);
#9245 = ORIENTED_EDGE('',*,*,#6886,.F.);
#9246 = FACE_BOUND('',#9247,.F.);
#9247 = EDGE_LOOP('',(#9248,#9249,#9250,#9251));
#9248 = ORIENTED_EDGE('',*,*,#7027,.T.);
#9249 = ORIENTED_EDGE('',*,*,#7121,.T.);
#9250 = ORIENTED_EDGE('',*,*,#7168,.F.);
#9251 = ORIENTED_EDGE('',*,*,#7074,.F.);
#9252 = FACE_BOUND('',#9253,.F.);
#9253 = EDGE_LOOP('',(#9254,#9255,#9256,#9257));
#9254 = ORIENTED_EDGE('',*,*,#7215,.T.);
#9255 = ORIENTED_EDGE('',*,*,#7309,.T.);
#9256 = ORIENTED_EDGE('',*,*,#7356,.F.);
#9257 = ORIENTED_EDGE('',*,*,#7262,.F.);
#9258 = FACE_BOUND('',#9259,.F.);
#9259 = EDGE_LOOP('',(#9260,#9261,#9262,#9263));
#9260 = ORIENTED_EDGE('',*,*,#7403,.T.);
#9261 = ORIENTED_EDGE('',*,*,#7497,.T.);
#9262 = ORIENTED_EDGE('',*,*,#7544,.F.);
#9263 = ORIENTED_EDGE('',*,*,#7450,.F.);
#9264 = FACE_BOUND('',#9265,.F.);
#9265 = EDGE_LOOP('',(#9266,#9267,#9268,#9269));
#9266 = ORIENTED_EDGE('',*,*,#7591,.T.);
#9267 = ORIENTED_EDGE('',*,*,#7685,.T.);
#9268 = ORIENTED_EDGE('',*,*,#7732,.F.);
#9269 = ORIENTED_EDGE('',*,*,#7638,.F.);
#9270 = FACE_BOUND('',#9271,.F.);
#9271 = EDGE_LOOP('',(#9272,#9273,#9274,#9275));
#9272 = ORIENTED_EDGE('',*,*,#7779,.T.);
#9273 = ORIENTED_EDGE('',*,*,#7873,.T.);
#9274 = ORIENTED_EDGE('',*,*,#7920,.F.);
#9275 = ORIENTED_EDGE('',*,*,#7826,.F.);
#9276 = FACE_BOUND('',#9277,.F.);
#9277 = EDGE_LOOP('',(#9278,#9279,#9280,#9281));
#9278 = ORIENTED_EDGE('',*,*,#7967,.T.);
#9279 = ORIENTED_EDGE('',*,*,#8061,.T.);
#9280 = ORIENTED_EDGE('',*,*,#8108,.F.);
#9281 = ORIENTED_EDGE('',*,*,#8014,.F.);
#9282 = ADVANCED_FACE('',(#9283),#3390,.F.);
#9283 = FACE_BOUND('',#9284,.F.);
#9284 = EDGE_LOOP('',(#9285,#9286,#9287,#9310,#9332,#9358));
#9285 = ORIENTED_EDGE('',*,*,#8507,.F.);
#9286 = ORIENTED_EDGE('',*,*,#3374,.T.);
#9287 = ORIENTED_EDGE('',*,*,#9288,.T.);
#9288 = EDGE_CURVE('',#3347,#9289,#9291,.T.);
#9289 = VERTEX_POINT('',#9290);
#9290 = CARTESIAN_POINT('',(140.,2.4,11.));
#9291 = SURFACE_CURVE('',#9292,(#9296,#9303),.PCURVE_S1.);
#9292 = LINE('',#9293,#9294);
#9293 = CARTESIAN_POINT('',(140.,0.,11.));
#9294 = VECTOR('',#9295,1.);
#9295 = DIRECTION('',(0.,1.,0.));
#9296 = PCURVE('',#3390,#9297);
#9297 = DEFINITIONAL_REPRESENTATION('',(#9298),#9302);
#9298 = LINE('',#9299,#9300);
#9299 = CARTESIAN_POINT('',(70.,-52.5));
#9300 = VECTOR('',#9301,1.);
#9301 = DIRECTION('',(0.,1.));
#9302 = ( GEOMETRIC_REPRESENTATION_CONTEXT(2) 
PARAMETRIC_REPRESENTATION_CONTEXT() REPRESENTATION_CONTEXT('2D SPACE',''
  ) );
#9303 = PCURVE('',#3362,#9304);
#9304 = DEFINITIONAL_REPRESENTATION('',(#9305),#9309);
#9305 = LINE('',#9306,#9307);
#9306 = CARTESIAN_POINT('',(0.,-11.));
#9307 = VECTOR('',#9308,1.);
#9308 = DIRECTION('',(1.,0.));
#9309 = ( GEOMETRIC_REPRESENTATION_CONTEXT(2) 
PARAMETRIC_REPRESENTATION_CONTEXT() REPRESENTATION_CONTEXT('2D SPACE',''
  ) );
#9310 = ORIENTED_EDGE('',*,*,#9311,.T.);
#9311 = EDGE_CURVE('',#9289,#9312,#9314,.T.);
#9312 = VERTEX_POINT('',#9313);
#9313 = CARTESIAN_POINT('',(139.2,2.4,11.));
#9314 = SURFACE_CURVE('',#9315,(#9319,#9325),.PCURVE_S1.);
#9315 = LINE('',#9316,#9317);
#9316 = CARTESIAN_POINT('',(103.795,2.4,11.));
#9317 = VECTOR('',#9318,1.);
#9318 = DIRECTION('',(-1.,-0.,0.));
#9319 = PCURVE('',#3390,#9320);
#9320 = DEFINITIONAL_REPRESENTATION('',(#9321),#9324);
#9321 = B_SPLINE_CURVE_WITH_KNOTS('',1,(#9322,#9323),.UNSPECIFIED.,.F.,
  .F.,(2,2),(-36.205,-33.795),.PIECEWISE_BEZIER_KNOTS.);
#9322 = CARTESIAN_POINT('',(70.,-50.1));
#9323 = CARTESIAN_POINT('',(67.59,-50.1));
#9324 = ( GEOMETRIC_REPRESENTATION_CONTEXT(2) 
PARAMETRIC_REPRESENTATION_CONTEXT() REPRESENTATION_CONTEXT('2D SPACE',''
  ) );
#9325 = PCURVE('',#8696,#9326);
#9326 = DEFINITIONAL_REPRESENTATION('',(#9327),#9331);
#9327 = LINE('',#9328,#9329);
#9328 = CARTESIAN_POINT('',(12.,-33.795));
#9329 = VECTOR('',#9330,1.);
#9330 = DIRECTION('',(0.,-1.));
#9331 = ( GEOMETRIC_REPRESENTATION_CONTEXT(2) 
PARAMETRIC_REPRESENTATION_CONTEXT() REPRESENTATION_CONTEXT('2D SPACE',''
  ) );
#9332 = ORIENTED_EDGE('',*,*,#9333,.T.);
#9333 = EDGE_CURVE('',#9312,#9334,#9336,.T.);
#9334 = VERTEX_POINT('',#9335);
#9335 = CARTESIAN_POINT('',(139.2,0.8,11.));
#9336 = SURFACE_CURVE('',#9337,(#9341,#9347),.PCURVE_S1.);
#9337 = LINE('',#9338,#9339);
#9338 = CARTESIAN_POINT('',(139.2,26.65,11.));
#9339 = VECTOR('',#9340,1.);
#9340 = DIRECTION('',(0.,-1.,0.));
#9341 = PCURVE('',#3390,#9342);
#9342 = DEFINITIONAL_REPRESENTATION('',(#9343),#9346);
#9343 = B_SPLINE_CURVE_WITH_KNOTS('',1,(#9344,#9345),.UNSPECIFIED.,.F.,
  .F.,(2,2),(-62.0186291501,25.85),.PIECEWISE_BEZIER_KNOTS.);
#9344 = CARTESIAN_POINT('',(69.2,36.168629150102));
#9345 = CARTESIAN_POINT('',(69.2,-51.7));
#9346 = ( GEOMETRIC_REPRESENTATION_CONTEXT(2) 
PARAMETRIC_REPRESENTATION_CONTEXT() REPRESENTATION_CONTEXT('2D SPACE',''
  ) );
#9347 = PCURVE('',#9348,#9353);
#9348 = PLANE('',#9349);
#9349 = AXIS2_PLACEMENT_3D('',#9350,#9351,#9352);
#9350 = CARTESIAN_POINT('',(139.2,0.8,9.7));
#9351 = DIRECTION('',(-1.,0.,0.));
#9352 = DIRECTION('',(0.,1.,0.));
#9353 = DEFINITIONAL_REPRESENTATION('',(#9354),#9357);
#9354 = B_SPLINE_CURVE_WITH_KNOTS('',1,(#9355,#9356),.UNSPECIFIED.,.F.,
  .F.,(2,2),(-62.0186291501,25.85),.PIECEWISE_BEZIER_KNOTS.);
#9355 = CARTESIAN_POINT('',(87.868629150102,-1.3));
#9356 = CARTESIAN_POINT('',(0.,-1.3));
#9357 = ( GEOMETRIC_REPRESENTATION_CONTEXT(2) 
PARAMETRIC_REPRESENTATION_CONTEXT() REPRESENTATION_CONTEXT('2D SPACE',''
  ) );
#9358 = ORIENTED_EDGE('',*,*,#9359,.T.);
#9359 = EDGE_CURVE('',#9334,#8508,#9360,.T.);
#9360 = SURFACE_CURVE('',#9361,(#9365,#9371),.PCURVE_S1.);
#9361 = LINE('',#9362,#9363);
#9362 = CARTESIAN_POINT('',(43.165685424949,0.8,11.));
#9363 = VECTOR('',#9364,1.);
#9364 = DIRECTION('',(-1.,0.,0.));
#9365 = PCURVE('',#3390,#9366);
#9366 = DEFINITIONAL_REPRESENTATION('',(#9367),#9370);
#9367 = B_SPLINE_CURVE_WITH_KNOTS('',1,(#9368,#9369),.UNSPECIFIED.,.F.,
  .F.,(2,2),(-96.03431457505,26.834314575051),.PIECEWISE_BEZIER_KNOTS.);
#9368 = CARTESIAN_POINT('',(69.2,-51.7));
#9369 = CARTESIAN_POINT('',(-53.6686291501,-51.7));
#9370 = ( GEOMETRIC_REPRESENTATION_CONTEXT(2) 
PARAMETRIC_REPRESENTATION_CONTEXT() REPRESENTATION_CONTEXT('2D SPACE',''
  ) );
#9371 = PCURVE('',#8543,#9372);
#9372 = DEFINITIONAL_REPRESENTATION('',(#9373),#9376);
#9373 = B_SPLINE_CURVE_WITH_KNOTS('',1,(#9374,#9375),.UNSPECIFIED.,.F.,
  .F.,(2,2),(-96.03431457505,26.834314575051),.PIECEWISE_BEZIER_KNOTS.);
#9374 = CARTESIAN_POINT('',(122.8686291501,-1.3));
#9375 = CARTESIAN_POINT('',(0.,-1.3));
#9376 = ( GEOMETRIC_REPRESENTATION_CONTEXT(2) 
PARAMETRIC_REPRESENTATION_CONTEXT() REPRESENTATION_CONTEXT('2D SPACE',''
  ) );
#9377 = ADVANCED_FACE('',(#9378),#3362,.F.);
#9378 = FACE_BOUND('',#9379,.F.);
#9379 = EDGE_LOOP('',(#9380,#9381,#9382,#9410,#9433,#9456,#9477,#9504));
#9380 = ORIENTED_EDGE('',*,*,#9288,.F.);
#9381 = ORIENTED_EDGE('',*,*,#3346,.T.);
#9382 = ORIENTED_EDGE('',*,*,#9383,.T.);
#9383 = EDGE_CURVE('',#3319,#9384,#9386,.T.);
#9384 = VERTEX_POINT('',#9385);
#9385 = CARTESIAN_POINT('',(140.,89.,25.6));
#9386 = SURFACE_CURVE('',#9387,(#9391,#9398),.PCURVE_S1.);
#9387 = LINE('',#9388,#9389);
#9388 = CARTESIAN_POINT('',(140.,0.,25.6));
#9389 = VECTOR('',#9390,1.);
#9390 = DIRECTION('',(0.,1.,0.));
#9391 = PCURVE('',#3362,#9392);
#9392 = DEFINITIONAL_REPRESENTATION('',(#9393),#9397);
#9393 = LINE('',#9394,#9395);
#9394 = CARTESIAN_POINT('',(0.,-25.6));
#9395 = VECTOR('',#9396,1.);
#9396 = DIRECTION('',(1.,0.));
#9397 = ( GEOMETRIC_REPRESENTATION_CONTEXT(2) 
PARAMETRIC_REPRESENTATION_CONTEXT() REPRESENTATION_CONTEXT('2D SPACE',''
  ) );
#9398 = PCURVE('',#9399,#9404);
#9399 = PLANE('',#9400);
#9400 = AXIS2_PLACEMENT_3D('',#9401,#9402,#9403);
#9401 = CARTESIAN_POINT('',(139.,0.,26.6));
#9402 = DIRECTION('',(-0.707106781187,0.,-0.707106781187));
#9403 = DIRECTION('',(-0.,-1.,-0.));
#9404 = DEFINITIONAL_REPRESENTATION('',(#9405),#9409);
#9405 = LINE('',#9406,#9407);
#9406 = CARTESIAN_POINT('',(-0.,-1.414213562373));
#9407 = VECTOR('',#9408,1.);
#9408 = DIRECTION('',(-1.,0.));
#9409 = ( GEOMETRIC_REPRESENTATION_CONTEXT(2) 
PARAMETRIC_REPRESENTATION_CONTEXT() REPRESENTATION_CONTEXT('2D SPACE',''
  ) );
#9410 = ORIENTED_EDGE('',*,*,#9411,.F.);
#9411 = EDGE_CURVE('',#9412,#9384,#9414,.T.);
#9412 = VERTEX_POINT('',#9413);
#9413 = CARTESIAN_POINT('',(140.,89.,11.));
#9414 = SURFACE_CURVE('',#9415,(#9419,#9426),.PCURVE_S1.);
#9415 = LINE('',#9416,#9417);
#9416 = CARTESIAN_POINT('',(140.,89.,0.));
#9417 = VECTOR('',#9418,1.);
#9418 = DIRECTION('',(0.,0.,1.));
#9419 = PCURVE('',#3362,#9420);
#9420 = DEFINITIONAL_REPRESENTATION('',(#9421),#9425);
#9421 = LINE('',#9422,#9423);
#9422 = CARTESIAN_POINT('',(89.,0.));
#9423 = VECTOR('',#9424,1.);
#9424 = DIRECTION('',(0.,-1.));
#9425 = ( GEOMETRIC_REPRESENTATION_CONTEXT(2) 
PARAMETRIC_REPRESENTATION_CONTEXT() REPRESENTATION_CONTEXT('2D SPACE',''
  ) );
#9426 = PCURVE('',#9043,#9427);
#9427 = DEFINITIONAL_REPRESENTATION('',(#9428),#9432);
#9428 = LINE('',#9429,#9430);
#9429 = CARTESIAN_POINT('',(0.,0.));
#9430 = VECTOR('',#9431,1.);
#9431 = DIRECTION('',(0.,-1.));
#9432 = ( GEOMETRIC_REPRESENTATION_CONTEXT(2) 
PARAMETRIC_REPRESENTATION_CONTEXT() REPRESENTATION_CONTEXT('2D SPACE',''
  ) );
#9433 = ORIENTED_EDGE('',*,*,#9434,.F.);
#9434 = EDGE_CURVE('',#9435,#9412,#9437,.T.);
#9435 = VERTEX_POINT('',#9436);
#9436 = CARTESIAN_POINT('',(140.,60.5,11.));
#9437 = SURFACE_CURVE('',#9438,(#9442,#9449),.PCURVE_S1.);
#9438 = LINE('',#9439,#9440);
#9439 = CARTESIAN_POINT('',(140.,0.,11.));
#9440 = VECTOR('',#9441,1.);
#9441 = DIRECTION('',(0.,1.,0.));
#9442 = PCURVE('',#3362,#9443);
#9443 = DEFINITIONAL_REPRESENTATION('',(#9444),#9448);
#9444 = LINE('',#9445,#9446);
#9445 = CARTESIAN_POINT('',(0.,-11.));
#9446 = VECTOR('',#9447,1.);
#9447 = DIRECTION('',(1.,0.));
#9448 = ( GEOMETRIC_REPRESENTATION_CONTEXT(2) 
PARAMETRIC_REPRESENTATION_CONTEXT() REPRESENTATION_CONTEXT('2D SPACE',''
  ) );
#9449 = PCURVE('',#3846,#9450);
#9450 = DEFINITIONAL_REPRESENTATION('',(#9451),#9455);
#9451 = LINE('',#9452,#9453);
#9452 = CARTESIAN_POINT('',(70.,-52.5));
#9453 = VECTOR('',#9454,1.);
#9454 = DIRECTION('',(0.,1.));
#9455 = ( GEOMETRIC_REPRESENTATION_CONTEXT(2) 
PARAMETRIC_REPRESENTATION_CONTEXT() REPRESENTATION_CONTEXT('2D SPACE',''
  ) );
#9456 = ORIENTED_EDGE('',*,*,#9457,.F.);
#9457 = EDGE_CURVE('',#9458,#9435,#9460,.T.);
#9458 = VERTEX_POINT('',#9459);
#9459 = CARTESIAN_POINT('',(140.,60.5,24.4));
#9460 = SURFACE_CURVE('',#9461,(#9465,#9471),.PCURVE_S1.);
#9461 = LINE('',#9462,#9463);
#9462 = CARTESIAN_POINT('',(140.,60.5,-0.5));
#9463 = VECTOR('',#9464,1.);
#9464 = DIRECTION('',(0.,0.,-1.));
#9465 = PCURVE('',#3362,#9466);
#9466 = DEFINITIONAL_REPRESENTATION('',(#9467),#9470);
#9467 = B_SPLINE_CURVE_WITH_KNOTS('',1,(#9468,#9469),.UNSPECIFIED.,.F.,
  .F.,(2,2),(-24.9,-11.5),.PIECEWISE_BEZIER_KNOTS.);
#9468 = CARTESIAN_POINT('',(60.5,-24.4));
#9469 = CARTESIAN_POINT('',(60.5,-11.));
#9470 = ( GEOMETRIC_REPRESENTATION_CONTEXT(2) 
PARAMETRIC_REPRESENTATION_CONTEXT() REPRESENTATION_CONTEXT('2D SPACE',''
  ) );
#9471 = PCURVE('',#3896,#9472);
#9472 = DEFINITIONAL_REPRESENTATION('',(#9473),#9476);
#9473 = B_SPLINE_CURVE_WITH_KNOTS('',1,(#9474,#9475),.UNSPECIFIED.,.F.,
  .F.,(2,2),(-24.9,-11.5),.PIECEWISE_BEZIER_KNOTS.);
#9474 = CARTESIAN_POINT('',(25.4,2.41));
#9475 = CARTESIAN_POINT('',(12.,2.41));
#9476 = ( GEOMETRIC_REPRESENTATION_CONTEXT(2) 
PARAMETRIC_REPRESENTATION_CONTEXT() REPRESENTATION_CONTEXT('2D SPACE',''
  ) );
#9477 = ORIENTED_EDGE('',*,*,#9478,.F.);
#9478 = EDGE_CURVE('',#9479,#9458,#9481,.T.);
#9479 = VERTEX_POINT('',#9480);
#9480 = CARTESIAN_POINT('',(140.,2.4,24.4));
#9481 = SURFACE_CURVE('',#9482,(#9486,#9492),.PCURVE_S1.);
#9482 = LINE('',#9483,#9484);
#9483 = CARTESIAN_POINT('',(140.,1.2,24.4));
#9484 = VECTOR('',#9485,1.);
#9485 = DIRECTION('',(0.,1.,-0.));
#9486 = PCURVE('',#3362,#9487);
#9487 = DEFINITIONAL_REPRESENTATION('',(#9488),#9491);
#9488 = B_SPLINE_CURVE_WITH_KNOTS('',1,(#9489,#9490),.UNSPECIFIED.,.F.,
  .F.,(2,2),(1.2,59.3),.PIECEWISE_BEZIER_KNOTS.);
#9489 = CARTESIAN_POINT('',(2.4,-24.4));
#9490 = CARTESIAN_POINT('',(60.5,-24.4));
#9491 = ( GEOMETRIC_REPRESENTATION_CONTEXT(2) 
PARAMETRIC_REPRESENTATION_CONTEXT() REPRESENTATION_CONTEXT('2D SPACE',''
  ) );
#9492 = PCURVE('',#9493,#9498);
#9493 = PLANE('',#9494);
#9494 = AXIS2_PLACEMENT_3D('',#9495,#9496,#9497);
#9495 = CARTESIAN_POINT('',(137.59,2.4,24.4));
#9496 = DIRECTION('',(0.,0.,1.));
#9497 = DIRECTION('',(1.,0.,-0.));
#9498 = DEFINITIONAL_REPRESENTATION('',(#9499),#9503);
#9499 = LINE('',#9500,#9501);
#9500 = CARTESIAN_POINT('',(2.41,-1.2));
#9501 = VECTOR('',#9502,1.);
#9502 = DIRECTION('',(0.,1.));
#9503 = ( GEOMETRIC_REPRESENTATION_CONTEXT(2) 
PARAMETRIC_REPRESENTATION_CONTEXT() REPRESENTATION_CONTEXT('2D SPACE',''
  ) );
#9504 = ORIENTED_EDGE('',*,*,#9505,.T.);
#9505 = EDGE_CURVE('',#9479,#9289,#9506,.T.);
#9506 = SURFACE_CURVE('',#9507,(#9511,#9517),.PCURVE_S1.);
#9507 = LINE('',#9508,#9509);
#9508 = CARTESIAN_POINT('',(140.,2.4,-0.5));
#9509 = VECTOR('',#9510,1.);
#9510 = DIRECTION('',(0.,0.,-1.));
#9511 = PCURVE('',#3362,#9512);
#9512 = DEFINITIONAL_REPRESENTATION('',(#9513),#9516);
#9513 = B_SPLINE_CURVE_WITH_KNOTS('',1,(#9514,#9515),.UNSPECIFIED.,.F.,
  .F.,(2,2),(-24.9,-11.5),.PIECEWISE_BEZIER_KNOTS.);
#9514 = CARTESIAN_POINT('',(2.4,-24.4));
#9515 = CARTESIAN_POINT('',(2.4,-11.));
#9516 = ( GEOMETRIC_REPRESENTATION_CONTEXT(2) 
PARAMETRIC_REPRESENTATION_CONTEXT() REPRESENTATION_CONTEXT('2D SPACE',''
  ) );
#9517 = PCURVE('',#8696,#9518);
#9518 = DEFINITIONAL_REPRESENTATION('',(#9519),#9523);
#9519 = LINE('',#9520,#9521);
#9520 = CARTESIAN_POINT('',(0.5,2.41));
#9521 = VECTOR('',#9522,1.);
#9522 = DIRECTION('',(-1.,0.));
#9523 = ( GEOMETRIC_REPRESENTATION_CONTEXT(2) 
PARAMETRIC_REPRESENTATION_CONTEXT() REPRESENTATION_CONTEXT('2D SPACE',''
  ) );
#9524 = ADVANCED_FACE('',(#9525),#3334,.F.);
#9525 = FACE_BOUND('',#9526,.T.);
#9526 = EDGE_LOOP('',(#9527,#9550,#9551,#9574));
#9527 = ORIENTED_EDGE('',*,*,#9528,.F.);
#9528 = EDGE_CURVE('',#3296,#9529,#9531,.T.);
#9529 = VERTEX_POINT('',#9530);
#9530 = CARTESIAN_POINT('',(16.828427124746,2.,27.6));
#9531 = SURFACE_CURVE('',#9532,(#9536,#9543),.PCURVE_S1.);
#9532 = LINE('',#9533,#9534);
#9533 = CARTESIAN_POINT('',(17.275367109831,3.079008573559,
    28.679008573559));
#9534 = VECTOR('',#9535,1.);
#9535 = DIRECTION('',(0.281084637715,0.678598344546,0.678598344546));
#9536 = PCURVE('',#3334,#9537);
#9537 = DEFINITIONAL_REPRESENTATION('',(#9538),#9542);
#9538 = LINE('',#9539,#9540);
#9539 = CARTESIAN_POINT('',(-1.275367109831,2.940162121017));
#9540 = VECTOR('',#9541,1.);
#9541 = DIRECTION('',(-0.281084637715,0.959682982261));
#9542 = ( GEOMETRIC_REPRESENTATION_CONTEXT(2) 
PARAMETRIC_REPRESENTATION_CONTEXT() REPRESENTATION_CONTEXT('2D SPACE',''
  ) );
#9543 = PCURVE('',#9190,#9544);
#9544 = DEFINITIONAL_REPRESENTATION('',(#9545),#9549);
#9545 = LINE('',#9546,#9547);
#9546 = CARTESIAN_POINT('',(-21.35204988813,2.940162121017));
#9547 = VECTOR('',#9548,1.);
#9548 = DIRECTION('',(0.281084637715,0.959682982261));
#9549 = ( GEOMETRIC_REPRESENTATION_CONTEXT(2) 
PARAMETRIC_REPRESENTATION_CONTEXT() REPRESENTATION_CONTEXT('2D SPACE',''
  ) );
#9550 = ORIENTED_EDGE('',*,*,#3318,.T.);
#9551 = ORIENTED_EDGE('',*,*,#9552,.T.);
#9552 = EDGE_CURVE('',#3319,#9553,#9555,.T.);
#9553 = VERTEX_POINT('',#9554);
#9554 = CARTESIAN_POINT('',(138.,2.,27.6));
#9555 = SURFACE_CURVE('',#9556,(#9560,#9567),.PCURVE_S1.);
#9556 = LINE('',#9557,#9558);
#9557 = CARTESIAN_POINT('',(118.66666666666,21.333333333333,
    46.933333333333));
#9558 = VECTOR('',#9559,1.);
#9559 = DIRECTION('',(-0.57735026919,0.57735026919,0.57735026919));
#9560 = PCURVE('',#3334,#9561);
#9561 = DEFINITIONAL_REPRESENTATION('',(#9562),#9566);
#9562 = LINE('',#9563,#9564);
#9563 = CARTESIAN_POINT('',(-102.6666666666,28.755675768253));
#9564 = VECTOR('',#9565,1.);
#9565 = DIRECTION('',(0.57735026919,0.816496580928));
#9566 = ( GEOMETRIC_REPRESENTATION_CONTEXT(2) 
PARAMETRIC_REPRESENTATION_CONTEXT() REPRESENTATION_CONTEXT('2D SPACE',''
  ) );
#9567 = PCURVE('',#9399,#9568);
#9568 = DEFINITIONAL_REPRESENTATION('',(#9569),#9573);
#9569 = LINE('',#9570,#9571);
#9570 = CARTESIAN_POINT('',(-21.33333333333,28.755675768253));
#9571 = VECTOR('',#9572,1.);
#9572 = DIRECTION('',(-0.57735026919,0.816496580928));
#9573 = ( GEOMETRIC_REPRESENTATION_CONTEXT(2) 
PARAMETRIC_REPRESENTATION_CONTEXT() REPRESENTATION_CONTEXT('2D SPACE',''
  ) );
#9574 = ORIENTED_EDGE('',*,*,#9575,.F.);
#9575 = EDGE_CURVE('',#9529,#9553,#9576,.T.);
#9576 = SURFACE_CURVE('',#9577,(#9581,#9588),.PCURVE_S1.);
#9577 = LINE('',#9578,#9579);
#9578 = CARTESIAN_POINT('',(16.,2.,27.6));
#9579 = VECTOR('',#9580,1.);
#9580 = DIRECTION('',(1.,0.,0.));
#9581 = PCURVE('',#3334,#9582);
#9582 = DEFINITIONAL_REPRESENTATION('',(#9583),#9587);
#9583 = LINE('',#9584,#9585);
#9584 = CARTESIAN_POINT('',(-0.,1.414213562373));
#9585 = VECTOR('',#9586,1.);
#9586 = DIRECTION('',(-1.,0.));
#9587 = ( GEOMETRIC_REPRESENTATION_CONTEXT(2) 
PARAMETRIC_REPRESENTATION_CONTEXT() REPRESENTATION_CONTEXT('2D SPACE',''
  ) );
#9588 = PCURVE('',#9589,#9594);
#9589 = PLANE('',#9590);
#9590 = AXIS2_PLACEMENT_3D('',#9591,#9592,#9593);
#9591 = CARTESIAN_POINT('',(70.,52.5,27.6));
#9592 = DIRECTION('',(0.,0.,1.));
#9593 = DIRECTION('',(1.,0.,-0.));
#9594 = DEFINITIONAL_REPRESENTATION('',(#9595),#9599);
#9595 = LINE('',#9596,#9597);
#9596 = CARTESIAN_POINT('',(-54.,-50.5));
#9597 = VECTOR('',#9598,1.);
#9598 = DIRECTION('',(1.,0.));
#9599 = ( GEOMETRIC_REPRESENTATION_CONTEXT(2) 
PARAMETRIC_REPRESENTATION_CONTEXT() REPRESENTATION_CONTEXT('2D SPACE',''
  ) );
#9600 = ADVANCED_FACE('',(#9601),#3600,.T.);
#9601 = FACE_BOUND('',#9602,.T.);
#9602 = EDGE_LOOP('',(#9603,#9604,#9605,#9628,#9654,#9673));
#9603 = ORIENTED_EDGE('',*,*,#3585,.F.);
#9604 = ORIENTED_EDGE('',*,*,#3987,.T.);
#9605 = ORIENTED_EDGE('',*,*,#9606,.T.);
#9606 = EDGE_CURVE('',#3988,#9607,#9609,.T.);
#9607 = VERTEX_POINT('',#9608);
#9608 = CARTESIAN_POINT('',(123.0058874503,102.6,7.5));
#9609 = SURFACE_CURVE('',#9610,(#9614,#9621),.PCURVE_S1.);
#9610 = LINE('',#9611,#9612);
#9611 = CARTESIAN_POINT('',(123.0058874503,102.6,-1.));
#9612 = VECTOR('',#9613,1.);
#9613 = DIRECTION('',(0.,0.,1.));
#9614 = PCURVE('',#3600,#9615);
#9615 = DEFINITIONAL_REPRESENTATION('',(#9616),#9620);
#9616 = LINE('',#9617,#9618);
#9617 = CARTESIAN_POINT('',(0.,-0.));
#9618 = VECTOR('',#9619,1.);
#9619 = DIRECTION('',(0.,-1.));
#9620 = ( GEOMETRIC_REPRESENTATION_CONTEXT(2) 
PARAMETRIC_REPRESENTATION_CONTEXT() REPRESENTATION_CONTEXT('2D SPACE',''
  ) );
#9621 = PCURVE('',#4023,#9622);
#9622 = DEFINITIONAL_REPRESENTATION('',(#9623),#9627);
#9623 = LINE('',#9624,#9625);
#9624 = CARTESIAN_POINT('',(20.639191898579,0.));
#9625 = VECTOR('',#9626,1.);
#9626 = DIRECTION('',(0.,-1.));
#9627 = ( GEOMETRIC_REPRESENTATION_CONTEXT(2) 
PARAMETRIC_REPRESENTATION_CONTEXT() REPRESENTATION_CONTEXT('2D SPACE',''
  ) );
#9628 = ORIENTED_EDGE('',*,*,#9629,.T.);
#9629 = EDGE_CURVE('',#9607,#9630,#9632,.T.);
#9630 = VERTEX_POINT('',#9631);
#9631 = CARTESIAN_POINT('',(110.,102.6,7.5));
#9632 = SURFACE_CURVE('',#9633,(#9637,#9643),.PCURVE_S1.);
#9633 = LINE('',#9634,#9635);
#9634 = CARTESIAN_POINT('',(116.50294372515,102.6,7.5));
#9635 = VECTOR('',#9636,1.);
#9636 = DIRECTION('',(-1.,0.,0.));
#9637 = PCURVE('',#3600,#9638);
#9638 = DEFINITIONAL_REPRESENTATION('',(#9639),#9642);
#9639 = B_SPLINE_CURVE_WITH_KNOTS('',1,(#9640,#9641),.UNSPECIFIED.,.F.,
  .F.,(2,2),(-6.502943725152,6.502943725152),.PIECEWISE_BEZIER_KNOTS.);
#9640 = CARTESIAN_POINT('',(-3.552713678801E-15,-8.5));
#9641 = CARTESIAN_POINT('',(13.005887450305,-8.5));
#9642 = ( GEOMETRIC_REPRESENTATION_CONTEXT(2) 
PARAMETRIC_REPRESENTATION_CONTEXT() REPRESENTATION_CONTEXT('2D SPACE',''
  ) );
#9643 = PCURVE('',#9644,#9649);
#9644 = PLANE('',#9645);
#9645 = AXIS2_PLACEMENT_3D('',#9646,#9647,#9648);
#9646 = CARTESIAN_POINT('',(110.,95.6,7.5));
#9647 = DIRECTION('',(0.,0.,1.));
#9648 = DIRECTION('',(1.,0.,-0.));
#9649 = DEFINITIONAL_REPRESENTATION('',(#9650),#9653);
#9650 = B_SPLINE_CURVE_WITH_KNOTS('',1,(#9651,#9652),.UNSPECIFIED.,.F.,
  .F.,(2,2),(-6.502943725152,6.502943725152),.PIECEWISE_BEZIER_KNOTS.);
#9651 = CARTESIAN_POINT('',(13.005887450305,7.));
#9652 = CARTESIAN_POINT('',(0.,7.));
#9653 = ( GEOMETRIC_REPRESENTATION_CONTEXT(2) 
PARAMETRIC_REPRESENTATION_CONTEXT() REPRESENTATION_CONTEXT('2D SPACE',''
  ) );
#9654 = ORIENTED_EDGE('',*,*,#9655,.T.);
#9655 = EDGE_CURVE('',#9630,#4931,#9656,.T.);
#9656 = SURFACE_CURVE('',#9657,(#9661,#9667),.PCURVE_S1.);
#9657 = LINE('',#9658,#9659);
#9658 = CARTESIAN_POINT('',(110.,102.6,3.25));
#9659 = VECTOR('',#9660,1.);
#9660 = DIRECTION('',(0.,0.,1.));
#9661 = PCURVE('',#3600,#9662);
#9662 = DEFINITIONAL_REPRESENTATION('',(#9663),#9666);
#9663 = B_SPLINE_CURVE_WITH_KNOTS('',1,(#9664,#9665),.UNSPECIFIED.,.F.,
  .F.,(2,2),(4.25,21.15),.PIECEWISE_BEZIER_KNOTS.);
#9664 = CARTESIAN_POINT('',(13.005887450305,-8.5));
#9665 = CARTESIAN_POINT('',(13.005887450305,-25.4));
#9666 = ( GEOMETRIC_REPRESENTATION_CONTEXT(2) 
PARAMETRIC_REPRESENTATION_CONTEXT() REPRESENTATION_CONTEXT('2D SPACE',''
  ) );
#9667 = PCURVE('',#4946,#9668);
#9668 = DEFINITIONAL_REPRESENTATION('',(#9669),#9672);
#9669 = B_SPLINE_CURVE_WITH_KNOTS('',1,(#9670,#9671),.UNSPECIFIED.,.F.,
  .F.,(2,2),(4.25,21.15),.PIECEWISE_BEZIER_KNOTS.);
#9670 = CARTESIAN_POINT('',(0.,-7.));
#9671 = CARTESIAN_POINT('',(16.9,-7.));
#9672 = ( GEOMETRIC_REPRESENTATION_CONTEXT(2) 
PARAMETRIC_REPRESENTATION_CONTEXT() REPRESENTATION_CONTEXT('2D SPACE',''
  ) );
#9673 = ORIENTED_EDGE('',*,*,#4957,.T.);
#9674 = ADVANCED_FACE('',(#9675),#3553,.T.);
#9675 = FACE_BOUND('',#9676,.T.);
#9676 = EDGE_LOOP('',(#9677,#9700,#9721,#9722));
#9677 = ORIENTED_EDGE('',*,*,#9678,.F.);
#9678 = EDGE_CURVE('',#9679,#4980,#9681,.T.);
#9679 = VERTEX_POINT('',#9680);
#9680 = CARTESIAN_POINT('',(108.85,102.46,3.2));
#9681 = SURFACE_CURVE('',#9682,(#9686,#9693),.PCURVE_S1.);
#9682 = LINE('',#9683,#9684);
#9683 = CARTESIAN_POINT('',(108.85,102.46,3.2));
#9684 = VECTOR('',#9685,1.);
#9685 = DIRECTION('',(0.,0.,1.));
#9686 = PCURVE('',#3553,#9687);
#9687 = DEFINITIONAL_REPRESENTATION('',(#9688),#9692);
#9688 = LINE('',#9689,#9690);
#9689 = CARTESIAN_POINT('',(0.,2.85));
#9690 = VECTOR('',#9691,1.);
#9691 = DIRECTION('',(1.,0.));
#9692 = ( GEOMETRIC_REPRESENTATION_CONTEXT(2) 
PARAMETRIC_REPRESENTATION_CONTEXT() REPRESENTATION_CONTEXT('2D SPACE',''
  ) );
#9693 = PCURVE('',#5017,#9694);
#9694 = DEFINITIONAL_REPRESENTATION('',(#9695),#9699);
#9695 = LINE('',#9696,#9697);
#9696 = CARTESIAN_POINT('',(0.,-1.45));
#9697 = VECTOR('',#9698,1.);
#9698 = DIRECTION('',(1.,0.));
#9699 = ( GEOMETRIC_REPRESENTATION_CONTEXT(2) 
PARAMETRIC_REPRESENTATION_CONTEXT() REPRESENTATION_CONTEXT('2D SPACE',''
  ) );
#9700 = ORIENTED_EDGE('',*,*,#9701,.F.);
#9701 = EDGE_CURVE('',#3513,#9679,#9702,.T.);
#9702 = SURFACE_CURVE('',#9703,(#9707,#9714),.PCURVE_S1.);
#9703 = LINE('',#9704,#9705);
#9704 = CARTESIAN_POINT('',(106.,102.46,3.2));
#9705 = VECTOR('',#9706,1.);
#9706 = DIRECTION('',(1.,0.,-0.));
#9707 = PCURVE('',#3553,#9708);
#9708 = DEFINITIONAL_REPRESENTATION('',(#9709),#9713);
#9709 = LINE('',#9710,#9711);
#9710 = CARTESIAN_POINT('',(0.,0.));
#9711 = VECTOR('',#9712,1.);
#9712 = DIRECTION('',(0.,1.));
#9713 = ( GEOMETRIC_REPRESENTATION_CONTEXT(2) 
PARAMETRIC_REPRESENTATION_CONTEXT() REPRESENTATION_CONTEXT('2D SPACE',''
  ) );
#9714 = PCURVE('',#3527,#9715);
#9715 = DEFINITIONAL_REPRESENTATION('',(#9716),#9720);
#9716 = LINE('',#9717,#9718);
#9717 = CARTESIAN_POINT('',(0.,1.45));
#9718 = VECTOR('',#9719,1.);
#9719 = DIRECTION('',(1.,0.));
#9720 = ( GEOMETRIC_REPRESENTATION_CONTEXT(2) 
PARAMETRIC_REPRESENTATION_CONTEXT() REPRESENTATION_CONTEXT('2D SPACE',''
  ) );
#9721 = ORIENTED_EDGE('',*,*,#3538,.F.);
#9722 = ORIENTED_EDGE('',*,*,#4979,.F.);
#9723 = ADVANCED_FACE('',(#9724),#3527,.F.);
#9724 = FACE_BOUND('',#9725,.F.);
#9725 = EDGE_LOOP('',(#9726,#9749,#9772,#9793,#9794,#9795));
#9726 = ORIENTED_EDGE('',*,*,#9727,.F.);
#9727 = EDGE_CURVE('',#9728,#4115,#9730,.T.);
#9728 = VERTEX_POINT('',#9729);
#9729 = CARTESIAN_POINT('',(106.,101.01,3.2));
#9730 = SURFACE_CURVE('',#9731,(#9735,#9742),.PCURVE_S1.);
#9731 = LINE('',#9732,#9733);
#9732 = CARTESIAN_POINT('',(106.,101.01,3.2));
#9733 = VECTOR('',#9734,1.);
#9734 = DIRECTION('',(-0.,1.,0.));
#9735 = PCURVE('',#3527,#9736);
#9736 = DEFINITIONAL_REPRESENTATION('',(#9737),#9741);
#9737 = LINE('',#9738,#9739);
#9738 = CARTESIAN_POINT('',(0.,0.));
#9739 = VECTOR('',#9740,1.);
#9740 = DIRECTION('',(0.,1.));
#9741 = ( GEOMETRIC_REPRESENTATION_CONTEXT(2) 
PARAMETRIC_REPRESENTATION_CONTEXT() REPRESENTATION_CONTEXT('2D SPACE',''
  ) );
#9742 = PCURVE('',#4150,#9743);
#9743 = DEFINITIONAL_REPRESENTATION('',(#9744),#9748);
#9744 = LINE('',#9745,#9746);
#9745 = CARTESIAN_POINT('',(0.,0.));
#9746 = VECTOR('',#9747,1.);
#9747 = DIRECTION('',(0.,-1.));
#9748 = ( GEOMETRIC_REPRESENTATION_CONTEXT(2) 
PARAMETRIC_REPRESENTATION_CONTEXT() REPRESENTATION_CONTEXT('2D SPACE',''
  ) );
#9749 = ORIENTED_EDGE('',*,*,#9750,.T.);
#9750 = EDGE_CURVE('',#9728,#9751,#9753,.T.);
#9751 = VERTEX_POINT('',#9752);
#9752 = CARTESIAN_POINT('',(108.85,101.01,3.2));
#9753 = SURFACE_CURVE('',#9754,(#9758,#9765),.PCURVE_S1.);
#9754 = LINE('',#9755,#9756);
#9755 = CARTESIAN_POINT('',(106.,101.01,3.2));
#9756 = VECTOR('',#9757,1.);
#9757 = DIRECTION('',(1.,0.,-0.));
#9758 = PCURVE('',#3527,#9759);
#9759 = DEFINITIONAL_REPRESENTATION('',(#9760),#9764);
#9760 = LINE('',#9761,#9762);
#9761 = CARTESIAN_POINT('',(0.,0.));
#9762 = VECTOR('',#9763,1.);
#9763 = DIRECTION('',(1.,0.));
#9764 = ( GEOMETRIC_REPRESENTATION_CONTEXT(2) 
PARAMETRIC_REPRESENTATION_CONTEXT() REPRESENTATION_CONTEXT('2D SPACE',''
  ) );
#9765 = PCURVE('',#5044,#9766);
#9766 = DEFINITIONAL_REPRESENTATION('',(#9767),#9771);
#9767 = LINE('',#9768,#9769);
#9768 = CARTESIAN_POINT('',(0.,0.));
#9769 = VECTOR('',#9770,1.);
#9770 = DIRECTION('',(0.,1.));
#9771 = ( GEOMETRIC_REPRESENTATION_CONTEXT(2) 
PARAMETRIC_REPRESENTATION_CONTEXT() REPRESENTATION_CONTEXT('2D SPACE',''
  ) );
#9772 = ORIENTED_EDGE('',*,*,#9773,.T.);
#9773 = EDGE_CURVE('',#9751,#9679,#9774,.T.);
#9774 = SURFACE_CURVE('',#9775,(#9779,#9786),.PCURVE_S1.);
#9775 = LINE('',#9776,#9777);
#9776 = CARTESIAN_POINT('',(108.85,101.01,3.2));
#9777 = VECTOR('',#9778,1.);
#9778 = DIRECTION('',(-0.,1.,0.));
#9779 = PCURVE('',#3527,#9780);
#9780 = DEFINITIONAL_REPRESENTATION('',(#9781),#9785);
#9781 = LINE('',#9782,#9783);
#9782 = CARTESIAN_POINT('',(2.85,0.));
#9783 = VECTOR('',#9784,1.);
#9784 = DIRECTION('',(0.,1.));
#9785 = ( GEOMETRIC_REPRESENTATION_CONTEXT(2) 
PARAMETRIC_REPRESENTATION_CONTEXT() REPRESENTATION_CONTEXT('2D SPACE',''
  ) );
#9786 = PCURVE('',#5017,#9787);
#9787 = DEFINITIONAL_REPRESENTATION('',(#9788),#9792);
#9788 = LINE('',#9789,#9790);
#9789 = CARTESIAN_POINT('',(0.,0.));
#9790 = VECTOR('',#9791,1.);
#9791 = DIRECTION('',(0.,-1.));
#9792 = ( GEOMETRIC_REPRESENTATION_CONTEXT(2) 
PARAMETRIC_REPRESENTATION_CONTEXT() REPRESENTATION_CONTEXT('2D SPACE',''
  ) );
#9793 = ORIENTED_EDGE('',*,*,#9701,.F.);
#9794 = ORIENTED_EDGE('',*,*,#3512,.F.);
#9795 = ORIENTED_EDGE('',*,*,#4114,.T.);
#9796 = ADVANCED_FACE('',(#9797),#3846,.F.);
#9797 = FACE_BOUND('',#9798,.F.);
#9798 = EDGE_LOOP('',(#9799,#9800,#9821,#9822,#9823,#9844,#9870,#9896,
    #9922,#9948,#9974));
#9799 = ORIENTED_EDGE('',*,*,#9434,.T.);
#9800 = ORIENTED_EDGE('',*,*,#9801,.T.);
#9801 = EDGE_CURVE('',#9412,#9005,#9802,.T.);
#9802 = SURFACE_CURVE('',#9803,(#9807,#9814),.PCURVE_S1.);
#9803 = LINE('',#9804,#9805);
#9804 = CARTESIAN_POINT('',(140.,89.,11.));
#9805 = VECTOR('',#9806,1.);
#9806 = DIRECTION('',(-0.707106781187,0.707106781187,0.));
#9807 = PCURVE('',#3846,#9808);
#9808 = DEFINITIONAL_REPRESENTATION('',(#9809),#9813);
#9809 = LINE('',#9810,#9811);
#9810 = CARTESIAN_POINT('',(70.,36.5));
#9811 = VECTOR('',#9812,1.);
#9812 = DIRECTION('',(-0.707106781187,0.707106781187));
#9813 = ( GEOMETRIC_REPRESENTATION_CONTEXT(2) 
PARAMETRIC_REPRESENTATION_CONTEXT() REPRESENTATION_CONTEXT('2D SPACE',''
  ) );
#9814 = PCURVE('',#9043,#9815);
#9815 = DEFINITIONAL_REPRESENTATION('',(#9816),#9820);
#9816 = LINE('',#9817,#9818);
#9817 = CARTESIAN_POINT('',(0.,-11.));
#9818 = VECTOR('',#9819,1.);
#9819 = DIRECTION('',(1.,0.));
#9820 = ( GEOMETRIC_REPRESENTATION_CONTEXT(2) 
PARAMETRIC_REPRESENTATION_CONTEXT() REPRESENTATION_CONTEXT('2D SPACE',''
  ) );
#9821 = ORIENTED_EDGE('',*,*,#9004,.T.);
#9822 = ORIENTED_EDGE('',*,*,#3831,.F.);
#9823 = ORIENTED_EDGE('',*,*,#9824,.T.);
#9824 = EDGE_CURVE('',#3806,#9825,#9827,.T.);
#9825 = VERTEX_POINT('',#9826);
#9826 = CARTESIAN_POINT('',(123.6686291501,104.2,11.));
#9827 = SURFACE_CURVE('',#9828,(#9832,#9838),.PCURVE_S1.);
#9828 = LINE('',#9829,#9830);
#9829 = CARTESIAN_POINT('',(96.834314575051,104.2,11.));
#9830 = VECTOR('',#9831,1.);
#9831 = DIRECTION('',(1.,0.,-0.));
#9832 = PCURVE('',#3846,#9833);
#9833 = DEFINITIONAL_REPRESENTATION('',(#9834),#9837);
#9834 = B_SPLINE_CURVE_WITH_KNOTS('',1,(#9835,#9836),.UNSPECIFIED.,.F.,
  .F.,(2,2),(-96.03431457505,26.834314575051),.PIECEWISE_BEZIER_KNOTS.);
#9835 = CARTESIAN_POINT('',(-69.2,51.7));
#9836 = CARTESIAN_POINT('',(53.668629150102,51.7));
#9837 = ( GEOMETRIC_REPRESENTATION_CONTEXT(2) 
PARAMETRIC_REPRESENTATION_CONTEXT() REPRESENTATION_CONTEXT('2D SPACE',''
  ) );
#9838 = PCURVE('',#3820,#9839);
#9839 = DEFINITIONAL_REPRESENTATION('',(#9840),#9843);
#9840 = B_SPLINE_CURVE_WITH_KNOTS('',1,(#9841,#9842),.UNSPECIFIED.,.F.,
  .F.,(2,2),(-96.03431457505,26.834314575051),.PIECEWISE_BEZIER_KNOTS.);
#9841 = CARTESIAN_POINT('',(122.8686291501,-1.3));
#9842 = CARTESIAN_POINT('',(-3.552713678801E-15,-1.3));
#9843 = ( GEOMETRIC_REPRESENTATION_CONTEXT(2) 
PARAMETRIC_REPRESENTATION_CONTEXT() REPRESENTATION_CONTEXT('2D SPACE',''
  ) );
#9844 = ORIENTED_EDGE('',*,*,#9845,.T.);
#9845 = EDGE_CURVE('',#9825,#9846,#9848,.T.);
#9846 = VERTEX_POINT('',#9847);
#9847 = CARTESIAN_POINT('',(125.1686291501,102.7,11.));
#9848 = SURFACE_CURVE('',#9849,(#9853,#9859),.PCURVE_S1.);
#9849 = LINE('',#9850,#9851);
#9850 = CARTESIAN_POINT('',(130.94215728752,96.926471862576,11.));
#9851 = VECTOR('',#9852,1.);
#9852 = DIRECTION('',(0.707106781187,-0.707106781187,0.));
#9853 = PCURVE('',#3846,#9854);
#9854 = DEFINITIONAL_REPRESENTATION('',(#9855),#9858);
#9855 = B_SPLINE_CURVE_WITH_KNOTS('',1,(#9856,#9857),.UNSPECIFIED.,.F.,
  .F.,(2,2),(-10.28632213824,11.678353159925),.PIECEWISE_BEZIER_KNOTS.);
#9856 = CARTESIAN_POINT('',(53.668629150102,51.7));
#9857 = CARTESIAN_POINT('',(69.2,36.168629150102));
#9858 = ( GEOMETRIC_REPRESENTATION_CONTEXT(2) 
PARAMETRIC_REPRESENTATION_CONTEXT() REPRESENTATION_CONTEXT('2D SPACE',''
  ) );
#9859 = PCURVE('',#9860,#9865);
#9860 = PLANE('',#9861);
#9861 = AXIS2_PLACEMENT_3D('',#9862,#9863,#9864);
#9862 = CARTESIAN_POINT('',(139.2,88.668629150102,9.7));
#9863 = DIRECTION('',(-0.707106781187,-0.707106781187,0.));
#9864 = DIRECTION('',(-0.707106781187,0.707106781187,0.));
#9865 = DEFINITIONAL_REPRESENTATION('',(#9866),#9869);
#9866 = B_SPLINE_CURVE_WITH_KNOTS('',1,(#9867,#9868),.UNSPECIFIED.,.F.,
  .F.,(2,2),(-10.28632213824,11.678353159925),.PIECEWISE_BEZIER_KNOTS.);
#9867 = CARTESIAN_POINT('',(21.964675298173,-1.3));
#9868 = CARTESIAN_POINT('',(-8.881784197001E-15,-1.3));
#9869 = ( GEOMETRIC_REPRESENTATION_CONTEXT(2) 
PARAMETRIC_REPRESENTATION_CONTEXT() REPRESENTATION_CONTEXT('2D SPACE',''
  ) );
#9870 = ORIENTED_EDGE('',*,*,#9871,.F.);
#9871 = EDGE_CURVE('',#9872,#9846,#9874,.T.);
#9872 = VERTEX_POINT('',#9873);
#9873 = CARTESIAN_POINT('',(126.,102.7,11.));
#9874 = SURFACE_CURVE('',#9875,(#9879,#9885),.PCURVE_S1.);
#9875 = LINE('',#9876,#9877);
#9876 = CARTESIAN_POINT('',(90.,102.7,11.));
#9877 = VECTOR('',#9878,1.);
#9878 = DIRECTION('',(-1.,-0.,0.));
#9879 = PCURVE('',#3846,#9880);
#9880 = DEFINITIONAL_REPRESENTATION('',(#9881),#9884);
#9881 = B_SPLINE_CURVE_WITH_KNOTS('',1,(#9882,#9883),.UNSPECIFIED.,.F.,
  .F.,(2,2),(-36.,-20.),.PIECEWISE_BEZIER_KNOTS.);
#9882 = CARTESIAN_POINT('',(56.,50.2));
#9883 = CARTESIAN_POINT('',(40.,50.2));
#9884 = ( GEOMETRIC_REPRESENTATION_CONTEXT(2) 
PARAMETRIC_REPRESENTATION_CONTEXT() REPRESENTATION_CONTEXT('2D SPACE',''
  ) );
#9885 = PCURVE('',#9886,#9891);
#9886 = PLANE('',#9887);
#9887 = AXIS2_PLACEMENT_3D('',#9888,#9889,#9890);
#9888 = CARTESIAN_POINT('',(110.,102.7,7.5));
#9889 = DIRECTION('',(-0.,1.,0.));
#9890 = DIRECTION('',(0.,0.,1.));
#9891 = DEFINITIONAL_REPRESENTATION('',(#9892),#9895);
#9892 = B_SPLINE_CURVE_WITH_KNOTS('',1,(#9893,#9894),.UNSPECIFIED.,.F.,
  .F.,(2,2),(-36.,-20.),.PIECEWISE_BEZIER_KNOTS.);
#9893 = CARTESIAN_POINT('',(3.5,16.));
#9894 = CARTESIAN_POINT('',(3.5,0.));
#9895 = ( GEOMETRIC_REPRESENTATION_CONTEXT(2) 
PARAMETRIC_REPRESENTATION_CONTEXT() REPRESENTATION_CONTEXT('2D SPACE',''
  ) );
#9896 = ORIENTED_EDGE('',*,*,#9897,.F.);
#9897 = EDGE_CURVE('',#9898,#9872,#9900,.T.);
#9898 = VERTEX_POINT('',#9899);
#9899 = CARTESIAN_POINT('',(126.,101.8686291501,11.));
#9900 = SURFACE_CURVE('',#9901,(#9905,#9911),.PCURVE_S1.);
#9901 = LINE('',#9902,#9903);
#9902 = CARTESIAN_POINT('',(126.,74.05,11.));
#9903 = VECTOR('',#9904,1.);
#9904 = DIRECTION('',(-0.,1.,0.));
#9905 = PCURVE('',#3846,#9906);
#9906 = DEFINITIONAL_REPRESENTATION('',(#9907),#9910);
#9907 = B_SPLINE_CURVE_WITH_KNOTS('',1,(#9908,#9909),.UNSPECIFIED.,.F.,
  .F.,(2,2),(21.55,28.65),.PIECEWISE_BEZIER_KNOTS.);
#9908 = CARTESIAN_POINT('',(56.,43.1));
#9909 = CARTESIAN_POINT('',(56.,50.2));
#9910 = ( GEOMETRIC_REPRESENTATION_CONTEXT(2) 
PARAMETRIC_REPRESENTATION_CONTEXT() REPRESENTATION_CONTEXT('2D SPACE',''
  ) );
#9911 = PCURVE('',#9912,#9917);
#9912 = PLANE('',#9913);
#9913 = AXIS2_PLACEMENT_3D('',#9914,#9915,#9916);
#9914 = CARTESIAN_POINT('',(126.,95.6,7.5));
#9915 = DIRECTION('',(1.,0.,-0.));
#9916 = DIRECTION('',(0.,0.,1.));
#9917 = DEFINITIONAL_REPRESENTATION('',(#9918),#9921);
#9918 = B_SPLINE_CURVE_WITH_KNOTS('',1,(#9919,#9920),.UNSPECIFIED.,.F.,
  .F.,(2,2),(21.55,28.65),.PIECEWISE_BEZIER_KNOTS.);
#9919 = CARTESIAN_POINT('',(3.5,0.));
#9920 = CARTESIAN_POINT('',(3.5,-7.1));
#9921 = ( GEOMETRIC_REPRESENTATION_CONTEXT(2) 
PARAMETRIC_REPRESENTATION_CONTEXT() REPRESENTATION_CONTEXT('2D SPACE',''
  ) );
#9922 = ORIENTED_EDGE('',*,*,#9923,.T.);
#9923 = EDGE_CURVE('',#9898,#9924,#9926,.T.);
#9924 = VERTEX_POINT('',#9925);
#9925 = CARTESIAN_POINT('',(139.2,88.668629150102,11.));
#9926 = SURFACE_CURVE('',#9927,(#9931,#9937),.PCURVE_S1.);
#9927 = LINE('',#9928,#9929);
#9928 = CARTESIAN_POINT('',(130.94215728752,96.926471862576,11.));
#9929 = VECTOR('',#9930,1.);
#9930 = DIRECTION('',(0.707106781187,-0.707106781187,0.));
#9931 = PCURVE('',#3846,#9932);
#9932 = DEFINITIONAL_REPRESENTATION('',(#9933),#9936);
#9933 = B_SPLINE_CURVE_WITH_KNOTS('',1,(#9934,#9935),.UNSPECIFIED.,.F.,
  .F.,(2,2),(-10.28632213824,11.678353159925),.PIECEWISE_BEZIER_KNOTS.);
#9934 = CARTESIAN_POINT('',(53.668629150102,51.7));
#9935 = CARTESIAN_POINT('',(69.2,36.168629150102));
#9936 = ( GEOMETRIC_REPRESENTATION_CONTEXT(2) 
PARAMETRIC_REPRESENTATION_CONTEXT() REPRESENTATION_CONTEXT('2D SPACE',''
  ) );
#9937 = PCURVE('',#9938,#9943);
#9938 = PLANE('',#9939);
#9939 = AXIS2_PLACEMENT_3D('',#9940,#9941,#9942);
#9940 = CARTESIAN_POINT('',(139.2,88.668629150102,9.7));
#9941 = DIRECTION('',(-0.707106781187,-0.707106781187,0.));
#9942 = DIRECTION('',(-0.707106781187,0.707106781187,0.));
#9943 = DEFINITIONAL_REPRESENTATION('',(#9944),#9947);
#9944 = B_SPLINE_CURVE_WITH_KNOTS('',1,(#9945,#9946),.UNSPECIFIED.,.F.,
  .F.,(2,2),(-10.28632213824,11.678353159925),.PIECEWISE_BEZIER_KNOTS.);
#9945 = CARTESIAN_POINT('',(21.964675298173,-1.3));
#9946 = CARTESIAN_POINT('',(-8.881784197001E-15,-1.3));
#9947 = ( GEOMETRIC_REPRESENTATION_CONTEXT(2) 
PARAMETRIC_REPRESENTATION_CONTEXT() REPRESENTATION_CONTEXT('2D SPACE',''
  ) );
#9948 = ORIENTED_EDGE('',*,*,#9949,.T.);
#9949 = EDGE_CURVE('',#9924,#9950,#9952,.T.);
#9950 = VERTEX_POINT('',#9951);
#9951 = CARTESIAN_POINT('',(139.2,60.5,11.));
#9952 = SURFACE_CURVE('',#9953,(#9957,#9963),.PCURVE_S1.);
#9953 = LINE('',#9954,#9955);
#9954 = CARTESIAN_POINT('',(139.2,26.65,11.));
#9955 = VECTOR('',#9956,1.);
#9956 = DIRECTION('',(0.,-1.,0.));
#9957 = PCURVE('',#3846,#9958);
#9958 = DEFINITIONAL_REPRESENTATION('',(#9959),#9962);
#9959 = B_SPLINE_CURVE_WITH_KNOTS('',1,(#9960,#9961),.UNSPECIFIED.,.F.,
  .F.,(2,2),(-62.0186291501,25.85),.PIECEWISE_BEZIER_KNOTS.);
#9960 = CARTESIAN_POINT('',(69.2,36.168629150102));
#9961 = CARTESIAN_POINT('',(69.2,-51.7));
#9962 = ( GEOMETRIC_REPRESENTATION_CONTEXT(2) 
PARAMETRIC_REPRESENTATION_CONTEXT() REPRESENTATION_CONTEXT('2D SPACE',''
  ) );
#9963 = PCURVE('',#9964,#9969);
#9964 = PLANE('',#9965);
#9965 = AXIS2_PLACEMENT_3D('',#9966,#9967,#9968);
#9966 = CARTESIAN_POINT('',(139.2,0.8,9.7));
#9967 = DIRECTION('',(-1.,0.,0.));
#9968 = DIRECTION('',(0.,1.,0.));
#9969 = DEFINITIONAL_REPRESENTATION('',(#9970),#9973);
#9970 = B_SPLINE_CURVE_WITH_KNOTS('',1,(#9971,#9972),.UNSPECIFIED.,.F.,
  .F.,(2,2),(-62.0186291501,25.85),.PIECEWISE_BEZIER_KNOTS.);
#9971 = CARTESIAN_POINT('',(87.868629150102,-1.3));
#9972 = CARTESIAN_POINT('',(0.,-1.3));
#9973 = ( GEOMETRIC_REPRESENTATION_CONTEXT(2) 
PARAMETRIC_REPRESENTATION_CONTEXT() REPRESENTATION_CONTEXT('2D SPACE',''
  ) );
#9974 = ORIENTED_EDGE('',*,*,#9975,.F.);
#9975 = EDGE_CURVE('',#9435,#9950,#9976,.T.);
#9976 = SURFACE_CURVE('',#9977,(#9981,#9987),.PCURVE_S1.);
#9977 = LINE('',#9978,#9979);
#9978 = CARTESIAN_POINT('',(103.795,60.5,11.));
#9979 = VECTOR('',#9980,1.);
#9980 = DIRECTION('',(-1.,-0.,0.));
#9981 = PCURVE('',#3846,#9982);
#9982 = DEFINITIONAL_REPRESENTATION('',(#9983),#9986);
#9983 = B_SPLINE_CURVE_WITH_KNOTS('',1,(#9984,#9985),.UNSPECIFIED.,.F.,
  .F.,(2,2),(-36.205,-33.795),.PIECEWISE_BEZIER_KNOTS.);
#9984 = CARTESIAN_POINT('',(70.,8.));
#9985 = CARTESIAN_POINT('',(67.59,8.));
#9986 = ( GEOMETRIC_REPRESENTATION_CONTEXT(2) 
PARAMETRIC_REPRESENTATION_CONTEXT() REPRESENTATION_CONTEXT('2D SPACE',''
  ) );
#9987 = PCURVE('',#3896,#9988);
#9988 = DEFINITIONAL_REPRESENTATION('',(#9989),#9992);
#9989 = B_SPLINE_CURVE_WITH_KNOTS('',1,(#9990,#9991),.UNSPECIFIED.,.F.,
  .F.,(2,2),(-36.205,-33.795),.PIECEWISE_BEZIER_KNOTS.);
#9990 = CARTESIAN_POINT('',(12.,2.41));
#9991 = CARTESIAN_POINT('',(12.,0.));
#9992 = ( GEOMETRIC_REPRESENTATION_CONTEXT(2) 
PARAMETRIC_REPRESENTATION_CONTEXT() REPRESENTATION_CONTEXT('2D SPACE',''
  ) );
#9993 = ADVANCED_FACE('',(#9994),#3820,.F.);
#9994 = FACE_BOUND('',#9995,.F.);
#9995 = EDGE_LOOP('',(#9996,#9997,#10018,#10039));
#9996 = ORIENTED_EDGE('',*,*,#3805,.F.);
#9997 = ORIENTED_EDGE('',*,*,#9998,.T.);
#9998 = EDGE_CURVE('',#3780,#9999,#10001,.T.);
#9999 = VERTEX_POINT('',#10000);
#10000 = CARTESIAN_POINT('',(123.6686291501,104.2,9.8));
#10001 = SURFACE_CURVE('',#10002,(#10006,#10012),.PCURVE_S1.);
#10002 = LINE('',#10003,#10004);
#10003 = CARTESIAN_POINT('',(96.834314575051,104.2,9.8));
#10004 = VECTOR('',#10005,1.);
#10005 = DIRECTION('',(1.,0.,-0.));
#10006 = PCURVE('',#3820,#10007);
#10007 = DEFINITIONAL_REPRESENTATION('',(#10008),#10011);
#10008 = B_SPLINE_CURVE_WITH_KNOTS('',1,(#10009,#10010),.UNSPECIFIED.,
  .F.,.F.,(2,2),(-96.03431457505,26.834314575051),
  .PIECEWISE_BEZIER_KNOTS.);
#10009 = CARTESIAN_POINT('',(122.8686291501,-0.1));
#10010 = CARTESIAN_POINT('',(-3.552713678801E-15,-0.1));
#10011 = ( GEOMETRIC_REPRESENTATION_CONTEXT(2) 
PARAMETRIC_REPRESENTATION_CONTEXT() REPRESENTATION_CONTEXT('2D SPACE',''
  ) );
#10012 = PCURVE('',#3794,#10013);
#10013 = DEFINITIONAL_REPRESENTATION('',(#10014),#10017);
#10014 = B_SPLINE_CURVE_WITH_KNOTS('',1,(#10015,#10016),.UNSPECIFIED.,
  .F.,.F.,(2,2),(-96.03431457505,26.834314575051),
  .PIECEWISE_BEZIER_KNOTS.);
#10015 = CARTESIAN_POINT('',(-69.2,51.7));
#10016 = CARTESIAN_POINT('',(53.668629150102,51.7));
#10017 = ( GEOMETRIC_REPRESENTATION_CONTEXT(2) 
PARAMETRIC_REPRESENTATION_CONTEXT() REPRESENTATION_CONTEXT('2D SPACE',''
  ) );
#10018 = ORIENTED_EDGE('',*,*,#10019,.T.);
#10019 = EDGE_CURVE('',#9999,#9825,#10020,.T.);
#10020 = SURFACE_CURVE('',#10021,(#10025,#10032),.PCURVE_S1.);
#10021 = LINE('',#10022,#10023);
#10022 = CARTESIAN_POINT('',(123.6686291501,104.2,9.7));
#10023 = VECTOR('',#10024,1.);
#10024 = DIRECTION('',(0.,0.,1.));
#10025 = PCURVE('',#3820,#10026);
#10026 = DEFINITIONAL_REPRESENTATION('',(#10027),#10031);
#10027 = LINE('',#10028,#10029);
#10028 = CARTESIAN_POINT('',(0.,-0.));
#10029 = VECTOR('',#10030,1.);
#10030 = DIRECTION('',(0.,-1.));
#10031 = ( GEOMETRIC_REPRESENTATION_CONTEXT(2) 
PARAMETRIC_REPRESENTATION_CONTEXT() REPRESENTATION_CONTEXT('2D SPACE',''
  ) );
#10032 = PCURVE('',#9860,#10033);
#10033 = DEFINITIONAL_REPRESENTATION('',(#10034),#10038);
#10034 = LINE('',#10035,#10036);
#10035 = CARTESIAN_POINT('',(21.964675298173,0.));
#10036 = VECTOR('',#10037,1.);
#10037 = DIRECTION('',(0.,-1.));
#10038 = ( GEOMETRIC_REPRESENTATION_CONTEXT(2) 
PARAMETRIC_REPRESENTATION_CONTEXT() REPRESENTATION_CONTEXT('2D SPACE',''
  ) );
#10039 = ORIENTED_EDGE('',*,*,#9824,.F.);
#10040 = ADVANCED_FACE('',(#10041),#3794,.T.);
#10041 = FACE_BOUND('',#10042,.T.);
#10042 = EDGE_LOOP('',(#10043,#10068,#10091,#10112,#10113,#10114,#10135,
    #10156,#10177,#10198,#10219));
#10043 = ORIENTED_EDGE('',*,*,#10044,.T.);
#10044 = EDGE_CURVE('',#10045,#10047,#10049,.T.);
#10045 = VERTEX_POINT('',#10046);
#10046 = CARTESIAN_POINT('',(140.,60.5,9.8));
#10047 = VERTEX_POINT('',#10048);
#10048 = CARTESIAN_POINT('',(140.,89.,9.8));
#10049 = SURFACE_CURVE('',#10050,(#10054,#10061),.PCURVE_S1.);
#10050 = LINE('',#10051,#10052);
#10051 = CARTESIAN_POINT('',(140.,0.,9.8));
#10052 = VECTOR('',#10053,1.);
#10053 = DIRECTION('',(0.,1.,0.));
#10054 = PCURVE('',#3794,#10055);
#10055 = DEFINITIONAL_REPRESENTATION('',(#10056),#10060);
#10056 = LINE('',#10057,#10058);
#10057 = CARTESIAN_POINT('',(70.,-52.5));
#10058 = VECTOR('',#10059,1.);
#10059 = DIRECTION('',(0.,1.));
#10060 = ( GEOMETRIC_REPRESENTATION_CONTEXT(2) 
PARAMETRIC_REPRESENTATION_CONTEXT() REPRESENTATION_CONTEXT('2D SPACE',''
  ) );
#10061 = PCURVE('',#3923,#10062);
#10062 = DEFINITIONAL_REPRESENTATION('',(#10063),#10067);
#10063 = LINE('',#10064,#10065);
#10064 = CARTESIAN_POINT('',(0.,-9.8));
#10065 = VECTOR('',#10066,1.);
#10066 = DIRECTION('',(1.,0.));
#10067 = ( GEOMETRIC_REPRESENTATION_CONTEXT(2) 
PARAMETRIC_REPRESENTATION_CONTEXT() REPRESENTATION_CONTEXT('2D SPACE',''
  ) );
#10068 = ORIENTED_EDGE('',*,*,#10069,.T.);
#10069 = EDGE_CURVE('',#10047,#10070,#10072,.T.);
#10070 = VERTEX_POINT('',#10071);
#10071 = CARTESIAN_POINT('',(124.,105.,9.8));
#10072 = SURFACE_CURVE('',#10073,(#10077,#10084),.PCURVE_S1.);
#10073 = LINE('',#10074,#10075);
#10074 = CARTESIAN_POINT('',(140.,89.,9.8));
#10075 = VECTOR('',#10076,1.);
#10076 = DIRECTION('',(-0.707106781187,0.707106781187,0.));
#10077 = PCURVE('',#3794,#10078);
#10078 = DEFINITIONAL_REPRESENTATION('',(#10079),#10083);
#10079 = LINE('',#10080,#10081);
#10080 = CARTESIAN_POINT('',(70.,36.5));
#10081 = VECTOR('',#10082,1.);
#10082 = DIRECTION('',(-0.707106781187,0.707106781187));
#10083 = ( GEOMETRIC_REPRESENTATION_CONTEXT(2) 
PARAMETRIC_REPRESENTATION_CONTEXT() REPRESENTATION_CONTEXT('2D SPACE',''
  ) );
#10084 = PCURVE('',#3951,#10085);
#10085 = DEFINITIONAL_REPRESENTATION('',(#10086),#10090);
#10086 = LINE('',#10087,#10088);
#10087 = CARTESIAN_POINT('',(0.,-9.8));
#10088 = VECTOR('',#10089,1.);
#10089 = DIRECTION('',(1.,0.));
#10090 = ( GEOMETRIC_REPRESENTATION_CONTEXT(2) 
PARAMETRIC_REPRESENTATION_CONTEXT() REPRESENTATION_CONTEXT('2D SPACE',''
  ) );
#10091 = ORIENTED_EDGE('',*,*,#10092,.T.);
#10092 = EDGE_CURVE('',#10070,#3754,#10093,.T.);
#10093 = SURFACE_CURVE('',#10094,(#10098,#10105),.PCURVE_S1.);
#10094 = LINE('',#10095,#10096);
#10095 = CARTESIAN_POINT('',(124.,105.,9.8));
#10096 = VECTOR('',#10097,1.);
#10097 = DIRECTION('',(-1.,0.,0.));
#10098 = PCURVE('',#3794,#10099);
#10099 = DEFINITIONAL_REPRESENTATION('',(#10100),#10104);
#10100 = LINE('',#10101,#10102);
#10101 = CARTESIAN_POINT('',(54.,52.5));
#10102 = VECTOR('',#10103,1.);
#10103 = DIRECTION('',(-1.,0.));
#10104 = ( GEOMETRIC_REPRESENTATION_CONTEXT(2) 
PARAMETRIC_REPRESENTATION_CONTEXT() REPRESENTATION_CONTEXT('2D SPACE',''
  ) );
#10105 = PCURVE('',#3768,#10106);
#10106 = DEFINITIONAL_REPRESENTATION('',(#10107),#10111);
#10107 = LINE('',#10108,#10109);
#10108 = CARTESIAN_POINT('',(0.,-9.8));
#10109 = VECTOR('',#10110,1.);
#10110 = DIRECTION('',(1.,0.));
#10111 = ( GEOMETRIC_REPRESENTATION_CONTEXT(2) 
PARAMETRIC_REPRESENTATION_CONTEXT() REPRESENTATION_CONTEXT('2D SPACE',''
  ) );
#10112 = ORIENTED_EDGE('',*,*,#3779,.F.);
#10113 = ORIENTED_EDGE('',*,*,#9998,.T.);
#10114 = ORIENTED_EDGE('',*,*,#10115,.T.);
#10115 = EDGE_CURVE('',#9999,#10116,#10118,.T.);
#10116 = VERTEX_POINT('',#10117);
#10117 = CARTESIAN_POINT('',(125.1686291501,102.7,9.8));
#10118 = SURFACE_CURVE('',#10119,(#10123,#10129),.PCURVE_S1.);
#10119 = LINE('',#10120,#10121);
#10120 = CARTESIAN_POINT('',(130.94215728752,96.926471862576,9.8));
#10121 = VECTOR('',#10122,1.);
#10122 = DIRECTION('',(0.707106781187,-0.707106781187,0.));
#10123 = PCURVE('',#3794,#10124);
#10124 = DEFINITIONAL_REPRESENTATION('',(#10125),#10128);
#10125 = B_SPLINE_CURVE_WITH_KNOTS('',1,(#10126,#10127),.UNSPECIFIED.,
  .F.,.F.,(2,2),(-10.28632213824,11.678353159925),
  .PIECEWISE_BEZIER_KNOTS.);
#10126 = CARTESIAN_POINT('',(53.668629150102,51.7));
#10127 = CARTESIAN_POINT('',(69.2,36.168629150102));
#10128 = ( GEOMETRIC_REPRESENTATION_CONTEXT(2) 
PARAMETRIC_REPRESENTATION_CONTEXT() REPRESENTATION_CONTEXT('2D SPACE',''
  ) );
#10129 = PCURVE('',#9860,#10130);
#10130 = DEFINITIONAL_REPRESENTATION('',(#10131),#10134);
#10131 = B_SPLINE_CURVE_WITH_KNOTS('',1,(#10132,#10133),.UNSPECIFIED.,
  .F.,.F.,(2,2),(-10.28632213824,11.678353159925),
  .PIECEWISE_BEZIER_KNOTS.);
#10132 = CARTESIAN_POINT('',(21.964675298173,-0.1));
#10133 = CARTESIAN_POINT('',(-8.881784197001E-15,-0.1));
#10134 = ( GEOMETRIC_REPRESENTATION_CONTEXT(2) 
PARAMETRIC_REPRESENTATION_CONTEXT() REPRESENTATION_CONTEXT('2D SPACE',''
  ) );
#10135 = ORIENTED_EDGE('',*,*,#10136,.F.);
#10136 = EDGE_CURVE('',#10137,#10116,#10139,.T.);
#10137 = VERTEX_POINT('',#10138);
#10138 = CARTESIAN_POINT('',(126.,102.7,9.8));
#10139 = SURFACE_CURVE('',#10140,(#10144,#10150),.PCURVE_S1.);
#10140 = LINE('',#10141,#10142);
#10141 = CARTESIAN_POINT('',(90.,102.7,9.8));
#10142 = VECTOR('',#10143,1.);
#10143 = DIRECTION('',(-1.,-0.,0.));
#10144 = PCURVE('',#3794,#10145);
#10145 = DEFINITIONAL_REPRESENTATION('',(#10146),#10149);
#10146 = B_SPLINE_CURVE_WITH_KNOTS('',1,(#10147,#10148),.UNSPECIFIED.,
  .F.,.F.,(2,2),(-36.,-20.),.PIECEWISE_BEZIER_KNOTS.);
#10147 = CARTESIAN_POINT('',(56.,50.2));
#10148 = CARTESIAN_POINT('',(40.,50.2));
#10149 = ( GEOMETRIC_REPRESENTATION_CONTEXT(2) 
PARAMETRIC_REPRESENTATION_CONTEXT() REPRESENTATION_CONTEXT('2D SPACE',''
  ) );
#10150 = PCURVE('',#9886,#10151);
#10151 = DEFINITIONAL_REPRESENTATION('',(#10152),#10155);
#10152 = B_SPLINE_CURVE_WITH_KNOTS('',1,(#10153,#10154),.UNSPECIFIED.,
  .F.,.F.,(2,2),(-36.,-20.),.PIECEWISE_BEZIER_KNOTS.);
#10153 = CARTESIAN_POINT('',(2.3,16.));
#10154 = CARTESIAN_POINT('',(2.3,0.));
#10155 = ( GEOMETRIC_REPRESENTATION_CONTEXT(2) 
PARAMETRIC_REPRESENTATION_CONTEXT() REPRESENTATION_CONTEXT('2D SPACE',''
  ) );
#10156 = ORIENTED_EDGE('',*,*,#10157,.F.);
#10157 = EDGE_CURVE('',#10158,#10137,#10160,.T.);
#10158 = VERTEX_POINT('',#10159);
#10159 = CARTESIAN_POINT('',(126.,101.8686291501,9.8));
#10160 = SURFACE_CURVE('',#10161,(#10165,#10171),.PCURVE_S1.);
#10161 = LINE('',#10162,#10163);
#10162 = CARTESIAN_POINT('',(126.,74.05,9.8));
#10163 = VECTOR('',#10164,1.);
#10164 = DIRECTION('',(-0.,1.,0.));
#10165 = PCURVE('',#3794,#10166);
#10166 = DEFINITIONAL_REPRESENTATION('',(#10167),#10170);
#10167 = B_SPLINE_CURVE_WITH_KNOTS('',1,(#10168,#10169),.UNSPECIFIED.,
  .F.,.F.,(2,2),(21.55,28.65),.PIECEWISE_BEZIER_KNOTS.);
#10168 = CARTESIAN_POINT('',(56.,43.1));
#10169 = CARTESIAN_POINT('',(56.,50.2));
#10170 = ( GEOMETRIC_REPRESENTATION_CONTEXT(2) 
PARAMETRIC_REPRESENTATION_CONTEXT() REPRESENTATION_CONTEXT('2D SPACE',''
  ) );
#10171 = PCURVE('',#9912,#10172);
#10172 = DEFINITIONAL_REPRESENTATION('',(#10173),#10176);
#10173 = B_SPLINE_CURVE_WITH_KNOTS('',1,(#10174,#10175),.UNSPECIFIED.,
  .F.,.F.,(2,2),(21.55,28.65),.PIECEWISE_BEZIER_KNOTS.);
#10174 = CARTESIAN_POINT('',(2.3,0.));
#10175 = CARTESIAN_POINT('',(2.3,-7.1));
#10176 = ( GEOMETRIC_REPRESENTATION_CONTEXT(2) 
PARAMETRIC_REPRESENTATION_CONTEXT() REPRESENTATION_CONTEXT('2D SPACE',''
  ) );
#10177 = ORIENTED_EDGE('',*,*,#10178,.T.);
#10178 = EDGE_CURVE('',#10158,#10179,#10181,.T.);
#10179 = VERTEX_POINT('',#10180);
#10180 = CARTESIAN_POINT('',(139.2,88.668629150102,9.8));
#10181 = SURFACE_CURVE('',#10182,(#10186,#10192),.PCURVE_S1.);
#10182 = LINE('',#10183,#10184);
#10183 = CARTESIAN_POINT('',(130.94215728752,96.926471862576,9.8));
#10184 = VECTOR('',#10185,1.);
#10185 = DIRECTION('',(0.707106781187,-0.707106781187,0.));
#10186 = PCURVE('',#3794,#10187);
#10187 = DEFINITIONAL_REPRESENTATION('',(#10188),#10191);
#10188 = B_SPLINE_CURVE_WITH_KNOTS('',1,(#10189,#10190),.UNSPECIFIED.,
  .F.,.F.,(2,2),(-10.28632213824,11.678353159925),
  .PIECEWISE_BEZIER_KNOTS.);
#10189 = CARTESIAN_POINT('',(53.668629150102,51.7));
#10190 = CARTESIAN_POINT('',(69.2,36.168629150102));
#10191 = ( GEOMETRIC_REPRESENTATION_CONTEXT(2) 
PARAMETRIC_REPRESENTATION_CONTEXT() REPRESENTATION_CONTEXT('2D SPACE',''
  ) );
#10192 = PCURVE('',#9938,#10193);
#10193 = DEFINITIONAL_REPRESENTATION('',(#10194),#10197);
#10194 = B_SPLINE_CURVE_WITH_KNOTS('',1,(#10195,#10196),.UNSPECIFIED.,
  .F.,.F.,(2,2),(-10.28632213824,11.678353159925),
  .PIECEWISE_BEZIER_KNOTS.);
#10195 = CARTESIAN_POINT('',(21.964675298173,-0.1));
#10196 = CARTESIAN_POINT('',(-8.881784197001E-15,-0.1));
#10197 = ( GEOMETRIC_REPRESENTATION_CONTEXT(2) 
PARAMETRIC_REPRESENTATION_CONTEXT() REPRESENTATION_CONTEXT('2D SPACE',''
  ) );
#10198 = ORIENTED_EDGE('',*,*,#10199,.T.);
#10199 = EDGE_CURVE('',#10179,#10200,#10202,.T.);
#10200 = VERTEX_POINT('',#10201);
#10201 = CARTESIAN_POINT('',(139.2,60.5,9.8));
#10202 = SURFACE_CURVE('',#10203,(#10207,#10213),.PCURVE_S1.);
#10203 = LINE('',#10204,#10205);
#10204 = CARTESIAN_POINT('',(139.2,26.65,9.8));
#10205 = VECTOR('',#10206,1.);
#10206 = DIRECTION('',(0.,-1.,0.));
#10207 = PCURVE('',#3794,#10208);
#10208 = DEFINITIONAL_REPRESENTATION('',(#10209),#10212);
#10209 = B_SPLINE_CURVE_WITH_KNOTS('',1,(#10210,#10211),.UNSPECIFIED.,
  .F.,.F.,(2,2),(-62.0186291501,25.85),.PIECEWISE_BEZIER_KNOTS.);
#10210 = CARTESIAN_POINT('',(69.2,36.168629150102));
#10211 = CARTESIAN_POINT('',(69.2,-51.7));
#10212 = ( GEOMETRIC_REPRESENTATION_CONTEXT(2) 
PARAMETRIC_REPRESENTATION_CONTEXT() REPRESENTATION_CONTEXT('2D SPACE',''
  ) );
#10213 = PCURVE('',#9964,#10214);
#10214 = DEFINITIONAL_REPRESENTATION('',(#10215),#10218);
#10215 = B_SPLINE_CURVE_WITH_KNOTS('',1,(#10216,#10217),.UNSPECIFIED.,
  .F.,.F.,(2,2),(-62.0186291501,25.85),.PIECEWISE_BEZIER_KNOTS.);
#10216 = CARTESIAN_POINT('',(87.868629150102,-0.1));
#10217 = CARTESIAN_POINT('',(0.,-0.1));
#10218 = ( GEOMETRIC_REPRESENTATION_CONTEXT(2) 
PARAMETRIC_REPRESENTATION_CONTEXT() REPRESENTATION_CONTEXT('2D SPACE',''
  ) );
#10219 = ORIENTED_EDGE('',*,*,#10220,.F.);
#10220 = EDGE_CURVE('',#10045,#10200,#10221,.T.);
#10221 = SURFACE_CURVE('',#10222,(#10226,#10232),.PCURVE_S1.);
#10222 = LINE('',#10223,#10224);
#10223 = CARTESIAN_POINT('',(103.795,60.5,9.8));
#10224 = VECTOR('',#10225,1.);
#10225 = DIRECTION('',(-1.,-0.,0.));
#10226 = PCURVE('',#3794,#10227);
#10227 = DEFINITIONAL_REPRESENTATION('',(#10228),#10231);
#10228 = B_SPLINE_CURVE_WITH_KNOTS('',1,(#10229,#10230),.UNSPECIFIED.,
  .F.,.F.,(2,2),(-36.205,-33.795),.PIECEWISE_BEZIER_KNOTS.);
#10229 = CARTESIAN_POINT('',(70.,8.));
#10230 = CARTESIAN_POINT('',(67.59,8.));
#10231 = ( GEOMETRIC_REPRESENTATION_CONTEXT(2) 
PARAMETRIC_REPRESENTATION_CONTEXT() REPRESENTATION_CONTEXT('2D SPACE',''
  ) );
#10232 = PCURVE('',#3896,#10233);
#10233 = DEFINITIONAL_REPRESENTATION('',(#10234),#10237);
#10234 = B_SPLINE_CURVE_WITH_KNOTS('',1,(#10235,#10236),.UNSPECIFIED.,
  .F.,.F.,(2,2),(-36.205,-33.795),.PIECEWISE_BEZIER_KNOTS.);
#10235 = CARTESIAN_POINT('',(10.8,2.41));
#10236 = CARTESIAN_POINT('',(10.8,0.));
#10237 = ( GEOMETRIC_REPRESENTATION_CONTEXT(2) 
PARAMETRIC_REPRESENTATION_CONTEXT() REPRESENTATION_CONTEXT('2D SPACE',''
  ) );
#10238 = ADVANCED_FACE('',(#10239),#3768,.F.);
#10239 = FACE_BOUND('',#10240,.F.);
#10240 = EDGE_LOOP('',(#10241,#10242,#10263,#10264));
#10241 = ORIENTED_EDGE('',*,*,#3963,.F.);
#10242 = ORIENTED_EDGE('',*,*,#10243,.T.);
#10243 = EDGE_CURVE('',#3936,#10070,#10244,.T.);
#10244 = SURFACE_CURVE('',#10245,(#10249,#10256),.PCURVE_S1.);
#10245 = LINE('',#10246,#10247);
#10246 = CARTESIAN_POINT('',(124.,105.,0.));
#10247 = VECTOR('',#10248,1.);
#10248 = DIRECTION('',(0.,0.,1.));
#10249 = PCURVE('',#3768,#10250);
#10250 = DEFINITIONAL_REPRESENTATION('',(#10251),#10255);
#10251 = LINE('',#10252,#10253);
#10252 = CARTESIAN_POINT('',(0.,-0.));
#10253 = VECTOR('',#10254,1.);
#10254 = DIRECTION('',(0.,-1.));
#10255 = ( GEOMETRIC_REPRESENTATION_CONTEXT(2) 
PARAMETRIC_REPRESENTATION_CONTEXT() REPRESENTATION_CONTEXT('2D SPACE',''
  ) );
#10256 = PCURVE('',#3951,#10257);
#10257 = DEFINITIONAL_REPRESENTATION('',(#10258),#10262);
#10258 = LINE('',#10259,#10260);
#10259 = CARTESIAN_POINT('',(22.62741699797,0.));
#10260 = VECTOR('',#10261,1.);
#10261 = DIRECTION('',(0.,-1.));
#10262 = ( GEOMETRIC_REPRESENTATION_CONTEXT(2) 
PARAMETRIC_REPRESENTATION_CONTEXT() REPRESENTATION_CONTEXT('2D SPACE',''
  ) );
#10263 = ORIENTED_EDGE('',*,*,#10092,.T.);
#10264 = ORIENTED_EDGE('',*,*,#3753,.F.);
#10265 = ADVANCED_FACE('',(#10266),#3896,.F.);
#10266 = FACE_BOUND('',#10267,.F.);
#10267 = EDGE_LOOP('',(#10268,#10289,#10310,#10311,#10312,#10331,#10332,
    #10351));
#10268 = ORIENTED_EDGE('',*,*,#10269,.F.);
#10269 = EDGE_CURVE('',#10270,#3882,#10272,.T.);
#10270 = VERTEX_POINT('',#10271);
#10271 = CARTESIAN_POINT('',(138.95,60.5,24.4));
#10272 = SURFACE_CURVE('',#10273,(#10277,#10283),.PCURVE_S1.);
#10273 = LINE('',#10274,#10275);
#10274 = CARTESIAN_POINT('',(138.95,60.5,-1.));
#10275 = VECTOR('',#10276,1.);
#10276 = DIRECTION('',(-0.,0.,-1.));
#10277 = PCURVE('',#3896,#10278);
#10278 = DEFINITIONAL_REPRESENTATION('',(#10279),#10282);
#10279 = B_SPLINE_CURVE_WITH_KNOTS('',1,(#10280,#10281),.UNSPECIFIED.,
  .F.,.F.,(2,2),(-25.4,-1.),.PIECEWISE_BEZIER_KNOTS.);
#10280 = CARTESIAN_POINT('',(25.4,1.36));
#10281 = CARTESIAN_POINT('',(1.,1.36));
#10282 = ( GEOMETRIC_REPRESENTATION_CONTEXT(2) 
PARAMETRIC_REPRESENTATION_CONTEXT() REPRESENTATION_CONTEXT('2D SPACE',''
  ) );
#10283 = PCURVE('',#4099,#10284);
#10284 = DEFINITIONAL_REPRESENTATION('',(#10285),#10288);
#10285 = B_SPLINE_CURVE_WITH_KNOTS('',1,(#10286,#10287),.UNSPECIFIED.,
  .F.,.F.,(2,2),(-25.4,-1.),.PIECEWISE_BEZIER_KNOTS.);
#10286 = CARTESIAN_POINT('',(25.4,-59.5));
#10287 = CARTESIAN_POINT('',(1.,-59.5));
#10288 = ( GEOMETRIC_REPRESENTATION_CONTEXT(2) 
PARAMETRIC_REPRESENTATION_CONTEXT() REPRESENTATION_CONTEXT('2D SPACE',''
  ) );
#10289 = ORIENTED_EDGE('',*,*,#10290,.T.);
#10290 = EDGE_CURVE('',#10270,#9458,#10291,.T.);
#10291 = SURFACE_CURVE('',#10292,(#10296,#10303),.PCURVE_S1.);
#10292 = LINE('',#10293,#10294);
#10293 = CARTESIAN_POINT('',(137.59,60.5,24.4));
#10294 = VECTOR('',#10295,1.);
#10295 = DIRECTION('',(1.,0.,-0.));
#10296 = PCURVE('',#3896,#10297);
#10297 = DEFINITIONAL_REPRESENTATION('',(#10298),#10302);
#10298 = LINE('',#10299,#10300);
#10299 = CARTESIAN_POINT('',(25.4,0.));
#10300 = VECTOR('',#10301,1.);
#10301 = DIRECTION('',(0.,1.));
#10302 = ( GEOMETRIC_REPRESENTATION_CONTEXT(2) 
PARAMETRIC_REPRESENTATION_CONTEXT() REPRESENTATION_CONTEXT('2D SPACE',''
  ) );
#10303 = PCURVE('',#9493,#10304);
#10304 = DEFINITIONAL_REPRESENTATION('',(#10305),#10309);
#10305 = LINE('',#10306,#10307);
#10306 = CARTESIAN_POINT('',(0.,58.1));
#10307 = VECTOR('',#10308,1.);
#10308 = DIRECTION('',(1.,0.));
#10309 = ( GEOMETRIC_REPRESENTATION_CONTEXT(2) 
PARAMETRIC_REPRESENTATION_CONTEXT() REPRESENTATION_CONTEXT('2D SPACE',''
  ) );
#10310 = ORIENTED_EDGE('',*,*,#9457,.T.);
#10311 = ORIENTED_EDGE('',*,*,#9975,.T.);
#10312 = ORIENTED_EDGE('',*,*,#10313,.T.);
#10313 = EDGE_CURVE('',#9950,#10200,#10314,.T.);
#10314 = SURFACE_CURVE('',#10315,(#10319,#10325),.PCURVE_S1.);
#10315 = LINE('',#10316,#10317);
#10316 = CARTESIAN_POINT('',(139.2,60.5,4.35));
#10317 = VECTOR('',#10318,1.);
#10318 = DIRECTION('',(0.,0.,-1.));
#10319 = PCURVE('',#3896,#10320);
#10320 = DEFINITIONAL_REPRESENTATION('',(#10321),#10324);
#10321 = B_SPLINE_CURVE_WITH_KNOTS('',1,(#10322,#10323),.UNSPECIFIED.,
  .F.,.F.,(2,2),(-6.65,-5.45),.PIECEWISE_BEZIER_KNOTS.);
#10322 = CARTESIAN_POINT('',(12.,1.61));
#10323 = CARTESIAN_POINT('',(10.8,1.61));
#10324 = ( GEOMETRIC_REPRESENTATION_CONTEXT(2) 
PARAMETRIC_REPRESENTATION_CONTEXT() REPRESENTATION_CONTEXT('2D SPACE',''
  ) );
#10325 = PCURVE('',#9964,#10326);
#10326 = DEFINITIONAL_REPRESENTATION('',(#10327),#10330);
#10327 = B_SPLINE_CURVE_WITH_KNOTS('',1,(#10328,#10329),.UNSPECIFIED.,
  .F.,.F.,(2,2),(-6.65,-5.45),.PIECEWISE_BEZIER_KNOTS.);
#10328 = CARTESIAN_POINT('',(59.7,-1.3));
#10329 = CARTESIAN_POINT('',(59.7,-0.1));
#10330 = ( GEOMETRIC_REPRESENTATION_CONTEXT(2) 
PARAMETRIC_REPRESENTATION_CONTEXT() REPRESENTATION_CONTEXT('2D SPACE',''
  ) );
#10331 = ORIENTED_EDGE('',*,*,#10220,.F.);
#10332 = ORIENTED_EDGE('',*,*,#10333,.T.);
#10333 = EDGE_CURVE('',#10045,#3880,#10334,.T.);
#10334 = SURFACE_CURVE('',#10335,(#10339,#10345),.PCURVE_S1.);
#10335 = LINE('',#10336,#10337);
#10336 = CARTESIAN_POINT('',(140.,60.5,-0.5));
#10337 = VECTOR('',#10338,1.);
#10338 = DIRECTION('',(0.,0.,-1.));
#10339 = PCURVE('',#3896,#10340);
#10340 = DEFINITIONAL_REPRESENTATION('',(#10341),#10344);
#10341 = B_SPLINE_CURVE_WITH_KNOTS('',1,(#10342,#10343),.UNSPECIFIED.,
  .F.,.F.,(2,2),(-10.3,-0.5),.PIECEWISE_BEZIER_KNOTS.);
#10342 = CARTESIAN_POINT('',(10.8,2.41));
#10343 = CARTESIAN_POINT('',(1.,2.41));
#10344 = ( GEOMETRIC_REPRESENTATION_CONTEXT(2) 
PARAMETRIC_REPRESENTATION_CONTEXT() REPRESENTATION_CONTEXT('2D SPACE',''
  ) );
#10345 = PCURVE('',#3923,#10346);
#10346 = DEFINITIONAL_REPRESENTATION('',(#10347),#10350);
#10347 = B_SPLINE_CURVE_WITH_KNOTS('',1,(#10348,#10349),.UNSPECIFIED.,
  .F.,.F.,(2,2),(-10.3,-0.5),.PIECEWISE_BEZIER_KNOTS.);
#10348 = CARTESIAN_POINT('',(60.5,-9.8));
#10349 = CARTESIAN_POINT('',(60.5,0.));
#10350 = ( GEOMETRIC_REPRESENTATION_CONTEXT(2) 
PARAMETRIC_REPRESENTATION_CONTEXT() REPRESENTATION_CONTEXT('2D SPACE',''
  ) );
#10351 = ORIENTED_EDGE('',*,*,#3879,.T.);
#10352 = ADVANCED_FACE('',(#10353),#4099,.F.);
#10353 = FACE_BOUND('',#10354,.F.);
#10354 = EDGE_LOOP('',(#10355,#10378,#10379,#10400,#10419,#10420,#10421,
    #10444));
#10355 = ORIENTED_EDGE('',*,*,#10356,.F.);
#10356 = EDGE_CURVE('',#8709,#10357,#10359,.T.);
#10357 = VERTEX_POINT('',#10358);
#10358 = CARTESIAN_POINT('',(138.95,1.,25.8));
#10359 = SURFACE_CURVE('',#10360,(#10364,#10371),.PCURVE_S1.);
#10360 = LINE('',#10361,#10362);
#10361 = CARTESIAN_POINT('',(138.95,1.,-1.));
#10362 = VECTOR('',#10363,1.);
#10363 = DIRECTION('',(0.,0.,1.));
#10364 = PCURVE('',#4099,#10365);
#10365 = DEFINITIONAL_REPRESENTATION('',(#10366),#10370);
#10366 = LINE('',#10367,#10368);
#10367 = CARTESIAN_POINT('',(0.,0.));
#10368 = VECTOR('',#10369,1.);
#10369 = DIRECTION('',(1.,0.));
#10370 = ( GEOMETRIC_REPRESENTATION_CONTEXT(2) 
PARAMETRIC_REPRESENTATION_CONTEXT() REPRESENTATION_CONTEXT('2D SPACE',''
  ) );
#10371 = PCURVE('',#8744,#10372);
#10372 = DEFINITIONAL_REPRESENTATION('',(#10373),#10377);
#10373 = LINE('',#10374,#10375);
#10374 = CARTESIAN_POINT('',(0.,1.5));
#10375 = VECTOR('',#10376,1.);
#10376 = DIRECTION('',(1.,0.));
#10377 = ( GEOMETRIC_REPRESENTATION_CONTEXT(2) 
PARAMETRIC_REPRESENTATION_CONTEXT() REPRESENTATION_CONTEXT('2D SPACE',''
  ) );
#10378 = ORIENTED_EDGE('',*,*,#8708,.T.);
#10379 = ORIENTED_EDGE('',*,*,#10380,.F.);
#10380 = EDGE_CURVE('',#10381,#8681,#10383,.T.);
#10381 = VERTEX_POINT('',#10382);
#10382 = CARTESIAN_POINT('',(138.95,2.4,24.4));
#10383 = SURFACE_CURVE('',#10384,(#10388,#10394),.PCURVE_S1.);
#10384 = LINE('',#10385,#10386);
#10385 = CARTESIAN_POINT('',(138.95,2.4,-1.));
#10386 = VECTOR('',#10387,1.);
#10387 = DIRECTION('',(-0.,0.,-1.));
#10388 = PCURVE('',#4099,#10389);
#10389 = DEFINITIONAL_REPRESENTATION('',(#10390),#10393);
#10390 = B_SPLINE_CURVE_WITH_KNOTS('',1,(#10391,#10392),.UNSPECIFIED.,
  .F.,.F.,(2,2),(-25.4,-1.),.PIECEWISE_BEZIER_KNOTS.);
#10391 = CARTESIAN_POINT('',(25.4,-1.4));
#10392 = CARTESIAN_POINT('',(1.,-1.4));
#10393 = ( GEOMETRIC_REPRESENTATION_CONTEXT(2) 
PARAMETRIC_REPRESENTATION_CONTEXT() REPRESENTATION_CONTEXT('2D SPACE',''
  ) );
#10394 = PCURVE('',#8696,#10395);
#10395 = DEFINITIONAL_REPRESENTATION('',(#10396),#10399);
#10396 = B_SPLINE_CURVE_WITH_KNOTS('',1,(#10397,#10398),.UNSPECIFIED.,
  .F.,.F.,(2,2),(-25.4,-1.),.PIECEWISE_BEZIER_KNOTS.);
#10397 = CARTESIAN_POINT('',(25.4,1.36));
#10398 = CARTESIAN_POINT('',(1.,1.36));
#10399 = ( GEOMETRIC_REPRESENTATION_CONTEXT(2) 
PARAMETRIC_REPRESENTATION_CONTEXT() REPRESENTATION_CONTEXT('2D SPACE',''
  ) );
#10400 = ORIENTED_EDGE('',*,*,#10401,.T.);
#10401 = EDGE_CURVE('',#10381,#10270,#10402,.T.);
#10402 = SURFACE_CURVE('',#10403,(#10407,#10413),.PCURVE_S1.);
#10403 = LINE('',#10404,#10405);
#10404 = CARTESIAN_POINT('',(138.95,1.7,24.4));
#10405 = VECTOR('',#10406,1.);
#10406 = DIRECTION('',(-0.,1.,0.));
#10407 = PCURVE('',#4099,#10408);
#10408 = DEFINITIONAL_REPRESENTATION('',(#10409),#10412);
#10409 = B_SPLINE_CURVE_WITH_KNOTS('',1,(#10410,#10411),.UNSPECIFIED.,
  .F.,.F.,(2,2),(0.7,60.2),.PIECEWISE_BEZIER_KNOTS.);
#10410 = CARTESIAN_POINT('',(25.4,-1.4));
#10411 = CARTESIAN_POINT('',(25.4,-60.9));
#10412 = ( GEOMETRIC_REPRESENTATION_CONTEXT(2) 
PARAMETRIC_REPRESENTATION_CONTEXT() REPRESENTATION_CONTEXT('2D SPACE',''
  ) );
#10413 = PCURVE('',#9493,#10414);
#10414 = DEFINITIONAL_REPRESENTATION('',(#10415),#10418);
#10415 = B_SPLINE_CURVE_WITH_KNOTS('',1,(#10416,#10417),.UNSPECIFIED.,
  .F.,.F.,(2,2),(0.7,60.2),.PIECEWISE_BEZIER_KNOTS.);
#10416 = CARTESIAN_POINT('',(1.36,-5.329070518201E-15));
#10417 = CARTESIAN_POINT('',(1.36,59.5));
#10418 = ( GEOMETRIC_REPRESENTATION_CONTEXT(2) 
PARAMETRIC_REPRESENTATION_CONTEXT() REPRESENTATION_CONTEXT('2D SPACE',''
  ) );
#10419 = ORIENTED_EDGE('',*,*,#10269,.T.);
#10420 = ORIENTED_EDGE('',*,*,#4086,.T.);
#10421 = ORIENTED_EDGE('',*,*,#10422,.T.);
#10422 = EDGE_CURVE('',#4061,#10423,#10425,.T.);
#10423 = VERTEX_POINT('',#10424);
#10424 = CARTESIAN_POINT('',(138.95,61.9,25.8));
#10425 = SURFACE_CURVE('',#10426,(#10430,#10437),.PCURVE_S1.);
#10426 = LINE('',#10427,#10428);
#10427 = CARTESIAN_POINT('',(138.95,61.9,-1.));
#10428 = VECTOR('',#10429,1.);
#10429 = DIRECTION('',(0.,0.,1.));
#10430 = PCURVE('',#4099,#10431);
#10431 = DEFINITIONAL_REPRESENTATION('',(#10432),#10436);
#10432 = LINE('',#10433,#10434);
#10433 = CARTESIAN_POINT('',(0.,-60.9));
#10434 = VECTOR('',#10435,1.);
#10435 = DIRECTION('',(1.,0.));
#10436 = ( GEOMETRIC_REPRESENTATION_CONTEXT(2) 
PARAMETRIC_REPRESENTATION_CONTEXT() REPRESENTATION_CONTEXT('2D SPACE',''
  ) );
#10437 = PCURVE('',#4075,#10438);
#10438 = DEFINITIONAL_REPRESENTATION('',(#10439),#10443);
#10439 = LINE('',#10440,#10441);
#10440 = CARTESIAN_POINT('',(0.,1.5));
#10441 = VECTOR('',#10442,1.);
#10442 = DIRECTION('',(1.,0.));
#10443 = ( GEOMETRIC_REPRESENTATION_CONTEXT(2) 
PARAMETRIC_REPRESENTATION_CONTEXT() REPRESENTATION_CONTEXT('2D SPACE',''
  ) );
#10444 = ORIENTED_EDGE('',*,*,#10445,.F.);
#10445 = EDGE_CURVE('',#10357,#10423,#10446,.T.);
#10446 = SURFACE_CURVE('',#10447,(#10451,#10458),.PCURVE_S1.);
#10447 = LINE('',#10448,#10449);
#10448 = CARTESIAN_POINT('',(138.95,1.,25.8));
#10449 = VECTOR('',#10450,1.);
#10450 = DIRECTION('',(-0.,1.,0.));
#10451 = PCURVE('',#4099,#10452);
#10452 = DEFINITIONAL_REPRESENTATION('',(#10453),#10457);
#10453 = LINE('',#10454,#10455);
#10454 = CARTESIAN_POINT('',(26.8,0.));
#10455 = VECTOR('',#10456,1.);
#10456 = DIRECTION('',(0.,-1.));
#10457 = ( GEOMETRIC_REPRESENTATION_CONTEXT(2) 
PARAMETRIC_REPRESENTATION_CONTEXT() REPRESENTATION_CONTEXT('2D SPACE',''
  ) );
#10458 = PCURVE('',#10459,#10464);
#10459 = PLANE('',#10460);
#10460 = AXIS2_PLACEMENT_3D('',#10461,#10462,#10463);
#10461 = CARTESIAN_POINT('',(137.45,1.,25.8));
#10462 = DIRECTION('',(0.,0.,1.));
#10463 = DIRECTION('',(1.,0.,-0.));
#10464 = DEFINITIONAL_REPRESENTATION('',(#10465),#10469);
#10465 = LINE('',#10466,#10467);
#10466 = CARTESIAN_POINT('',(1.5,0.));
#10467 = VECTOR('',#10468,1.);
#10468 = DIRECTION('',(0.,1.));
#10469 = ( GEOMETRIC_REPRESENTATION_CONTEXT(2) 
PARAMETRIC_REPRESENTATION_CONTEXT() REPRESENTATION_CONTEXT('2D SPACE',''
  ) );
#10470 = ADVANCED_FACE('',(#10471),#4075,.F.);
#10471 = FACE_BOUND('',#10472,.F.);
#10472 = EDGE_LOOP('',(#10473,#10474,#10475,#10494,#10495,#10516,#10542,
    #10565));
#10473 = ORIENTED_EDGE('',*,*,#10422,.F.);
#10474 = ORIENTED_EDGE('',*,*,#4060,.T.);
#10475 = ORIENTED_EDGE('',*,*,#10476,.F.);
#10476 = EDGE_CURVE('',#4809,#4035,#10477,.T.);
#10477 = SURFACE_CURVE('',#10478,(#10482,#10488),.PCURVE_S1.);
#10478 = LINE('',#10479,#10480);
#10479 = CARTESIAN_POINT('',(137.6,61.9,-1.));
#10480 = VECTOR('',#10481,1.);
#10481 = DIRECTION('',(0.,0.,-1.));
#10482 = PCURVE('',#4075,#10483);
#10483 = DEFINITIONAL_REPRESENTATION('',(#10484),#10487);
#10484 = B_SPLINE_CURVE_WITH_KNOTS('',1,(#10485,#10486),.UNSPECIFIED.,
  .F.,.F.,(2,2),(-25.4,-1.),.PIECEWISE_BEZIER_KNOTS.);
#10485 = CARTESIAN_POINT('',(25.4,0.15));
#10486 = CARTESIAN_POINT('',(1.,0.15));
#10487 = ( GEOMETRIC_REPRESENTATION_CONTEXT(2) 
PARAMETRIC_REPRESENTATION_CONTEXT() REPRESENTATION_CONTEXT('2D SPACE',''
  ) );
#10488 = PCURVE('',#4049,#10489);
#10489 = DEFINITIONAL_REPRESENTATION('',(#10490),#10493);
#10490 = B_SPLINE_CURVE_WITH_KNOTS('',1,(#10491,#10492),.UNSPECIFIED.,
  .F.,.F.,(2,2),(-25.4,-1.),.PIECEWISE_BEZIER_KNOTS.);
#10491 = CARTESIAN_POINT('',(59.5,-25.4));
#10492 = CARTESIAN_POINT('',(59.5,-1.));
#10493 = ( GEOMETRIC_REPRESENTATION_CONTEXT(2) 
PARAMETRIC_REPRESENTATION_CONTEXT() REPRESENTATION_CONTEXT('2D SPACE',''
  ) );
#10494 = ORIENTED_EDGE('',*,*,#4808,.T.);
#10495 = ORIENTED_EDGE('',*,*,#10496,.F.);
#10496 = EDGE_CURVE('',#10497,#4782,#10499,.T.);
#10497 = VERTEX_POINT('',#10498);
#10498 = CARTESIAN_POINT('',(137.46,61.9,8.));
#10499 = SURFACE_CURVE('',#10500,(#10504,#10510),.PCURVE_S1.);
#10500 = LINE('',#10501,#10502);
#10501 = CARTESIAN_POINT('',(137.46,61.9,3.5));
#10502 = VECTOR('',#10503,1.);
#10503 = DIRECTION('',(0.,0.,1.));
#10504 = PCURVE('',#4075,#10505);
#10505 = DEFINITIONAL_REPRESENTATION('',(#10506),#10509);
#10506 = B_SPLINE_CURVE_WITH_KNOTS('',1,(#10507,#10508),.UNSPECIFIED.,
  .F.,.F.,(2,2),(4.5,20.9),.PIECEWISE_BEZIER_KNOTS.);
#10507 = CARTESIAN_POINT('',(9.,1.000000000002E-02));
#10508 = CARTESIAN_POINT('',(25.4,1.000000000002E-02));
#10509 = ( GEOMETRIC_REPRESENTATION_CONTEXT(2) 
PARAMETRIC_REPRESENTATION_CONTEXT() REPRESENTATION_CONTEXT('2D SPACE',''
  ) );
#10510 = PCURVE('',#4797,#10511);
#10511 = DEFINITIONAL_REPRESENTATION('',(#10512),#10515);
#10512 = B_SPLINE_CURVE_WITH_KNOTS('',1,(#10513,#10514),.UNSPECIFIED.,
  .F.,.F.,(2,2),(4.5,20.9),.PIECEWISE_BEZIER_KNOTS.);
#10513 = CARTESIAN_POINT('',(0.,-1.4));
#10514 = CARTESIAN_POINT('',(16.4,-1.4));
#10515 = ( GEOMETRIC_REPRESENTATION_CONTEXT(2) 
PARAMETRIC_REPRESENTATION_CONTEXT() REPRESENTATION_CONTEXT('2D SPACE',''
  ) );
#10516 = ORIENTED_EDGE('',*,*,#10517,.T.);
#10517 = EDGE_CURVE('',#10497,#10518,#10520,.T.);
#10518 = VERTEX_POINT('',#10519);
#10519 = CARTESIAN_POINT('',(137.45,61.9,8.));
#10520 = SURFACE_CURVE('',#10521,(#10525,#10531),.PCURVE_S1.);
#10521 = LINE('',#10522,#10523);
#10522 = CARTESIAN_POINT('',(136.73,61.9,8.));
#10523 = VECTOR('',#10524,1.);
#10524 = DIRECTION('',(-1.,-0.,0.));
#10525 = PCURVE('',#4075,#10526);
#10526 = DEFINITIONAL_REPRESENTATION('',(#10527),#10530);
#10527 = B_SPLINE_CURVE_WITH_KNOTS('',1,(#10528,#10529),.UNSPECIFIED.,
  .F.,.F.,(2,2),(-0.73,-0.72),.PIECEWISE_BEZIER_KNOTS.);
#10528 = CARTESIAN_POINT('',(9.,1.000000000003E-02));
#10529 = CARTESIAN_POINT('',(9.,0.));
#10530 = ( GEOMETRIC_REPRESENTATION_CONTEXT(2) 
PARAMETRIC_REPRESENTATION_CONTEXT() REPRESENTATION_CONTEXT('2D SPACE',''
  ) );
#10531 = PCURVE('',#10532,#10537);
#10532 = PLANE('',#10533);
#10533 = AXIS2_PLACEMENT_3D('',#10534,#10535,#10536);
#10534 = CARTESIAN_POINT('',(136.01,60.5,8.));
#10535 = DIRECTION('',(0.,0.,1.));
#10536 = DIRECTION('',(1.,0.,-0.));
#10537 = DEFINITIONAL_REPRESENTATION('',(#10538),#10541);
#10538 = B_SPLINE_CURVE_WITH_KNOTS('',1,(#10539,#10540),.UNSPECIFIED.,
  .F.,.F.,(2,2),(-0.73,-0.72),.PIECEWISE_BEZIER_KNOTS.);
#10539 = CARTESIAN_POINT('',(1.45,1.4));
#10540 = CARTESIAN_POINT('',(1.44,1.4));
#10541 = ( GEOMETRIC_REPRESENTATION_CONTEXT(2) 
PARAMETRIC_REPRESENTATION_CONTEXT() REPRESENTATION_CONTEXT('2D SPACE',''
  ) );
#10542 = ORIENTED_EDGE('',*,*,#10543,.T.);
#10543 = EDGE_CURVE('',#10518,#10544,#10546,.T.);
#10544 = VERTEX_POINT('',#10545);
#10545 = CARTESIAN_POINT('',(137.45,61.9,25.8));
#10546 = SURFACE_CURVE('',#10547,(#10551,#10558),.PCURVE_S1.);
#10547 = LINE('',#10548,#10549);
#10548 = CARTESIAN_POINT('',(137.45,61.9,-1.));
#10549 = VECTOR('',#10550,1.);
#10550 = DIRECTION('',(0.,0.,1.));
#10551 = PCURVE('',#4075,#10552);
#10552 = DEFINITIONAL_REPRESENTATION('',(#10553),#10557);
#10553 = LINE('',#10554,#10555);
#10554 = CARTESIAN_POINT('',(0.,0.));
#10555 = VECTOR('',#10556,1.);
#10556 = DIRECTION('',(1.,0.));
#10557 = ( GEOMETRIC_REPRESENTATION_CONTEXT(2) 
PARAMETRIC_REPRESENTATION_CONTEXT() REPRESENTATION_CONTEXT('2D SPACE',''
  ) );
#10558 = PCURVE('',#4689,#10559);
#10559 = DEFINITIONAL_REPRESENTATION('',(#10560),#10564);
#10560 = LINE('',#10561,#10562);
#10561 = CARTESIAN_POINT('',(0.,-60.9));
#10562 = VECTOR('',#10563,1.);
#10563 = DIRECTION('',(1.,0.));
#10564 = ( GEOMETRIC_REPRESENTATION_CONTEXT(2) 
PARAMETRIC_REPRESENTATION_CONTEXT() REPRESENTATION_CONTEXT('2D SPACE',''
  ) );
#10565 = ORIENTED_EDGE('',*,*,#10566,.T.);
#10566 = EDGE_CURVE('',#10544,#10423,#10567,.T.);
#10567 = SURFACE_CURVE('',#10568,(#10572,#10579),.PCURVE_S1.);
#10568 = LINE('',#10569,#10570);
#10569 = CARTESIAN_POINT('',(137.45,61.9,25.8));
#10570 = VECTOR('',#10571,1.);
#10571 = DIRECTION('',(1.,0.,-0.));
#10572 = PCURVE('',#4075,#10573);
#10573 = DEFINITIONAL_REPRESENTATION('',(#10574),#10578);
#10574 = LINE('',#10575,#10576);
#10575 = CARTESIAN_POINT('',(26.8,0.));
#10576 = VECTOR('',#10577,1.);
#10577 = DIRECTION('',(0.,1.));
#10578 = ( GEOMETRIC_REPRESENTATION_CONTEXT(2) 
PARAMETRIC_REPRESENTATION_CONTEXT() REPRESENTATION_CONTEXT('2D SPACE',''
  ) );
#10579 = PCURVE('',#10459,#10580);
#10580 = DEFINITIONAL_REPRESENTATION('',(#10581),#10585);
#10581 = LINE('',#10582,#10583);
#10582 = CARTESIAN_POINT('',(0.,60.9));
#10583 = VECTOR('',#10584,1.);
#10584 = DIRECTION('',(1.,0.));
#10585 = ( GEOMETRIC_REPRESENTATION_CONTEXT(2) 
PARAMETRIC_REPRESENTATION_CONTEXT() REPRESENTATION_CONTEXT('2D SPACE',''
  ) );
#10586 = ADVANCED_FACE('',(#10587),#4049,.T.);
#10587 = FACE_BOUND('',#10588,.T.);
#10588 = EDGE_LOOP('',(#10589,#10610,#10611,#10612));
#10589 = ORIENTED_EDGE('',*,*,#10590,.F.);
#10590 = EDGE_CURVE('',#4009,#4831,#10591,.T.);
#10591 = SURFACE_CURVE('',#10592,(#10596,#10603),.PCURVE_S1.);
#10592 = LINE('',#10593,#10594);
#10593 = CARTESIAN_POINT('',(137.6,88.005887450305,-1.));
#10594 = VECTOR('',#10595,1.);
#10595 = DIRECTION('',(0.,0.,1.));
#10596 = PCURVE('',#4049,#10597);
#10597 = DEFINITIONAL_REPRESENTATION('',(#10598),#10602);
#10598 = LINE('',#10599,#10600);
#10599 = CARTESIAN_POINT('',(85.605887450305,0.));
#10600 = VECTOR('',#10601,1.);
#10601 = DIRECTION('',(0.,-1.));
#10602 = ( GEOMETRIC_REPRESENTATION_CONTEXT(2) 
PARAMETRIC_REPRESENTATION_CONTEXT() REPRESENTATION_CONTEXT('2D SPACE',''
  ) );
#10603 = PCURVE('',#4023,#10604);
#10604 = DEFINITIONAL_REPRESENTATION('',(#10605),#10609);
#10605 = LINE('',#10606,#10607);
#10606 = CARTESIAN_POINT('',(0.,0.));
#10607 = VECTOR('',#10608,1.);
#10608 = DIRECTION('',(0.,-1.));
#10609 = ( GEOMETRIC_REPRESENTATION_CONTEXT(2) 
PARAMETRIC_REPRESENTATION_CONTEXT() REPRESENTATION_CONTEXT('2D SPACE',''
  ) );
#10610 = ORIENTED_EDGE('',*,*,#4034,.T.);
#10611 = ORIENTED_EDGE('',*,*,#10476,.F.);
#10612 = ORIENTED_EDGE('',*,*,#4830,.T.);
#10613 = ADVANCED_FACE('',(#10614),#4023,.T.);
#10614 = FACE_BOUND('',#10615,.T.);
#10615 = EDGE_LOOP('',(#10616,#10617,#10618,#10619,#10620,#10641));
#10616 = ORIENTED_EDGE('',*,*,#9606,.F.);
#10617 = ORIENTED_EDGE('',*,*,#4008,.T.);
#10618 = ORIENTED_EDGE('',*,*,#10590,.T.);
#10619 = ORIENTED_EDGE('',*,*,#4853,.T.);
#10620 = ORIENTED_EDGE('',*,*,#10621,.F.);
#10621 = EDGE_CURVE('',#10622,#4854,#10624,.T.);
#10622 = VERTEX_POINT('',#10623);
#10623 = CARTESIAN_POINT('',(126.,99.605887450305,7.5));
#10624 = SURFACE_CURVE('',#10625,(#10629,#10635),.PCURVE_S1.);
#10625 = LINE('',#10626,#10627);
#10626 = CARTESIAN_POINT('',(126.,99.605887450305,3.25));
#10627 = VECTOR('',#10628,1.);
#10628 = DIRECTION('',(0.,0.,1.));
#10629 = PCURVE('',#4023,#10630);
#10630 = DEFINITIONAL_REPRESENTATION('',(#10631),#10634);
#10631 = B_SPLINE_CURVE_WITH_KNOTS('',1,(#10632,#10633),.UNSPECIFIED.,
  .F.,.F.,(2,2),(4.25,21.15),.PIECEWISE_BEZIER_KNOTS.);
#10632 = CARTESIAN_POINT('',(16.404877323528,-8.5));
#10633 = CARTESIAN_POINT('',(16.404877323528,-25.4));
#10634 = ( GEOMETRIC_REPRESENTATION_CONTEXT(2) 
PARAMETRIC_REPRESENTATION_CONTEXT() REPRESENTATION_CONTEXT('2D SPACE',''
  ) );
#10635 = PCURVE('',#4892,#10636);
#10636 = DEFINITIONAL_REPRESENTATION('',(#10637),#10640);
#10637 = B_SPLINE_CURVE_WITH_KNOTS('',1,(#10638,#10639),.UNSPECIFIED.,
  .F.,.F.,(2,2),(4.25,21.15),.PIECEWISE_BEZIER_KNOTS.);
#10638 = CARTESIAN_POINT('',(0.,-4.005887450305));
#10639 = CARTESIAN_POINT('',(16.9,-4.005887450305));
#10640 = ( GEOMETRIC_REPRESENTATION_CONTEXT(2) 
PARAMETRIC_REPRESENTATION_CONTEXT() REPRESENTATION_CONTEXT('2D SPACE',''
  ) );
#10641 = ORIENTED_EDGE('',*,*,#10642,.T.);
#10642 = EDGE_CURVE('',#10622,#9607,#10643,.T.);
#10643 = SURFACE_CURVE('',#10644,(#10648,#10654),.PCURVE_S1.);
#10644 = LINE('',#10645,#10646);
#10645 = CARTESIAN_POINT('',(128.80147186257,96.804415587728,7.5));
#10646 = VECTOR('',#10647,1.);
#10647 = DIRECTION('',(-0.707106781187,0.707106781187,0.));
#10648 = PCURVE('',#4023,#10649);
#10649 = DEFINITIONAL_REPRESENTATION('',(#10650),#10653);
#10650 = B_SPLINE_CURVE_WITH_KNOTS('',1,(#10651,#10652),.UNSPECIFIED.,
  .F.,.F.,(2,2),(3.961879502662,8.196194077713),
  .PIECEWISE_BEZIER_KNOTS.);
#10651 = CARTESIAN_POINT('',(16.404877323528,-8.5));
#10652 = CARTESIAN_POINT('',(20.639191898579,-8.5));
#10653 = ( GEOMETRIC_REPRESENTATION_CONTEXT(2) 
PARAMETRIC_REPRESENTATION_CONTEXT() REPRESENTATION_CONTEXT('2D SPACE',''
  ) );
#10654 = PCURVE('',#9644,#10655);
#10655 = DEFINITIONAL_REPRESENTATION('',(#10656),#10659);
#10656 = B_SPLINE_CURVE_WITH_KNOTS('',1,(#10657,#10658),.UNSPECIFIED.,
  .F.,.F.,(2,2),(3.961879502662,8.196194077713),
  .PIECEWISE_BEZIER_KNOTS.);
#10657 = CARTESIAN_POINT('',(16.,4.005887450305));
#10658 = CARTESIAN_POINT('',(13.005887450305,7.));
#10659 = ( GEOMETRIC_REPRESENTATION_CONTEXT(2) 
PARAMETRIC_REPRESENTATION_CONTEXT() REPRESENTATION_CONTEXT('2D SPACE',''
  ) );
#10660 = ADVANCED_FACE('',(#10661),#3951,.F.);
#10661 = FACE_BOUND('',#10662,.F.);
#10662 = EDGE_LOOP('',(#10663,#10664,#10685,#10686));
#10663 = ORIENTED_EDGE('',*,*,#3935,.F.);
#10664 = ORIENTED_EDGE('',*,*,#10665,.T.);
#10665 = EDGE_CURVE('',#3908,#10047,#10666,.T.);
#10666 = SURFACE_CURVE('',#10667,(#10671,#10678),.PCURVE_S1.);
#10667 = LINE('',#10668,#10669);
#10668 = CARTESIAN_POINT('',(140.,89.,0.));
#10669 = VECTOR('',#10670,1.);
#10670 = DIRECTION('',(0.,0.,1.));
#10671 = PCURVE('',#3951,#10672);
#10672 = DEFINITIONAL_REPRESENTATION('',(#10673),#10677);
#10673 = LINE('',#10674,#10675);
#10674 = CARTESIAN_POINT('',(0.,0.));
#10675 = VECTOR('',#10676,1.);
#10676 = DIRECTION('',(0.,-1.));
#10677 = ( GEOMETRIC_REPRESENTATION_CONTEXT(2) 
PARAMETRIC_REPRESENTATION_CONTEXT() REPRESENTATION_CONTEXT('2D SPACE',''
  ) );
#10678 = PCURVE('',#3923,#10679);
#10679 = DEFINITIONAL_REPRESENTATION('',(#10680),#10684);
#10680 = LINE('',#10681,#10682);
#10681 = CARTESIAN_POINT('',(89.,0.));
#10682 = VECTOR('',#10683,1.);
#10683 = DIRECTION('',(0.,-1.));
#10684 = ( GEOMETRIC_REPRESENTATION_CONTEXT(2) 
PARAMETRIC_REPRESENTATION_CONTEXT() REPRESENTATION_CONTEXT('2D SPACE',''
  ) );
#10685 = ORIENTED_EDGE('',*,*,#10069,.T.);
#10686 = ORIENTED_EDGE('',*,*,#10243,.F.);
#10687 = ADVANCED_FACE('',(#10688),#3923,.F.);
#10688 = FACE_BOUND('',#10689,.F.);
#10689 = EDGE_LOOP('',(#10690,#10691,#10692,#10693));
#10690 = ORIENTED_EDGE('',*,*,#3907,.F.);
#10691 = ORIENTED_EDGE('',*,*,#10333,.F.);
#10692 = ORIENTED_EDGE('',*,*,#10044,.T.);
#10693 = ORIENTED_EDGE('',*,*,#10665,.F.);
#10694 = ADVANCED_FACE('',(#10695),#4197,.T.);
#10695 = FACE_BOUND('',#10696,.T.);
#10696 = EDGE_LOOP('',(#10697,#10718,#10719,#10720));
#10697 = ORIENTED_EDGE('',*,*,#10698,.F.);
#10698 = EDGE_CURVE('',#6112,#5077,#10699,.T.);
#10699 = SURFACE_CURVE('',#10700,(#10704,#10711),.PCURVE_S1.);
#10700 = LINE('',#10701,#10702);
#10701 = CARTESIAN_POINT('',(62.,101.01,3.2));
#10702 = VECTOR('',#10703,1.);
#10703 = DIRECTION('',(0.,0.,1.));
#10704 = PCURVE('',#4197,#10705);
#10705 = DEFINITIONAL_REPRESENTATION('',(#10706),#10710);
#10706 = LINE('',#10707,#10708);
#10707 = CARTESIAN_POINT('',(0.,0.));
#10708 = VECTOR('',#10709,1.);
#10709 = DIRECTION('',(1.,0.));
#10710 = ( GEOMETRIC_REPRESENTATION_CONTEXT(2) 
PARAMETRIC_REPRESENTATION_CONTEXT() REPRESENTATION_CONTEXT('2D SPACE',''
  ) );
#10711 = PCURVE('',#5114,#10712);
#10712 = DEFINITIONAL_REPRESENTATION('',(#10713),#10717);
#10713 = LINE('',#10714,#10715);
#10714 = CARTESIAN_POINT('',(0.,2.85));
#10715 = VECTOR('',#10716,1.);
#10716 = DIRECTION('',(1.,0.));
#10717 = ( GEOMETRIC_REPRESENTATION_CONTEXT(2) 
PARAMETRIC_REPRESENTATION_CONTEXT() REPRESENTATION_CONTEXT('2D SPACE',''
  ) );
#10718 = ORIENTED_EDGE('',*,*,#6134,.T.);
#10719 = ORIENTED_EDGE('',*,*,#4182,.T.);
#10720 = ORIENTED_EDGE('',*,*,#5076,.F.);
#10721 = ADVANCED_FACE('',(#10722),#4150,.F.);
#10722 = FACE_BOUND('',#10723,.F.);
#10723 = EDGE_LOOP('',(#10724,#10745,#10746,#10747));
#10724 = ORIENTED_EDGE('',*,*,#10725,.F.);
#10725 = EDGE_CURVE('',#9728,#5029,#10726,.T.);
#10726 = SURFACE_CURVE('',#10727,(#10731,#10738),.PCURVE_S1.);
#10727 = LINE('',#10728,#10729);
#10728 = CARTESIAN_POINT('',(106.,101.01,3.2));
#10729 = VECTOR('',#10730,1.);
#10730 = DIRECTION('',(0.,0.,1.));
#10731 = PCURVE('',#4150,#10732);
#10732 = DEFINITIONAL_REPRESENTATION('',(#10733),#10737);
#10733 = LINE('',#10734,#10735);
#10734 = CARTESIAN_POINT('',(0.,0.));
#10735 = VECTOR('',#10736,1.);
#10736 = DIRECTION('',(1.,0.));
#10737 = ( GEOMETRIC_REPRESENTATION_CONTEXT(2) 
PARAMETRIC_REPRESENTATION_CONTEXT() REPRESENTATION_CONTEXT('2D SPACE',''
  ) );
#10738 = PCURVE('',#5044,#10739);
#10739 = DEFINITIONAL_REPRESENTATION('',(#10740),#10744);
#10740 = LINE('',#10741,#10742);
#10741 = CARTESIAN_POINT('',(0.,0.));
#10742 = VECTOR('',#10743,1.);
#10743 = DIRECTION('',(1.,0.));
#10744 = ( GEOMETRIC_REPRESENTATION_CONTEXT(2) 
PARAMETRIC_REPRESENTATION_CONTEXT() REPRESENTATION_CONTEXT('2D SPACE',''
  ) );
#10745 = ORIENTED_EDGE('',*,*,#9727,.T.);
#10746 = ORIENTED_EDGE('',*,*,#4135,.T.);
#10747 = ORIENTED_EDGE('',*,*,#5055,.F.);
#10748 = ADVANCED_FACE('',(#10749),#5141,.F.);
#10749 = FACE_BOUND('',#10750,.F.);
#10750 = EDGE_LOOP('',(#10751,#10772,#10773,#10774));
#10751 = ORIENTED_EDGE('',*,*,#10752,.F.);
#10752 = EDGE_CURVE('',#6089,#5099,#10753,.T.);
#10753 = SURFACE_CURVE('',#10754,(#10758,#10765),.PCURVE_S1.);
#10754 = LINE('',#10755,#10756);
#10755 = CARTESIAN_POINT('',(59.15,101.01,3.2));
#10756 = VECTOR('',#10757,1.);
#10757 = DIRECTION('',(0.,0.,1.));
#10758 = PCURVE('',#5141,#10759);
#10759 = DEFINITIONAL_REPRESENTATION('',(#10760),#10764);
#10760 = LINE('',#10761,#10762);
#10761 = CARTESIAN_POINT('',(0.,0.));
#10762 = VECTOR('',#10763,1.);
#10763 = DIRECTION('',(1.,0.));
#10764 = ( GEOMETRIC_REPRESENTATION_CONTEXT(2) 
PARAMETRIC_REPRESENTATION_CONTEXT() REPRESENTATION_CONTEXT('2D SPACE',''
  ) );
#10765 = PCURVE('',#5114,#10766);
#10766 = DEFINITIONAL_REPRESENTATION('',(#10767),#10771);
#10767 = LINE('',#10768,#10769);
#10768 = CARTESIAN_POINT('',(0.,0.));
#10769 = VECTOR('',#10770,1.);
#10770 = DIRECTION('',(1.,0.));
#10771 = ( GEOMETRIC_REPRESENTATION_CONTEXT(2) 
PARAMETRIC_REPRESENTATION_CONTEXT() REPRESENTATION_CONTEXT('2D SPACE',''
  ) );
#10772 = ORIENTED_EDGE('',*,*,#6088,.T.);
#10773 = ORIENTED_EDGE('',*,*,#6062,.T.);
#10774 = ORIENTED_EDGE('',*,*,#5125,.F.);
#10775 = ADVANCED_FACE('',(#10776),#5114,.F.);
#10776 = FACE_BOUND('',#10777,.F.);
#10777 = EDGE_LOOP('',(#10778,#10779,#10780,#10781));
#10778 = ORIENTED_EDGE('',*,*,#10698,.F.);
#10779 = ORIENTED_EDGE('',*,*,#6111,.F.);
#10780 = ORIENTED_EDGE('',*,*,#10752,.T.);
#10781 = ORIENTED_EDGE('',*,*,#5098,.F.);
#10782 = ADVANCED_FACE('',(#10783),#5044,.F.);
#10783 = FACE_BOUND('',#10784,.F.);
#10784 = EDGE_LOOP('',(#10785,#10806,#10807,#10808));
#10785 = ORIENTED_EDGE('',*,*,#10786,.F.);
#10786 = EDGE_CURVE('',#9751,#5002,#10787,.T.);
#10787 = SURFACE_CURVE('',#10788,(#10792,#10799),.PCURVE_S1.);
#10788 = LINE('',#10789,#10790);
#10789 = CARTESIAN_POINT('',(108.85,101.01,3.2));
#10790 = VECTOR('',#10791,1.);
#10791 = DIRECTION('',(0.,0.,1.));
#10792 = PCURVE('',#5044,#10793);
#10793 = DEFINITIONAL_REPRESENTATION('',(#10794),#10798);
#10794 = LINE('',#10795,#10796);
#10795 = CARTESIAN_POINT('',(0.,2.85));
#10796 = VECTOR('',#10797,1.);
#10797 = DIRECTION('',(1.,0.));
#10798 = ( GEOMETRIC_REPRESENTATION_CONTEXT(2) 
PARAMETRIC_REPRESENTATION_CONTEXT() REPRESENTATION_CONTEXT('2D SPACE',''
  ) );
#10799 = PCURVE('',#5017,#10800);
#10800 = DEFINITIONAL_REPRESENTATION('',(#10801),#10805);
#10801 = LINE('',#10802,#10803);
#10802 = CARTESIAN_POINT('',(0.,0.));
#10803 = VECTOR('',#10804,1.);
#10804 = DIRECTION('',(1.,0.));
#10805 = ( GEOMETRIC_REPRESENTATION_CONTEXT(2) 
PARAMETRIC_REPRESENTATION_CONTEXT() REPRESENTATION_CONTEXT('2D SPACE',''
  ) );
#10806 = ORIENTED_EDGE('',*,*,#9750,.F.);
#10807 = ORIENTED_EDGE('',*,*,#10725,.T.);
#10808 = ORIENTED_EDGE('',*,*,#5028,.F.);
#10809 = ADVANCED_FACE('',(#10810),#5017,.T.);
#10810 = FACE_BOUND('',#10811,.T.);
#10811 = EDGE_LOOP('',(#10812,#10813,#10814,#10815));
#10812 = ORIENTED_EDGE('',*,*,#10786,.F.);
#10813 = ORIENTED_EDGE('',*,*,#9773,.T.);
#10814 = ORIENTED_EDGE('',*,*,#9678,.T.);
#10815 = ORIENTED_EDGE('',*,*,#5001,.F.);
#10816 = ADVANCED_FACE('',(#10817),#4946,.F.);
#10817 = FACE_BOUND('',#10818,.F.);
#10818 = EDGE_LOOP('',(#10819,#10842,#10863,#10864));
#10819 = ORIENTED_EDGE('',*,*,#10820,.F.);
#10820 = EDGE_CURVE('',#10821,#4904,#10823,.T.);
#10821 = VERTEX_POINT('',#10822);
#10822 = CARTESIAN_POINT('',(110.,95.6,7.5));
#10823 = SURFACE_CURVE('',#10824,(#10828,#10835),.PCURVE_S1.);
#10824 = LINE('',#10825,#10826);
#10825 = CARTESIAN_POINT('',(110.,95.6,7.5));
#10826 = VECTOR('',#10827,1.);
#10827 = DIRECTION('',(0.,0.,1.));
#10828 = PCURVE('',#4946,#10829);
#10829 = DEFINITIONAL_REPRESENTATION('',(#10830),#10834);
#10830 = LINE('',#10831,#10832);
#10831 = CARTESIAN_POINT('',(0.,0.));
#10832 = VECTOR('',#10833,1.);
#10833 = DIRECTION('',(1.,0.));
#10834 = ( GEOMETRIC_REPRESENTATION_CONTEXT(2) 
PARAMETRIC_REPRESENTATION_CONTEXT() REPRESENTATION_CONTEXT('2D SPACE',''
  ) );
#10835 = PCURVE('',#4919,#10836);
#10836 = DEFINITIONAL_REPRESENTATION('',(#10837),#10841);
#10837 = LINE('',#10838,#10839);
#10838 = CARTESIAN_POINT('',(0.,0.));
#10839 = VECTOR('',#10840,1.);
#10840 = DIRECTION('',(1.,0.));
#10841 = ( GEOMETRIC_REPRESENTATION_CONTEXT(2) 
PARAMETRIC_REPRESENTATION_CONTEXT() REPRESENTATION_CONTEXT('2D SPACE',''
  ) );
#10842 = ORIENTED_EDGE('',*,*,#10843,.T.);
#10843 = EDGE_CURVE('',#10821,#9630,#10844,.T.);
#10844 = SURFACE_CURVE('',#10845,(#10849,#10856),.PCURVE_S1.);
#10845 = LINE('',#10846,#10847);
#10846 = CARTESIAN_POINT('',(110.,95.6,7.5));
#10847 = VECTOR('',#10848,1.);
#10848 = DIRECTION('',(-0.,1.,0.));
#10849 = PCURVE('',#4946,#10850);
#10850 = DEFINITIONAL_REPRESENTATION('',(#10851),#10855);
#10851 = LINE('',#10852,#10853);
#10852 = CARTESIAN_POINT('',(0.,0.));
#10853 = VECTOR('',#10854,1.);
#10854 = DIRECTION('',(0.,-1.));
#10855 = ( GEOMETRIC_REPRESENTATION_CONTEXT(2) 
PARAMETRIC_REPRESENTATION_CONTEXT() REPRESENTATION_CONTEXT('2D SPACE',''
  ) );
#10856 = PCURVE('',#9644,#10857);
#10857 = DEFINITIONAL_REPRESENTATION('',(#10858),#10862);
#10858 = LINE('',#10859,#10860);
#10859 = CARTESIAN_POINT('',(0.,0.));
#10860 = VECTOR('',#10861,1.);
#10861 = DIRECTION('',(0.,1.));
#10862 = ( GEOMETRIC_REPRESENTATION_CONTEXT(2) 
PARAMETRIC_REPRESENTATION_CONTEXT() REPRESENTATION_CONTEXT('2D SPACE',''
  ) );
#10863 = ORIENTED_EDGE('',*,*,#9655,.T.);
#10864 = ORIENTED_EDGE('',*,*,#4930,.F.);
#10865 = ADVANCED_FACE('',(#10866),#4919,.F.);
#10866 = FACE_BOUND('',#10867,.F.);
#10867 = EDGE_LOOP('',(#10868,#10891,#10912,#10913));
#10868 = ORIENTED_EDGE('',*,*,#10869,.F.);
#10869 = EDGE_CURVE('',#10870,#4877,#10872,.T.);
#10870 = VERTEX_POINT('',#10871);
#10871 = CARTESIAN_POINT('',(126.,95.6,7.5));
#10872 = SURFACE_CURVE('',#10873,(#10877,#10884),.PCURVE_S1.);
#10873 = LINE('',#10874,#10875);
#10874 = CARTESIAN_POINT('',(126.,95.6,7.5));
#10875 = VECTOR('',#10876,1.);
#10876 = DIRECTION('',(0.,0.,1.));
#10877 = PCURVE('',#4919,#10878);
#10878 = DEFINITIONAL_REPRESENTATION('',(#10879),#10883);
#10879 = LINE('',#10880,#10881);
#10880 = CARTESIAN_POINT('',(0.,16.));
#10881 = VECTOR('',#10882,1.);
#10882 = DIRECTION('',(1.,0.));
#10883 = ( GEOMETRIC_REPRESENTATION_CONTEXT(2) 
PARAMETRIC_REPRESENTATION_CONTEXT() REPRESENTATION_CONTEXT('2D SPACE',''
  ) );
#10884 = PCURVE('',#4892,#10885);
#10885 = DEFINITIONAL_REPRESENTATION('',(#10886),#10890);
#10886 = LINE('',#10887,#10888);
#10887 = CARTESIAN_POINT('',(0.,0.));
#10888 = VECTOR('',#10889,1.);
#10889 = DIRECTION('',(1.,0.));
#10890 = ( GEOMETRIC_REPRESENTATION_CONTEXT(2) 
PARAMETRIC_REPRESENTATION_CONTEXT() REPRESENTATION_CONTEXT('2D SPACE',''
  ) );
#10891 = ORIENTED_EDGE('',*,*,#10892,.F.);
#10892 = EDGE_CURVE('',#10821,#10870,#10893,.T.);
#10893 = SURFACE_CURVE('',#10894,(#10898,#10905),.PCURVE_S1.);
#10894 = LINE('',#10895,#10896);
#10895 = CARTESIAN_POINT('',(110.,95.6,7.5));
#10896 = VECTOR('',#10897,1.);
#10897 = DIRECTION('',(1.,0.,-0.));
#10898 = PCURVE('',#4919,#10899);
#10899 = DEFINITIONAL_REPRESENTATION('',(#10900),#10904);
#10900 = LINE('',#10901,#10902);
#10901 = CARTESIAN_POINT('',(0.,0.));
#10902 = VECTOR('',#10903,1.);
#10903 = DIRECTION('',(0.,1.));
#10904 = ( GEOMETRIC_REPRESENTATION_CONTEXT(2) 
PARAMETRIC_REPRESENTATION_CONTEXT() REPRESENTATION_CONTEXT('2D SPACE',''
  ) );
#10905 = PCURVE('',#9644,#10906);
#10906 = DEFINITIONAL_REPRESENTATION('',(#10907),#10911);
#10907 = LINE('',#10908,#10909);
#10908 = CARTESIAN_POINT('',(0.,0.));
#10909 = VECTOR('',#10910,1.);
#10910 = DIRECTION('',(1.,0.));
#10911 = ( GEOMETRIC_REPRESENTATION_CONTEXT(2) 
PARAMETRIC_REPRESENTATION_CONTEXT() REPRESENTATION_CONTEXT('2D SPACE',''
  ) );
#10912 = ORIENTED_EDGE('',*,*,#10820,.T.);
#10913 = ORIENTED_EDGE('',*,*,#4903,.F.);
#10914 = ADVANCED_FACE('',(#10915),#4892,.T.);
#10915 = FACE_BOUND('',#10916,.T.);
#10916 = EDGE_LOOP('',(#10917,#10918,#10939,#10940));
#10917 = ORIENTED_EDGE('',*,*,#10869,.F.);
#10918 = ORIENTED_EDGE('',*,*,#10919,.T.);
#10919 = EDGE_CURVE('',#10870,#10622,#10920,.T.);
#10920 = SURFACE_CURVE('',#10921,(#10925,#10932),.PCURVE_S1.);
#10921 = LINE('',#10922,#10923);
#10922 = CARTESIAN_POINT('',(126.,95.6,7.5));
#10923 = VECTOR('',#10924,1.);
#10924 = DIRECTION('',(-0.,1.,0.));
#10925 = PCURVE('',#4892,#10926);
#10926 = DEFINITIONAL_REPRESENTATION('',(#10927),#10931);
#10927 = LINE('',#10928,#10929);
#10928 = CARTESIAN_POINT('',(0.,0.));
#10929 = VECTOR('',#10930,1.);
#10930 = DIRECTION('',(0.,-1.));
#10931 = ( GEOMETRIC_REPRESENTATION_CONTEXT(2) 
PARAMETRIC_REPRESENTATION_CONTEXT() REPRESENTATION_CONTEXT('2D SPACE',''
  ) );
#10932 = PCURVE('',#9644,#10933);
#10933 = DEFINITIONAL_REPRESENTATION('',(#10934),#10938);
#10934 = LINE('',#10935,#10936);
#10935 = CARTESIAN_POINT('',(16.,0.));
#10936 = VECTOR('',#10937,1.);
#10937 = DIRECTION('',(0.,1.));
#10938 = ( GEOMETRIC_REPRESENTATION_CONTEXT(2) 
PARAMETRIC_REPRESENTATION_CONTEXT() REPRESENTATION_CONTEXT('2D SPACE',''
  ) );
#10939 = ORIENTED_EDGE('',*,*,#10621,.T.);
#10940 = ORIENTED_EDGE('',*,*,#4876,.F.);
#10941 = ADVANCED_FACE('',(#10942),#4797,.T.);
#10942 = FACE_BOUND('',#10943,.T.);
#10943 = EDGE_LOOP('',(#10944,#10945,#10968,#10989));
#10944 = ORIENTED_EDGE('',*,*,#10496,.F.);
#10945 = ORIENTED_EDGE('',*,*,#10946,.T.);
#10946 = EDGE_CURVE('',#10497,#10947,#10949,.T.);
#10947 = VERTEX_POINT('',#10948);
#10948 = CARTESIAN_POINT('',(137.46,63.35,8.));
#10949 = SURFACE_CURVE('',#10950,(#10954,#10961),.PCURVE_S1.);
#10950 = LINE('',#10951,#10952);
#10951 = CARTESIAN_POINT('',(137.46,60.5,8.));
#10952 = VECTOR('',#10953,1.);
#10953 = DIRECTION('',(-0.,1.,0.));
#10954 = PCURVE('',#4797,#10955);
#10955 = DEFINITIONAL_REPRESENTATION('',(#10956),#10960);
#10956 = LINE('',#10957,#10958);
#10957 = CARTESIAN_POINT('',(0.,0.));
#10958 = VECTOR('',#10959,1.);
#10959 = DIRECTION('',(0.,-1.));
#10960 = ( GEOMETRIC_REPRESENTATION_CONTEXT(2) 
PARAMETRIC_REPRESENTATION_CONTEXT() REPRESENTATION_CONTEXT('2D SPACE',''
  ) );
#10961 = PCURVE('',#10532,#10962);
#10962 = DEFINITIONAL_REPRESENTATION('',(#10963),#10967);
#10963 = LINE('',#10964,#10965);
#10964 = CARTESIAN_POINT('',(1.45,0.));
#10965 = VECTOR('',#10966,1.);
#10966 = DIRECTION('',(0.,1.));
#10967 = ( GEOMETRIC_REPRESENTATION_CONTEXT(2) 
PARAMETRIC_REPRESENTATION_CONTEXT() REPRESENTATION_CONTEXT('2D SPACE',''
  ) );
#10968 = ORIENTED_EDGE('',*,*,#10969,.T.);
#10969 = EDGE_CURVE('',#10947,#4755,#10970,.T.);
#10970 = SURFACE_CURVE('',#10971,(#10975,#10982),.PCURVE_S1.);
#10971 = LINE('',#10972,#10973);
#10972 = CARTESIAN_POINT('',(137.46,63.35,8.));
#10973 = VECTOR('',#10974,1.);
#10974 = DIRECTION('',(0.,0.,1.));
#10975 = PCURVE('',#4797,#10976);
#10976 = DEFINITIONAL_REPRESENTATION('',(#10977),#10981);
#10977 = LINE('',#10978,#10979);
#10978 = CARTESIAN_POINT('',(0.,-2.85));
#10979 = VECTOR('',#10980,1.);
#10980 = DIRECTION('',(1.,0.));
#10981 = ( GEOMETRIC_REPRESENTATION_CONTEXT(2) 
PARAMETRIC_REPRESENTATION_CONTEXT() REPRESENTATION_CONTEXT('2D SPACE',''
  ) );
#10982 = PCURVE('',#4770,#10983);
#10983 = DEFINITIONAL_REPRESENTATION('',(#10984),#10988);
#10984 = LINE('',#10985,#10986);
#10985 = CARTESIAN_POINT('',(0.,1.45));
#10986 = VECTOR('',#10987,1.);
#10987 = DIRECTION('',(1.,0.));
#10988 = ( GEOMETRIC_REPRESENTATION_CONTEXT(2) 
PARAMETRIC_REPRESENTATION_CONTEXT() REPRESENTATION_CONTEXT('2D SPACE',''
  ) );
#10989 = ORIENTED_EDGE('',*,*,#4781,.F.);
#10990 = ADVANCED_FACE('',(#10991),#4770,.T.);
#10991 = FACE_BOUND('',#10992,.T.);
#10992 = EDGE_LOOP('',(#10993,#10994,#11017,#11038));
#10993 = ORIENTED_EDGE('',*,*,#10969,.F.);
#10994 = ORIENTED_EDGE('',*,*,#10995,.F.);
#10995 = EDGE_CURVE('',#10996,#10947,#10998,.T.);
#10996 = VERTEX_POINT('',#10997);
#10997 = CARTESIAN_POINT('',(136.01,63.35,8.));
#10998 = SURFACE_CURVE('',#10999,(#11003,#11010),.PCURVE_S1.);
#10999 = LINE('',#11000,#11001);
#11000 = CARTESIAN_POINT('',(136.01,63.35,8.));
#11001 = VECTOR('',#11002,1.);
#11002 = DIRECTION('',(1.,0.,-0.));
#11003 = PCURVE('',#4770,#11004);
#11004 = DEFINITIONAL_REPRESENTATION('',(#11005),#11009);
#11005 = LINE('',#11006,#11007);
#11006 = CARTESIAN_POINT('',(0.,0.));
#11007 = VECTOR('',#11008,1.);
#11008 = DIRECTION('',(0.,1.));
#11009 = ( GEOMETRIC_REPRESENTATION_CONTEXT(2) 
PARAMETRIC_REPRESENTATION_CONTEXT() REPRESENTATION_CONTEXT('2D SPACE',''
  ) );
#11010 = PCURVE('',#10532,#11011);
#11011 = DEFINITIONAL_REPRESENTATION('',(#11012),#11016);
#11012 = LINE('',#11013,#11014);
#11013 = CARTESIAN_POINT('',(0.,2.85));
#11014 = VECTOR('',#11015,1.);
#11015 = DIRECTION('',(1.,0.));
#11016 = ( GEOMETRIC_REPRESENTATION_CONTEXT(2) 
PARAMETRIC_REPRESENTATION_CONTEXT() REPRESENTATION_CONTEXT('2D SPACE',''
  ) );
#11017 = ORIENTED_EDGE('',*,*,#11018,.T.);
#11018 = EDGE_CURVE('',#10996,#4728,#11019,.T.);
#11019 = SURFACE_CURVE('',#11020,(#11024,#11031),.PCURVE_S1.);
#11020 = LINE('',#11021,#11022);
#11021 = CARTESIAN_POINT('',(136.01,63.35,8.));
#11022 = VECTOR('',#11023,1.);
#11023 = DIRECTION('',(0.,0.,1.));
#11024 = PCURVE('',#4770,#11025);
#11025 = DEFINITIONAL_REPRESENTATION('',(#11026),#11030);
#11026 = LINE('',#11027,#11028);
#11027 = CARTESIAN_POINT('',(0.,0.));
#11028 = VECTOR('',#11029,1.);
#11029 = DIRECTION('',(1.,0.));
#11030 = ( GEOMETRIC_REPRESENTATION_CONTEXT(2) 
PARAMETRIC_REPRESENTATION_CONTEXT() REPRESENTATION_CONTEXT('2D SPACE',''
  ) );
#11031 = PCURVE('',#4743,#11032);
#11032 = DEFINITIONAL_REPRESENTATION('',(#11033),#11037);
#11033 = LINE('',#11034,#11035);
#11034 = CARTESIAN_POINT('',(0.,-2.85));
#11035 = VECTOR('',#11036,1.);
#11036 = DIRECTION('',(1.,0.));
#11037 = ( GEOMETRIC_REPRESENTATION_CONTEXT(2) 
PARAMETRIC_REPRESENTATION_CONTEXT() REPRESENTATION_CONTEXT('2D SPACE',''
  ) );
#11038 = ORIENTED_EDGE('',*,*,#4754,.F.);
#11039 = ADVANCED_FACE('',(#11040),#4743,.F.);
#11040 = FACE_BOUND('',#11041,.F.);
#11041 = EDGE_LOOP('',(#11042,#11065,#11086,#11087));
#11042 = ORIENTED_EDGE('',*,*,#11043,.F.);
#11043 = EDGE_CURVE('',#11044,#4701,#11046,.T.);
#11044 = VERTEX_POINT('',#11045);
#11045 = CARTESIAN_POINT('',(136.01,60.5,8.));
#11046 = SURFACE_CURVE('',#11047,(#11051,#11058),.PCURVE_S1.);
#11047 = LINE('',#11048,#11049);
#11048 = CARTESIAN_POINT('',(136.01,60.5,8.));
#11049 = VECTOR('',#11050,1.);
#11050 = DIRECTION('',(0.,0.,1.));
#11051 = PCURVE('',#4743,#11052);
#11052 = DEFINITIONAL_REPRESENTATION('',(#11053),#11057);
#11053 = LINE('',#11054,#11055);
#11054 = CARTESIAN_POINT('',(0.,0.));
#11055 = VECTOR('',#11056,1.);
#11056 = DIRECTION('',(1.,0.));
#11057 = ( GEOMETRIC_REPRESENTATION_CONTEXT(2) 
PARAMETRIC_REPRESENTATION_CONTEXT() REPRESENTATION_CONTEXT('2D SPACE',''
  ) );
#11058 = PCURVE('',#4716,#11059);
#11059 = DEFINITIONAL_REPRESENTATION('',(#11060),#11064);
#11060 = LINE('',#11061,#11062);
#11061 = CARTESIAN_POINT('',(0.,0.));
#11062 = VECTOR('',#11063,1.);
#11063 = DIRECTION('',(1.,0.));
#11064 = ( GEOMETRIC_REPRESENTATION_CONTEXT(2) 
PARAMETRIC_REPRESENTATION_CONTEXT() REPRESENTATION_CONTEXT('2D SPACE',''
  ) );
#11065 = ORIENTED_EDGE('',*,*,#11066,.T.);
#11066 = EDGE_CURVE('',#11044,#10996,#11067,.T.);
#11067 = SURFACE_CURVE('',#11068,(#11072,#11079),.PCURVE_S1.);
#11068 = LINE('',#11069,#11070);
#11069 = CARTESIAN_POINT('',(136.01,60.5,8.));
#11070 = VECTOR('',#11071,1.);
#11071 = DIRECTION('',(-0.,1.,0.));
#11072 = PCURVE('',#4743,#11073);
#11073 = DEFINITIONAL_REPRESENTATION('',(#11074),#11078);
#11074 = LINE('',#11075,#11076);
#11075 = CARTESIAN_POINT('',(0.,0.));
#11076 = VECTOR('',#11077,1.);
#11077 = DIRECTION('',(0.,-1.));
#11078 = ( GEOMETRIC_REPRESENTATION_CONTEXT(2) 
PARAMETRIC_REPRESENTATION_CONTEXT() REPRESENTATION_CONTEXT('2D SPACE',''
  ) );
#11079 = PCURVE('',#10532,#11080);
#11080 = DEFINITIONAL_REPRESENTATION('',(#11081),#11085);
#11081 = LINE('',#11082,#11083);
#11082 = CARTESIAN_POINT('',(0.,0.));
#11083 = VECTOR('',#11084,1.);
#11084 = DIRECTION('',(0.,1.));
#11085 = ( GEOMETRIC_REPRESENTATION_CONTEXT(2) 
PARAMETRIC_REPRESENTATION_CONTEXT() REPRESENTATION_CONTEXT('2D SPACE',''
  ) );
#11086 = ORIENTED_EDGE('',*,*,#11018,.T.);
#11087 = ORIENTED_EDGE('',*,*,#4727,.F.);
#11088 = ADVANCED_FACE('',(#11089),#4716,.F.);
#11089 = FACE_BOUND('',#11090,.F.);
#11090 = EDGE_LOOP('',(#11091,#11112,#11133,#11134));
#11091 = ORIENTED_EDGE('',*,*,#11092,.T.);
#11092 = EDGE_CURVE('',#4674,#11093,#11095,.T.);
#11093 = VERTEX_POINT('',#11094);
#11094 = CARTESIAN_POINT('',(137.45,60.5,8.));
#11095 = SURFACE_CURVE('',#11096,(#11100,#11106),.PCURVE_S1.);
#11096 = LINE('',#11097,#11098);
#11097 = CARTESIAN_POINT('',(137.45,60.5,3.5));
#11098 = VECTOR('',#11099,1.);
#11099 = DIRECTION('',(-0.,0.,-1.));
#11100 = PCURVE('',#4716,#11101);
#11101 = DEFINITIONAL_REPRESENTATION('',(#11102),#11105);
#11102 = B_SPLINE_CURVE_WITH_KNOTS('',1,(#11103,#11104),.UNSPECIFIED.,
  .F.,.F.,(2,2),(-20.9,-4.5),.PIECEWISE_BEZIER_KNOTS.);
#11103 = CARTESIAN_POINT('',(16.4,1.44));
#11104 = CARTESIAN_POINT('',(0.,1.44));
#11105 = ( GEOMETRIC_REPRESENTATION_CONTEXT(2) 
PARAMETRIC_REPRESENTATION_CONTEXT() REPRESENTATION_CONTEXT('2D SPACE',''
  ) );
#11106 = PCURVE('',#4689,#11107);
#11107 = DEFINITIONAL_REPRESENTATION('',(#11108),#11111);
#11108 = B_SPLINE_CURVE_WITH_KNOTS('',1,(#11109,#11110),.UNSPECIFIED.,
  .F.,.F.,(2,2),(-20.9,-4.5),.PIECEWISE_BEZIER_KNOTS.);
#11109 = CARTESIAN_POINT('',(25.4,-59.5));
#11110 = CARTESIAN_POINT('',(9.,-59.5));
#11111 = ( GEOMETRIC_REPRESENTATION_CONTEXT(2) 
PARAMETRIC_REPRESENTATION_CONTEXT() REPRESENTATION_CONTEXT('2D SPACE',''
  ) );
#11112 = ORIENTED_EDGE('',*,*,#11113,.F.);
#11113 = EDGE_CURVE('',#11044,#11093,#11114,.T.);
#11114 = SURFACE_CURVE('',#11115,(#11119,#11126),.PCURVE_S1.);
#11115 = LINE('',#11116,#11117);
#11116 = CARTESIAN_POINT('',(136.01,60.5,8.));
#11117 = VECTOR('',#11118,1.);
#11118 = DIRECTION('',(1.,0.,-0.));
#11119 = PCURVE('',#4716,#11120);
#11120 = DEFINITIONAL_REPRESENTATION('',(#11121),#11125);
#11121 = LINE('',#11122,#11123);
#11122 = CARTESIAN_POINT('',(0.,0.));
#11123 = VECTOR('',#11124,1.);
#11124 = DIRECTION('',(0.,1.));
#11125 = ( GEOMETRIC_REPRESENTATION_CONTEXT(2) 
PARAMETRIC_REPRESENTATION_CONTEXT() REPRESENTATION_CONTEXT('2D SPACE',''
  ) );
#11126 = PCURVE('',#10532,#11127);
#11127 = DEFINITIONAL_REPRESENTATION('',(#11128),#11132);
#11128 = LINE('',#11129,#11130);
#11129 = CARTESIAN_POINT('',(0.,0.));
#11130 = VECTOR('',#11131,1.);
#11131 = DIRECTION('',(1.,0.));
#11132 = ( GEOMETRIC_REPRESENTATION_CONTEXT(2) 
PARAMETRIC_REPRESENTATION_CONTEXT() REPRESENTATION_CONTEXT('2D SPACE',''
  ) );
#11133 = ORIENTED_EDGE('',*,*,#11043,.T.);
#11134 = ORIENTED_EDGE('',*,*,#4700,.F.);
#11135 = ADVANCED_FACE('',(#11136),#4689,.T.);
#11136 = FACE_BOUND('',#11137,.T.);
#11137 = EDGE_LOOP('',(#11138,#11161,#11162,#11181,#11182,#11183,#11202,
    #11203));
#11138 = ORIENTED_EDGE('',*,*,#11139,.F.);
#11139 = EDGE_CURVE('',#8730,#11140,#11142,.T.);
#11140 = VERTEX_POINT('',#11141);
#11141 = CARTESIAN_POINT('',(137.45,1.,25.8));
#11142 = SURFACE_CURVE('',#11143,(#11147,#11154),.PCURVE_S1.);
#11143 = LINE('',#11144,#11145);
#11144 = CARTESIAN_POINT('',(137.45,1.,-1.));
#11145 = VECTOR('',#11146,1.);
#11146 = DIRECTION('',(0.,0.,1.));
#11147 = PCURVE('',#4689,#11148);
#11148 = DEFINITIONAL_REPRESENTATION('',(#11149),#11153);
#11149 = LINE('',#11150,#11151);
#11150 = CARTESIAN_POINT('',(0.,0.));
#11151 = VECTOR('',#11152,1.);
#11152 = DIRECTION('',(1.,0.));
#11153 = ( GEOMETRIC_REPRESENTATION_CONTEXT(2) 
PARAMETRIC_REPRESENTATION_CONTEXT() REPRESENTATION_CONTEXT('2D SPACE',''
  ) );
#11154 = PCURVE('',#8744,#11155);
#11155 = DEFINITIONAL_REPRESENTATION('',(#11156),#11160);
#11156 = LINE('',#11157,#11158);
#11157 = CARTESIAN_POINT('',(0.,0.));
#11158 = VECTOR('',#11159,1.);
#11159 = DIRECTION('',(1.,0.));
#11160 = ( GEOMETRIC_REPRESENTATION_CONTEXT(2) 
PARAMETRIC_REPRESENTATION_CONTEXT() REPRESENTATION_CONTEXT('2D SPACE',''
  ) );
#11161 = ORIENTED_EDGE('',*,*,#8755,.T.);
#11162 = ORIENTED_EDGE('',*,*,#11163,.F.);
#11163 = EDGE_CURVE('',#4646,#8756,#11164,.T.);
#11164 = SURFACE_CURVE('',#11165,(#11169,#11175),.PCURVE_S1.);
#11165 = LINE('',#11166,#11167);
#11166 = CARTESIAN_POINT('',(137.45,2.4,-1.));
#11167 = VECTOR('',#11168,1.);
#11168 = DIRECTION('',(-0.,0.,-1.));
#11169 = PCURVE('',#4689,#11170);
#11170 = DEFINITIONAL_REPRESENTATION('',(#11171),#11174);
#11171 = B_SPLINE_CURVE_WITH_KNOTS('',1,(#11172,#11173),.UNSPECIFIED.,
  .F.,.F.,(2,2),(-25.4,-1.),.PIECEWISE_BEZIER_KNOTS.);
#11172 = CARTESIAN_POINT('',(25.4,-1.4));
#11173 = CARTESIAN_POINT('',(1.,-1.4));
#11174 = ( GEOMETRIC_REPRESENTATION_CONTEXT(2) 
PARAMETRIC_REPRESENTATION_CONTEXT() REPRESENTATION_CONTEXT('2D SPACE',''
  ) );
#11175 = PCURVE('',#4661,#11176);
#11176 = DEFINITIONAL_REPRESENTATION('',(#11177),#11180);
#11177 = B_SPLINE_CURVE_WITH_KNOTS('',1,(#11178,#11179),.UNSPECIFIED.,
  .F.,.F.,(2,2),(-25.4,-1.),.PIECEWISE_BEZIER_KNOTS.);
#11178 = CARTESIAN_POINT('',(25.4,-0.14));
#11179 = CARTESIAN_POINT('',(1.,-0.14));
#11180 = ( GEOMETRIC_REPRESENTATION_CONTEXT(2) 
PARAMETRIC_REPRESENTATION_CONTEXT() REPRESENTATION_CONTEXT('2D SPACE',''
  ) );
#11181 = ORIENTED_EDGE('',*,*,#4673,.T.);
#11182 = ORIENTED_EDGE('',*,*,#11092,.T.);
#11183 = ORIENTED_EDGE('',*,*,#11184,.T.);
#11184 = EDGE_CURVE('',#11093,#10518,#11185,.T.);
#11185 = SURFACE_CURVE('',#11186,(#11190,#11196),.PCURVE_S1.);
#11186 = LINE('',#11187,#11188);
#11187 = CARTESIAN_POINT('',(137.45,30.75,8.));
#11188 = VECTOR('',#11189,1.);
#11189 = DIRECTION('',(-0.,1.,0.));
#11190 = PCURVE('',#4689,#11191);
#11191 = DEFINITIONAL_REPRESENTATION('',(#11192),#11195);
#11192 = B_SPLINE_CURVE_WITH_KNOTS('',1,(#11193,#11194),.UNSPECIFIED.,
  .F.,.F.,(2,2),(29.75,31.15),.PIECEWISE_BEZIER_KNOTS.);
#11193 = CARTESIAN_POINT('',(9.,-59.5));
#11194 = CARTESIAN_POINT('',(9.,-60.9));
#11195 = ( GEOMETRIC_REPRESENTATION_CONTEXT(2) 
PARAMETRIC_REPRESENTATION_CONTEXT() REPRESENTATION_CONTEXT('2D SPACE',''
  ) );
#11196 = PCURVE('',#10532,#11197);
#11197 = DEFINITIONAL_REPRESENTATION('',(#11198),#11201);
#11198 = B_SPLINE_CURVE_WITH_KNOTS('',1,(#11199,#11200),.UNSPECIFIED.,
  .F.,.F.,(2,2),(29.75,31.15),.PIECEWISE_BEZIER_KNOTS.);
#11199 = CARTESIAN_POINT('',(1.44,0.));
#11200 = CARTESIAN_POINT('',(1.44,1.4));
#11201 = ( GEOMETRIC_REPRESENTATION_CONTEXT(2) 
PARAMETRIC_REPRESENTATION_CONTEXT() REPRESENTATION_CONTEXT('2D SPACE',''
  ) );
#11202 = ORIENTED_EDGE('',*,*,#10543,.T.);
#11203 = ORIENTED_EDGE('',*,*,#11204,.F.);
#11204 = EDGE_CURVE('',#11140,#10544,#11205,.T.);
#11205 = SURFACE_CURVE('',#11206,(#11210,#11217),.PCURVE_S1.);
#11206 = LINE('',#11207,#11208);
#11207 = CARTESIAN_POINT('',(137.45,1.,25.8));
#11208 = VECTOR('',#11209,1.);
#11209 = DIRECTION('',(-0.,1.,0.));
#11210 = PCURVE('',#4689,#11211);
#11211 = DEFINITIONAL_REPRESENTATION('',(#11212),#11216);
#11212 = LINE('',#11213,#11214);
#11213 = CARTESIAN_POINT('',(26.8,0.));
#11214 = VECTOR('',#11215,1.);
#11215 = DIRECTION('',(0.,-1.));
#11216 = ( GEOMETRIC_REPRESENTATION_CONTEXT(2) 
PARAMETRIC_REPRESENTATION_CONTEXT() REPRESENTATION_CONTEXT('2D SPACE',''
  ) );
#11217 = PCURVE('',#10459,#11218);
#11218 = DEFINITIONAL_REPRESENTATION('',(#11219),#11223);
#11219 = LINE('',#11220,#11221);
#11220 = CARTESIAN_POINT('',(0.,0.));
#11221 = VECTOR('',#11222,1.);
#11222 = DIRECTION('',(0.,1.));
#11223 = ( GEOMETRIC_REPRESENTATION_CONTEXT(2) 
PARAMETRIC_REPRESENTATION_CONTEXT() REPRESENTATION_CONTEXT('2D SPACE',''
  ) );
#11224 = ADVANCED_FACE('',(#11225),#4661,.T.);
#11225 = FACE_BOUND('',#11226,.T.);
#11226 = EDGE_LOOP('',(#11227,#11228,#11229,#11230));
#11227 = ORIENTED_EDGE('',*,*,#4645,.F.);
#11228 = ORIENTED_EDGE('',*,*,#11163,.T.);
#11229 = ORIENTED_EDGE('',*,*,#8776,.F.);
#11230 = ORIENTED_EDGE('',*,*,#8439,.F.);
#11231 = ADVANCED_FACE('',(#11232),#4612,.F.);
#11232 = FACE_BOUND('',#11233,.F.);
#11233 = EDGE_LOOP('',(#11234,#11257,#11278,#11279));
#11234 = ORIENTED_EDGE('',*,*,#11235,.F.);
#11235 = EDGE_CURVE('',#11236,#4570,#11238,.T.);
#11236 = VERTEX_POINT('',#11237);
#11237 = CARTESIAN_POINT('',(116.85,2.54,8.));
#11238 = SURFACE_CURVE('',#11239,(#11243,#11250),.PCURVE_S1.);
#11239 = LINE('',#11240,#11241);
#11240 = CARTESIAN_POINT('',(116.85,2.54,8.));
#11241 = VECTOR('',#11242,1.);
#11242 = DIRECTION('',(0.,0.,1.));
#11243 = PCURVE('',#4612,#11244);
#11244 = DEFINITIONAL_REPRESENTATION('',(#11245),#11249);
#11245 = LINE('',#11246,#11247);
#11246 = CARTESIAN_POINT('',(0.,2.85));
#11247 = VECTOR('',#11248,1.);
#11248 = DIRECTION('',(1.,0.));
#11249 = ( GEOMETRIC_REPRESENTATION_CONTEXT(2) 
PARAMETRIC_REPRESENTATION_CONTEXT() REPRESENTATION_CONTEXT('2D SPACE',''
  ) );
#11250 = PCURVE('',#4585,#11251);
#11251 = DEFINITIONAL_REPRESENTATION('',(#11252),#11256);
#11252 = LINE('',#11253,#11254);
#11253 = CARTESIAN_POINT('',(0.,0.));
#11254 = VECTOR('',#11255,1.);
#11255 = DIRECTION('',(1.,0.));
#11256 = ( GEOMETRIC_REPRESENTATION_CONTEXT(2) 
PARAMETRIC_REPRESENTATION_CONTEXT() REPRESENTATION_CONTEXT('2D SPACE',''
  ) );
#11257 = ORIENTED_EDGE('',*,*,#11258,.F.);
#11258 = EDGE_CURVE('',#8461,#11236,#11259,.T.);
#11259 = SURFACE_CURVE('',#11260,(#11264,#11271),.PCURVE_S1.);
#11260 = LINE('',#11261,#11262);
#11261 = CARTESIAN_POINT('',(114.,2.54,8.));
#11262 = VECTOR('',#11263,1.);
#11263 = DIRECTION('',(1.,0.,-0.));
#11264 = PCURVE('',#4612,#11265);
#11265 = DEFINITIONAL_REPRESENTATION('',(#11266),#11270);
#11266 = LINE('',#11267,#11268);
#11267 = CARTESIAN_POINT('',(0.,0.));
#11268 = VECTOR('',#11269,1.);
#11269 = DIRECTION('',(0.,1.));
#11270 = ( GEOMETRIC_REPRESENTATION_CONTEXT(2) 
PARAMETRIC_REPRESENTATION_CONTEXT() REPRESENTATION_CONTEXT('2D SPACE',''
  ) );
#11271 = PCURVE('',#8219,#11272);
#11272 = DEFINITIONAL_REPRESENTATION('',(#11273),#11277);
#11273 = LINE('',#11274,#11275);
#11274 = CARTESIAN_POINT('',(0.,0.));
#11275 = VECTOR('',#11276,1.);
#11276 = DIRECTION('',(1.,0.));
#11277 = ( GEOMETRIC_REPRESENTATION_CONTEXT(2) 
PARAMETRIC_REPRESENTATION_CONTEXT() REPRESENTATION_CONTEXT('2D SPACE',''
  ) );
#11278 = ORIENTED_EDGE('',*,*,#8460,.F.);
#11279 = ORIENTED_EDGE('',*,*,#4596,.F.);
#11280 = ADVANCED_FACE('',(#11281),#4585,.T.);
#11281 = FACE_BOUND('',#11282,.T.);
#11282 = EDGE_LOOP('',(#11283,#11284,#11307,#11328));
#11283 = ORIENTED_EDGE('',*,*,#11235,.F.);
#11284 = ORIENTED_EDGE('',*,*,#11285,.T.);
#11285 = EDGE_CURVE('',#11236,#11286,#11288,.T.);
#11286 = VERTEX_POINT('',#11287);
#11287 = CARTESIAN_POINT('',(116.85,3.99,8.));
#11288 = SURFACE_CURVE('',#11289,(#11293,#11300),.PCURVE_S1.);
#11289 = LINE('',#11290,#11291);
#11290 = CARTESIAN_POINT('',(116.85,2.54,8.));
#11291 = VECTOR('',#11292,1.);
#11292 = DIRECTION('',(-0.,1.,0.));
#11293 = PCURVE('',#4585,#11294);
#11294 = DEFINITIONAL_REPRESENTATION('',(#11295),#11299);
#11295 = LINE('',#11296,#11297);
#11296 = CARTESIAN_POINT('',(0.,0.));
#11297 = VECTOR('',#11298,1.);
#11298 = DIRECTION('',(0.,-1.));
#11299 = ( GEOMETRIC_REPRESENTATION_CONTEXT(2) 
PARAMETRIC_REPRESENTATION_CONTEXT() REPRESENTATION_CONTEXT('2D SPACE',''
  ) );
#11300 = PCURVE('',#8219,#11301);
#11301 = DEFINITIONAL_REPRESENTATION('',(#11302),#11306);
#11302 = LINE('',#11303,#11304);
#11303 = CARTESIAN_POINT('',(2.85,0.));
#11304 = VECTOR('',#11305,1.);
#11305 = DIRECTION('',(0.,1.));
#11306 = ( GEOMETRIC_REPRESENTATION_CONTEXT(2) 
PARAMETRIC_REPRESENTATION_CONTEXT() REPRESENTATION_CONTEXT('2D SPACE',''
  ) );
#11307 = ORIENTED_EDGE('',*,*,#11308,.T.);
#11308 = EDGE_CURVE('',#11286,#4543,#11309,.T.);
#11309 = SURFACE_CURVE('',#11310,(#11314,#11321),.PCURVE_S1.);
#11310 = LINE('',#11311,#11312);
#11311 = CARTESIAN_POINT('',(116.85,3.99,8.));
#11312 = VECTOR('',#11313,1.);
#11313 = DIRECTION('',(0.,0.,1.));
#11314 = PCURVE('',#4585,#11315);
#11315 = DEFINITIONAL_REPRESENTATION('',(#11316),#11320);
#11316 = LINE('',#11317,#11318);
#11317 = CARTESIAN_POINT('',(0.,-1.45));
#11318 = VECTOR('',#11319,1.);
#11319 = DIRECTION('',(1.,0.));
#11320 = ( GEOMETRIC_REPRESENTATION_CONTEXT(2) 
PARAMETRIC_REPRESENTATION_CONTEXT() REPRESENTATION_CONTEXT('2D SPACE',''
  ) );
#11321 = PCURVE('',#4558,#11322);
#11322 = DEFINITIONAL_REPRESENTATION('',(#11323),#11327);
#11323 = LINE('',#11324,#11325);
#11324 = CARTESIAN_POINT('',(0.,2.85));
#11325 = VECTOR('',#11326,1.);
#11326 = DIRECTION('',(1.,0.));
#11327 = ( GEOMETRIC_REPRESENTATION_CONTEXT(2) 
PARAMETRIC_REPRESENTATION_CONTEXT() REPRESENTATION_CONTEXT('2D SPACE',''
  ) );
#11328 = ORIENTED_EDGE('',*,*,#4569,.F.);
#11329 = ADVANCED_FACE('',(#11330),#4558,.T.);
#11330 = FACE_BOUND('',#11331,.T.);
#11331 = EDGE_LOOP('',(#11332,#11333,#11356,#11377));
#11332 = ORIENTED_EDGE('',*,*,#11308,.F.);
#11333 = ORIENTED_EDGE('',*,*,#11334,.F.);
#11334 = EDGE_CURVE('',#11335,#11286,#11337,.T.);
#11335 = VERTEX_POINT('',#11336);
#11336 = CARTESIAN_POINT('',(114.,3.99,8.));
#11337 = SURFACE_CURVE('',#11338,(#11342,#11349),.PCURVE_S1.);
#11338 = LINE('',#11339,#11340);
#11339 = CARTESIAN_POINT('',(114.,3.99,8.));
#11340 = VECTOR('',#11341,1.);
#11341 = DIRECTION('',(1.,0.,-0.));
#11342 = PCURVE('',#4558,#11343);
#11343 = DEFINITIONAL_REPRESENTATION('',(#11344),#11348);
#11344 = LINE('',#11345,#11346);
#11345 = CARTESIAN_POINT('',(0.,0.));
#11346 = VECTOR('',#11347,1.);
#11347 = DIRECTION('',(0.,1.));
#11348 = ( GEOMETRIC_REPRESENTATION_CONTEXT(2) 
PARAMETRIC_REPRESENTATION_CONTEXT() REPRESENTATION_CONTEXT('2D SPACE',''
  ) );
#11349 = PCURVE('',#8219,#11350);
#11350 = DEFINITIONAL_REPRESENTATION('',(#11351),#11355);
#11351 = LINE('',#11352,#11353);
#11352 = CARTESIAN_POINT('',(0.,1.45));
#11353 = VECTOR('',#11354,1.);
#11354 = DIRECTION('',(1.,0.));
#11355 = ( GEOMETRIC_REPRESENTATION_CONTEXT(2) 
PARAMETRIC_REPRESENTATION_CONTEXT() REPRESENTATION_CONTEXT('2D SPACE',''
  ) );
#11356 = ORIENTED_EDGE('',*,*,#11357,.T.);
#11357 = EDGE_CURVE('',#11335,#4516,#11358,.T.);
#11358 = SURFACE_CURVE('',#11359,(#11363,#11370),.PCURVE_S1.);
#11359 = LINE('',#11360,#11361);
#11360 = CARTESIAN_POINT('',(114.,3.99,8.));
#11361 = VECTOR('',#11362,1.);
#11362 = DIRECTION('',(0.,0.,1.));
#11363 = PCURVE('',#4558,#11364);
#11364 = DEFINITIONAL_REPRESENTATION('',(#11365),#11369);
#11365 = LINE('',#11366,#11367);
#11366 = CARTESIAN_POINT('',(0.,0.));
#11367 = VECTOR('',#11368,1.);
#11368 = DIRECTION('',(1.,0.));
#11369 = ( GEOMETRIC_REPRESENTATION_CONTEXT(2) 
PARAMETRIC_REPRESENTATION_CONTEXT() REPRESENTATION_CONTEXT('2D SPACE',''
  ) );
#11370 = PCURVE('',#4531,#11371);
#11371 = DEFINITIONAL_REPRESENTATION('',(#11372),#11376);
#11372 = LINE('',#11373,#11374);
#11373 = CARTESIAN_POINT('',(0.,-1.45));
#11374 = VECTOR('',#11375,1.);
#11375 = DIRECTION('',(1.,0.));
#11376 = ( GEOMETRIC_REPRESENTATION_CONTEXT(2) 
PARAMETRIC_REPRESENTATION_CONTEXT() REPRESENTATION_CONTEXT('2D SPACE',''
  ) );
#11377 = ORIENTED_EDGE('',*,*,#4542,.F.);
#11378 = ADVANCED_FACE('',(#11379),#4531,.F.);
#11379 = FACE_BOUND('',#11380,.F.);
#11380 = EDGE_LOOP('',(#11381,#11382,#11403,#11404));
#11381 = ORIENTED_EDGE('',*,*,#8230,.F.);
#11382 = ORIENTED_EDGE('',*,*,#11383,.T.);
#11383 = EDGE_CURVE('',#8205,#11335,#11384,.T.);
#11384 = SURFACE_CURVE('',#11385,(#11389,#11396),.PCURVE_S1.);
#11385 = LINE('',#11386,#11387);
#11386 = CARTESIAN_POINT('',(114.,2.54,8.));
#11387 = VECTOR('',#11388,1.);
#11388 = DIRECTION('',(-0.,1.,0.));
#11389 = PCURVE('',#4531,#11390);
#11390 = DEFINITIONAL_REPRESENTATION('',(#11391),#11395);
#11391 = LINE('',#11392,#11393);
#11392 = CARTESIAN_POINT('',(0.,0.));
#11393 = VECTOR('',#11394,1.);
#11394 = DIRECTION('',(0.,-1.));
#11395 = ( GEOMETRIC_REPRESENTATION_CONTEXT(2) 
PARAMETRIC_REPRESENTATION_CONTEXT() REPRESENTATION_CONTEXT('2D SPACE',''
  ) );
#11396 = PCURVE('',#8219,#11397);
#11397 = DEFINITIONAL_REPRESENTATION('',(#11398),#11402);
#11398 = LINE('',#11399,#11400);
#11399 = CARTESIAN_POINT('',(0.,0.));
#11400 = VECTOR('',#11401,1.);
#11401 = DIRECTION('',(0.,1.));
#11402 = ( GEOMETRIC_REPRESENTATION_CONTEXT(2) 
PARAMETRIC_REPRESENTATION_CONTEXT() REPRESENTATION_CONTEXT('2D SPACE',''
  ) );
#11403 = ORIENTED_EDGE('',*,*,#11357,.T.);
#11404 = ORIENTED_EDGE('',*,*,#4515,.F.);
#11405 = ADVANCED_FACE('',(#11406),#4482,.T.);
#11406 = FACE_BOUND('',#11407,.T.);
#11407 = EDGE_LOOP('',(#11408,#11409,#11410,#11431));
#11408 = ORIENTED_EDGE('',*,*,#8250,.F.);
#11409 = ORIENTED_EDGE('',*,*,#8366,.T.);
#11410 = ORIENTED_EDGE('',*,*,#11411,.T.);
#11411 = EDGE_CURVE('',#8298,#4440,#11412,.T.);
#11412 = SURFACE_CURVE('',#11413,(#11417,#11424),.PCURVE_S1.);
#11413 = LINE('',#11414,#11415);
#11414 = CARTESIAN_POINT('',(48.5,3.99,8.));
#11415 = VECTOR('',#11416,1.);
#11416 = DIRECTION('',(0.,0.,1.));
#11417 = PCURVE('',#4482,#11418);
#11418 = DEFINITIONAL_REPRESENTATION('',(#11419),#11423);
#11419 = LINE('',#11420,#11421);
#11420 = CARTESIAN_POINT('',(0.,-1.45));
#11421 = VECTOR('',#11422,1.);
#11422 = DIRECTION('',(1.,0.));
#11423 = ( GEOMETRIC_REPRESENTATION_CONTEXT(2) 
PARAMETRIC_REPRESENTATION_CONTEXT() REPRESENTATION_CONTEXT('2D SPACE',''
  ) );
#11424 = PCURVE('',#4455,#11425);
#11425 = DEFINITIONAL_REPRESENTATION('',(#11426),#11430);
#11426 = LINE('',#11427,#11428);
#11427 = CARTESIAN_POINT('',(0.,2.85));
#11428 = VECTOR('',#11429,1.);
#11429 = DIRECTION('',(1.,0.));
#11430 = ( GEOMETRIC_REPRESENTATION_CONTEXT(2) 
PARAMETRIC_REPRESENTATION_CONTEXT() REPRESENTATION_CONTEXT('2D SPACE',''
  ) );
#11431 = ORIENTED_EDGE('',*,*,#4466,.F.);
#11432 = ADVANCED_FACE('',(#11433),#4455,.T.);
#11433 = FACE_BOUND('',#11434,.T.);
#11434 = EDGE_LOOP('',(#11435,#11436,#11437,#11458));
#11435 = ORIENTED_EDGE('',*,*,#11411,.F.);
#11436 = ORIENTED_EDGE('',*,*,#8295,.F.);
#11437 = ORIENTED_EDGE('',*,*,#11438,.T.);
#11438 = EDGE_CURVE('',#8296,#4413,#11439,.T.);
#11439 = SURFACE_CURVE('',#11440,(#11444,#11451),.PCURVE_S1.);
#11440 = LINE('',#11441,#11442);
#11441 = CARTESIAN_POINT('',(45.65,3.99,8.));
#11442 = VECTOR('',#11443,1.);
#11443 = DIRECTION('',(0.,0.,1.));
#11444 = PCURVE('',#4455,#11445);
#11445 = DEFINITIONAL_REPRESENTATION('',(#11446),#11450);
#11446 = LINE('',#11447,#11448);
#11447 = CARTESIAN_POINT('',(0.,0.));
#11448 = VECTOR('',#11449,1.);
#11449 = DIRECTION('',(1.,0.));
#11450 = ( GEOMETRIC_REPRESENTATION_CONTEXT(2) 
PARAMETRIC_REPRESENTATION_CONTEXT() REPRESENTATION_CONTEXT('2D SPACE',''
  ) );
#11451 = PCURVE('',#4428,#11452);
#11452 = DEFINITIONAL_REPRESENTATION('',(#11453),#11457);
#11453 = LINE('',#11454,#11455);
#11454 = CARTESIAN_POINT('',(0.,-1.45));
#11455 = VECTOR('',#11456,1.);
#11456 = DIRECTION('',(1.,0.));
#11457 = ( GEOMETRIC_REPRESENTATION_CONTEXT(2) 
PARAMETRIC_REPRESENTATION_CONTEXT() REPRESENTATION_CONTEXT('2D SPACE',''
  ) );
#11458 = ORIENTED_EDGE('',*,*,#4439,.F.);
#11459 = ADVANCED_FACE('',(#11460),#4428,.F.);
#11460 = FACE_BOUND('',#11461,.F.);
#11461 = EDGE_LOOP('',(#11462,#11463,#11464,#11465));
#11462 = ORIENTED_EDGE('',*,*,#8392,.F.);
#11463 = ORIENTED_EDGE('',*,*,#8320,.T.);
#11464 = ORIENTED_EDGE('',*,*,#11438,.T.);
#11465 = ORIENTED_EDGE('',*,*,#4412,.F.);
#11466 = ADVANCED_FACE('',(#11467),#4354,.T.);
#11467 = FACE_BOUND('',#11468,.T.);
#11468 = EDGE_LOOP('',(#11469,#11470,#11471,#11490));
#11469 = ORIENTED_EDGE('',*,*,#6293,.F.);
#11470 = ORIENTED_EDGE('',*,*,#6342,.F.);
#11471 = ORIENTED_EDGE('',*,*,#11472,.T.);
#11472 = EDGE_CURVE('',#6343,#4315,#11473,.T.);
#11473 = SURFACE_CURVE('',#11474,(#11478,#11484),.PCURVE_S1.);
#11474 = LINE('',#11475,#11476);
#11475 = CARTESIAN_POINT('',(6.2,82.211145618,3.));
#11476 = VECTOR('',#11477,1.);
#11477 = DIRECTION('',(0.,0.,1.));
#11478 = PCURVE('',#4354,#11479);
#11479 = DEFINITIONAL_REPRESENTATION('',(#11480),#11483);
#11480 = B_SPLINE_CURVE_WITH_KNOTS('',1,(#11481,#11482),.UNSPECIFIED.,
  .F.,.F.,(2,2),(4.46,21.9000024),.PIECEWISE_BEZIER_KNOTS.);
#11481 = CARTESIAN_POINT('',(-1.54,-52.611145618));
#11482 = CARTESIAN_POINT('',(15.9000024,-52.611145618));
#11483 = ( GEOMETRIC_REPRESENTATION_CONTEXT(2) 
PARAMETRIC_REPRESENTATION_CONTEXT() REPRESENTATION_CONTEXT('2D SPACE',''
  ) );
#11484 = PCURVE('',#4302,#11485);
#11485 = DEFINITIONAL_REPRESENTATION('',(#11486),#11489);
#11486 = B_SPLINE_CURVE_WITH_KNOTS('',1,(#11487,#11488),.UNSPECIFIED.,
  .F.,.F.,(2,2),(4.46,21.9000024),.PIECEWISE_BEZIER_KNOTS.);
#11487 = CARTESIAN_POINT('',(3.581568608381,4.46));
#11488 = CARTESIAN_POINT('',(3.581568608381,21.9000024));
#11489 = ( GEOMETRIC_REPRESENTATION_CONTEXT(2) 
PARAMETRIC_REPRESENTATION_CONTEXT() REPRESENTATION_CONTEXT('2D SPACE',''
  ) );
#11490 = ORIENTED_EDGE('',*,*,#4338,.F.);
#11491 = ADVANCED_FACE('',(#11492),#4302,.T.);
#11492 = FACE_BOUND('',#11493,.T.);
#11493 = EDGE_LOOP('',(#11494,#11495,#11518,#11545,#11546,#11547,#11548,
    #11549));
#11494 = ORIENTED_EDGE('',*,*,#4285,.F.);
#11495 = ORIENTED_EDGE('',*,*,#11496,.F.);
#11496 = EDGE_CURVE('',#11497,#4286,#11499,.T.);
#11497 = VERTEX_POINT('',#11498);
#11498 = CARTESIAN_POINT('',(14.2,84.,3.));
#11499 = SEAM_CURVE('',#11500,(#11504,#11511),.PCURVE_S1.);
#11500 = LINE('',#11501,#11502);
#11501 = CARTESIAN_POINT('',(14.2,84.,3.));
#11502 = VECTOR('',#11503,1.);
#11503 = DIRECTION('',(0.,0.,1.));
#11504 = PCURVE('',#4302,#11505);
#11505 = DEFINITIONAL_REPRESENTATION('',(#11506),#11510);
#11506 = LINE('',#11507,#11508);
#11507 = CARTESIAN_POINT('',(6.28318530718,-0.));
#11508 = VECTOR('',#11509,1.);
#11509 = DIRECTION('',(0.,1.));
#11510 = ( GEOMETRIC_REPRESENTATION_CONTEXT(2) 
PARAMETRIC_REPRESENTATION_CONTEXT() REPRESENTATION_CONTEXT('2D SPACE',''
  ) );
#11511 = PCURVE('',#4302,#11512);
#11512 = DEFINITIONAL_REPRESENTATION('',(#11513),#11517);
#11513 = LINE('',#11514,#11515);
#11514 = CARTESIAN_POINT('',(0.,-0.));
#11515 = VECTOR('',#11516,1.);
#11516 = DIRECTION('',(0.,1.));
#11517 = ( GEOMETRIC_REPRESENTATION_CONTEXT(2) 
PARAMETRIC_REPRESENTATION_CONTEXT() REPRESENTATION_CONTEXT('2D SPACE',''
  ) );
#11518 = ORIENTED_EDGE('',*,*,#11519,.T.);
#11519 = EDGE_CURVE('',#11497,#11497,#11520,.T.);
#11520 = SURFACE_CURVE('',#11521,(#11526,#11533),.PCURVE_S1.);
#11521 = CIRCLE('',#11522,4.2);
#11522 = AXIS2_PLACEMENT_3D('',#11523,#11524,#11525);
#11523 = CARTESIAN_POINT('',(10.,84.,3.));
#11524 = DIRECTION('',(0.,0.,1.));
#11525 = DIRECTION('',(1.,0.,-0.));
#11526 = PCURVE('',#4302,#11527);
#11527 = DEFINITIONAL_REPRESENTATION('',(#11528),#11532);
#11528 = LINE('',#11529,#11530);
#11529 = CARTESIAN_POINT('',(0.,0.));
#11530 = VECTOR('',#11531,1.);
#11531 = DIRECTION('',(1.,0.));
#11532 = ( GEOMETRIC_REPRESENTATION_CONTEXT(2) 
PARAMETRIC_REPRESENTATION_CONTEXT() REPRESENTATION_CONTEXT('2D SPACE',''
  ) );
#11533 = PCURVE('',#11534,#11539);
#11534 = PLANE('',#11535);
#11535 = AXIS2_PLACEMENT_3D('',#11536,#11537,#11538);
#11536 = CARTESIAN_POINT('',(10.,84.,3.));
#11537 = DIRECTION('',(0.,0.,1.));
#11538 = DIRECTION('',(1.,0.,-0.));
#11539 = DEFINITIONAL_REPRESENTATION('',(#11540),#11544);
#11540 = CIRCLE('',#11541,4.2);
#11541 = AXIS2_PLACEMENT_2D('',#11542,#11543);
#11542 = CARTESIAN_POINT('',(0.,0.));
#11543 = DIRECTION('',(1.,0.));
#11544 = ( GEOMETRIC_REPRESENTATION_CONTEXT(2) 
PARAMETRIC_REPRESENTATION_CONTEXT() REPRESENTATION_CONTEXT('2D SPACE',''
  ) );
#11545 = ORIENTED_EDGE('',*,*,#11496,.T.);
#11546 = ORIENTED_EDGE('',*,*,#4314,.F.);
#11547 = ORIENTED_EDGE('',*,*,#11472,.F.);
#11548 = ORIENTED_EDGE('',*,*,#6365,.F.);
#11549 = ORIENTED_EDGE('',*,*,#11550,.T.);
#11550 = EDGE_CURVE('',#6366,#4258,#11551,.T.);
#11551 = SURFACE_CURVE('',#11552,(#11556,#11562),.PCURVE_S1.);
#11552 = LINE('',#11553,#11554);
#11553 = CARTESIAN_POINT('',(6.2,85.788854382,3.));
#11554 = VECTOR('',#11555,1.);
#11555 = DIRECTION('',(0.,0.,1.));
#11556 = PCURVE('',#4302,#11557);
#11557 = DEFINITIONAL_REPRESENTATION('',(#11558),#11561);
#11558 = B_SPLINE_CURVE_WITH_KNOTS('',1,(#11559,#11560),.UNSPECIFIED.,
  .F.,.F.,(2,2),(4.46,21.9000024),.PIECEWISE_BEZIER_KNOTS.);
#11559 = CARTESIAN_POINT('',(2.701616698799,4.46));
#11560 = CARTESIAN_POINT('',(2.701616698799,21.9000024));
#11561 = ( GEOMETRIC_REPRESENTATION_CONTEXT(2) 
PARAMETRIC_REPRESENTATION_CONTEXT() REPRESENTATION_CONTEXT('2D SPACE',''
  ) );
#11562 = PCURVE('',#4273,#11563);
#11563 = DEFINITIONAL_REPRESENTATION('',(#11564),#11567);
#11564 = B_SPLINE_CURVE_WITH_KNOTS('',1,(#11565,#11566),.UNSPECIFIED.,
  .F.,.F.,(2,2),(4.46,21.9000024),.PIECEWISE_BEZIER_KNOTS.);
#11565 = CARTESIAN_POINT('',(-1.54,-56.188854382));
#11566 = CARTESIAN_POINT('',(15.9000024,-56.188854382));
#11567 = ( GEOMETRIC_REPRESENTATION_CONTEXT(2) 
PARAMETRIC_REPRESENTATION_CONTEXT() REPRESENTATION_CONTEXT('2D SPACE',''
  ) );
#11568 = ADVANCED_FACE('',(#11569),#4273,.T.);
#11569 = FACE_BOUND('',#11570,.T.);
#11570 = EDGE_LOOP('',(#11571,#11572,#11573,#11574));
#11571 = ORIENTED_EDGE('',*,*,#11550,.F.);
#11572 = ORIENTED_EDGE('',*,*,#6389,.F.);
#11573 = ORIENTED_EDGE('',*,*,#6604,.T.);
#11574 = ORIENTED_EDGE('',*,*,#4257,.F.);
#11575 = ADVANCED_FACE('',(#11576),#5191,.T.);
#11576 = FACE_BOUND('',#11577,.T.);
#11577 = EDGE_LOOP('',(#11578,#11579,#11602,#11629));
#11578 = ORIENTED_EDGE('',*,*,#5174,.F.);
#11579 = ORIENTED_EDGE('',*,*,#11580,.F.);
#11580 = EDGE_CURVE('',#11581,#5175,#11583,.T.);
#11581 = VERTEX_POINT('',#11582);
#11582 = CARTESIAN_POINT('',(16.7,14.5,3.));
#11583 = SEAM_CURVE('',#11584,(#11588,#11595),.PCURVE_S1.);
#11584 = LINE('',#11585,#11586);
#11585 = CARTESIAN_POINT('',(16.7,14.5,3.));
#11586 = VECTOR('',#11587,1.);
#11587 = DIRECTION('',(0.,0.,1.));
#11588 = PCURVE('',#5191,#11589);
#11589 = DEFINITIONAL_REPRESENTATION('',(#11590),#11594);
#11590 = LINE('',#11591,#11592);
#11591 = CARTESIAN_POINT('',(6.28318530718,-0.));
#11592 = VECTOR('',#11593,1.);
#11593 = DIRECTION('',(0.,1.));
#11594 = ( GEOMETRIC_REPRESENTATION_CONTEXT(2) 
PARAMETRIC_REPRESENTATION_CONTEXT() REPRESENTATION_CONTEXT('2D SPACE',''
  ) );
#11595 = PCURVE('',#5191,#11596);
#11596 = DEFINITIONAL_REPRESENTATION('',(#11597),#11601);
#11597 = LINE('',#11598,#11599);
#11598 = CARTESIAN_POINT('',(0.,-0.));
#11599 = VECTOR('',#11600,1.);
#11600 = DIRECTION('',(0.,1.));
#11601 = ( GEOMETRIC_REPRESENTATION_CONTEXT(2) 
PARAMETRIC_REPRESENTATION_CONTEXT() REPRESENTATION_CONTEXT('2D SPACE',''
  ) );
#11602 = ORIENTED_EDGE('',*,*,#11603,.T.);
#11603 = EDGE_CURVE('',#11581,#11581,#11604,.T.);
#11604 = SURFACE_CURVE('',#11605,(#11610,#11617),.PCURVE_S1.);
#11605 = CIRCLE('',#11606,4.2);
#11606 = AXIS2_PLACEMENT_3D('',#11607,#11608,#11609);
#11607 = CARTESIAN_POINT('',(12.5,14.5,3.));
#11608 = DIRECTION('',(0.,0.,1.));
#11609 = DIRECTION('',(1.,0.,-0.));
#11610 = PCURVE('',#5191,#11611);
#11611 = DEFINITIONAL_REPRESENTATION('',(#11612),#11616);
#11612 = LINE('',#11613,#11614);
#11613 = CARTESIAN_POINT('',(0.,0.));
#11614 = VECTOR('',#11615,1.);
#11615 = DIRECTION('',(1.,0.));
#11616 = ( GEOMETRIC_REPRESENTATION_CONTEXT(2) 
PARAMETRIC_REPRESENTATION_CONTEXT() REPRESENTATION_CONTEXT('2D SPACE',''
  ) );
#11617 = PCURVE('',#11618,#11623);
#11618 = PLANE('',#11619);
#11619 = AXIS2_PLACEMENT_3D('',#11620,#11621,#11622);
#11620 = CARTESIAN_POINT('',(12.5,14.5,3.));
#11621 = DIRECTION('',(0.,0.,1.));
#11622 = DIRECTION('',(1.,0.,-0.));
#11623 = DEFINITIONAL_REPRESENTATION('',(#11624),#11628);
#11624 = CIRCLE('',#11625,4.2);
#11625 = AXIS2_PLACEMENT_2D('',#11626,#11627);
#11626 = CARTESIAN_POINT('',(0.,0.));
#11627 = DIRECTION('',(1.,0.));
#11628 = ( GEOMETRIC_REPRESENTATION_CONTEXT(2) 
PARAMETRIC_REPRESENTATION_CONTEXT() REPRESENTATION_CONTEXT('2D SPACE',''
  ) );
#11629 = ORIENTED_EDGE('',*,*,#11580,.T.);
#11630 = ADVANCED_FACE('',(#11631),#5223,.F.);
#11631 = FACE_BOUND('',#11632,.F.);
#11632 = EDGE_LOOP('',(#11633,#11656,#11677,#11698));
#11633 = ORIENTED_EDGE('',*,*,#11634,.F.);
#11634 = EDGE_CURVE('',#11635,#5208,#11637,.T.);
#11635 = VERTEX_POINT('',#11636);
#11636 = CARTESIAN_POINT('',(56.6,13.2,27.6));
#11637 = SURFACE_CURVE('',#11638,(#11642,#11649),.PCURVE_S1.);
#11638 = LINE('',#11639,#11640);
#11639 = CARTESIAN_POINT('',(56.6,12.2,28.6));
#11640 = VECTOR('',#11641,1.);
#11641 = DIRECTION('',(0.,0.707106781187,-0.707106781187));
#11642 = PCURVE('',#5223,#11643);
#11643 = DEFINITIONAL_REPRESENTATION('',(#11644),#11648);
#11644 = LINE('',#11645,#11646);
#11645 = CARTESIAN_POINT('',(0.,0.));
#11646 = VECTOR('',#11647,1.);
#11647 = DIRECTION('',(1.,0.));
#11648 = ( GEOMETRIC_REPRESENTATION_CONTEXT(2) 
PARAMETRIC_REPRESENTATION_CONTEXT() REPRESENTATION_CONTEXT('2D SPACE',''
  ) );
#11649 = PCURVE('',#5302,#11650);
#11650 = DEFINITIONAL_REPRESENTATION('',(#11651),#11655);
#11651 = LINE('',#11652,#11653);
#11652 = CARTESIAN_POINT('',(1.4,2.6));
#11653 = VECTOR('',#11654,1.);
#11654 = DIRECTION('',(-0.707106781187,-0.707106781187));
#11655 = ( GEOMETRIC_REPRESENTATION_CONTEXT(2) 
PARAMETRIC_REPRESENTATION_CONTEXT() REPRESENTATION_CONTEXT('2D SPACE',''
  ) );
#11656 = ORIENTED_EDGE('',*,*,#11657,.F.);
#11657 = EDGE_CURVE('',#11658,#11635,#11660,.T.);
#11658 = VERTEX_POINT('',#11659);
#11659 = CARTESIAN_POINT('',(108.6,13.2,27.6));
#11660 = SURFACE_CURVE('',#11661,(#11665,#11671),.PCURVE_S1.);
#11661 = LINE('',#11662,#11663);
#11662 = CARTESIAN_POINT('',(63.3,13.2,27.6));
#11663 = VECTOR('',#11664,1.);
#11664 = DIRECTION('',(-1.,-0.,0.));
#11665 = PCURVE('',#5223,#11666);
#11666 = DEFINITIONAL_REPRESENTATION('',(#11667),#11670);
#11667 = B_SPLINE_CURVE_WITH_KNOTS('',1,(#11668,#11669),.UNSPECIFIED.,
  .F.,.F.,(2,2),(-45.3,6.7),.PIECEWISE_BEZIER_KNOTS.);
#11668 = CARTESIAN_POINT('',(1.414213562373,-52.));
#11669 = CARTESIAN_POINT('',(1.414213562373,0.));
#11670 = ( GEOMETRIC_REPRESENTATION_CONTEXT(2) 
PARAMETRIC_REPRESENTATION_CONTEXT() REPRESENTATION_CONTEXT('2D SPACE',''
  ) );
#11671 = PCURVE('',#9589,#11672);
#11672 = DEFINITIONAL_REPRESENTATION('',(#11673),#11676);
#11673 = B_SPLINE_CURVE_WITH_KNOTS('',1,(#11674,#11675),.UNSPECIFIED.,
  .F.,.F.,(2,2),(-45.3,6.7),.PIECEWISE_BEZIER_KNOTS.);
#11674 = CARTESIAN_POINT('',(38.6,-39.3));
#11675 = CARTESIAN_POINT('',(-13.4,-39.3));
#11676 = ( GEOMETRIC_REPRESENTATION_CONTEXT(2) 
PARAMETRIC_REPRESENTATION_CONTEXT() REPRESENTATION_CONTEXT('2D SPACE',''
  ) );
#11677 = ORIENTED_EDGE('',*,*,#11678,.T.);
#11678 = EDGE_CURVE('',#11658,#5206,#11679,.T.);
#11679 = SURFACE_CURVE('',#11680,(#11684,#11691),.PCURVE_S1.);
#11680 = LINE('',#11681,#11682);
#11681 = CARTESIAN_POINT('',(108.6,12.2,28.6));
#11682 = VECTOR('',#11683,1.);
#11683 = DIRECTION('',(0.,0.707106781187,-0.707106781187));
#11684 = PCURVE('',#5223,#11685);
#11685 = DEFINITIONAL_REPRESENTATION('',(#11686),#11690);
#11686 = LINE('',#11687,#11688);
#11687 = CARTESIAN_POINT('',(0.,-52.));
#11688 = VECTOR('',#11689,1.);
#11689 = DIRECTION('',(1.,0.));
#11690 = ( GEOMETRIC_REPRESENTATION_CONTEXT(2) 
PARAMETRIC_REPRESENTATION_CONTEXT() REPRESENTATION_CONTEXT('2D SPACE',''
  ) );
#11691 = PCURVE('',#5250,#11692);
#11692 = DEFINITIONAL_REPRESENTATION('',(#11693),#11697);
#11693 = LINE('',#11694,#11695);
#11694 = CARTESIAN_POINT('',(1.4,2.6));
#11695 = VECTOR('',#11696,1.);
#11696 = DIRECTION('',(-0.707106781187,-0.707106781187));
#11697 = ( GEOMETRIC_REPRESENTATION_CONTEXT(2) 
PARAMETRIC_REPRESENTATION_CONTEXT() REPRESENTATION_CONTEXT('2D SPACE',''
  ) );
#11698 = ORIENTED_EDGE('',*,*,#5205,.T.);
#11699 = ADVANCED_FACE('',(#11700),#5250,.T.);
#11700 = FACE_BOUND('',#11701,.T.);
#11701 = EDGE_LOOP('',(#11702,#11725,#11744,#11745));
#11702 = ORIENTED_EDGE('',*,*,#11703,.T.);
#11703 = EDGE_CURVE('',#5235,#11704,#11706,.T.);
#11704 = VERTEX_POINT('',#11705);
#11705 = CARTESIAN_POINT('',(108.6,10.8,27.6));
#11706 = SURFACE_CURVE('',#11707,(#11711,#11718),.PCURVE_S1.);
#11707 = LINE('',#11708,#11709);
#11708 = CARTESIAN_POINT('',(108.6,15.,23.4));
#11709 = VECTOR('',#11710,1.);
#11710 = DIRECTION('',(0.,-0.707106781187,0.707106781187));
#11711 = PCURVE('',#5250,#11712);
#11712 = DEFINITIONAL_REPRESENTATION('',(#11713),#11717);
#11713 = LINE('',#11714,#11715);
#11714 = CARTESIAN_POINT('',(-1.4,-2.6));
#11715 = VECTOR('',#11716,1.);
#11716 = DIRECTION('',(0.707106781187,0.707106781187));
#11717 = ( GEOMETRIC_REPRESENTATION_CONTEXT(2) 
PARAMETRIC_REPRESENTATION_CONTEXT() REPRESENTATION_CONTEXT('2D SPACE',''
  ) );
#11718 = PCURVE('',#5277,#11719);
#11719 = DEFINITIONAL_REPRESENTATION('',(#11720),#11724);
#11720 = LINE('',#11721,#11722);
#11721 = CARTESIAN_POINT('',(0.,-52.));
#11722 = VECTOR('',#11723,1.);
#11723 = DIRECTION('',(1.,0.));
#11724 = ( GEOMETRIC_REPRESENTATION_CONTEXT(2) 
PARAMETRIC_REPRESENTATION_CONTEXT() REPRESENTATION_CONTEXT('2D SPACE',''
  ) );
#11725 = ORIENTED_EDGE('',*,*,#11726,.F.);
#11726 = EDGE_CURVE('',#11658,#11704,#11727,.T.);
#11727 = SURFACE_CURVE('',#11728,(#11732,#11738),.PCURVE_S1.);
#11728 = LINE('',#11729,#11730);
#11729 = CARTESIAN_POINT('',(108.6,33.05,27.6));
#11730 = VECTOR('',#11731,1.);
#11731 = DIRECTION('',(-0.,-1.,0.));
#11732 = PCURVE('',#5250,#11733);
#11733 = DEFINITIONAL_REPRESENTATION('',(#11734),#11737);
#11734 = B_SPLINE_CURVE_WITH_KNOTS('',1,(#11735,#11736),.UNSPECIFIED.,
  .F.,.F.,(2,2),(15.65,23.25),.PIECEWISE_BEZIER_KNOTS.);
#11735 = CARTESIAN_POINT('',(-3.8,1.6));
#11736 = CARTESIAN_POINT('',(3.8,1.6));
#11737 = ( GEOMETRIC_REPRESENTATION_CONTEXT(2) 
PARAMETRIC_REPRESENTATION_CONTEXT() REPRESENTATION_CONTEXT('2D SPACE',''
  ) );
#11738 = PCURVE('',#9589,#11739);
#11739 = DEFINITIONAL_REPRESENTATION('',(#11740),#11743);
#11740 = B_SPLINE_CURVE_WITH_KNOTS('',1,(#11741,#11742),.UNSPECIFIED.,
  .F.,.F.,(2,2),(15.65,23.25),.PIECEWISE_BEZIER_KNOTS.);
#11741 = CARTESIAN_POINT('',(38.6,-35.1));
#11742 = CARTESIAN_POINT('',(38.6,-42.7));
#11743 = ( GEOMETRIC_REPRESENTATION_CONTEXT(2) 
PARAMETRIC_REPRESENTATION_CONTEXT() REPRESENTATION_CONTEXT('2D SPACE',''
  ) );
#11744 = ORIENTED_EDGE('',*,*,#11678,.T.);
#11745 = ORIENTED_EDGE('',*,*,#5234,.T.);
#11746 = ADVANCED_FACE('',(#11747),#5302,.F.);
#11747 = FACE_BOUND('',#11748,.F.);
#11748 = EDGE_LOOP('',(#11749,#11772,#11791,#11792));
#11749 = ORIENTED_EDGE('',*,*,#11750,.T.);
#11750 = EDGE_CURVE('',#5262,#11751,#11753,.T.);
#11751 = VERTEX_POINT('',#11752);
#11752 = CARTESIAN_POINT('',(56.6,10.8,27.6));
#11753 = SURFACE_CURVE('',#11754,(#11758,#11765),.PCURVE_S1.);
#11754 = LINE('',#11755,#11756);
#11755 = CARTESIAN_POINT('',(56.6,15.,23.4));
#11756 = VECTOR('',#11757,1.);
#11757 = DIRECTION('',(0.,-0.707106781187,0.707106781187));
#11758 = PCURVE('',#5302,#11759);
#11759 = DEFINITIONAL_REPRESENTATION('',(#11760),#11764);
#11760 = LINE('',#11761,#11762);
#11761 = CARTESIAN_POINT('',(-1.4,-2.6));
#11762 = VECTOR('',#11763,1.);
#11763 = DIRECTION('',(0.707106781187,0.707106781187));
#11764 = ( GEOMETRIC_REPRESENTATION_CONTEXT(2) 
PARAMETRIC_REPRESENTATION_CONTEXT() REPRESENTATION_CONTEXT('2D SPACE',''
  ) );
#11765 = PCURVE('',#5277,#11766);
#11766 = DEFINITIONAL_REPRESENTATION('',(#11767),#11771);
#11767 = LINE('',#11768,#11769);
#11768 = CARTESIAN_POINT('',(0.,0.));
#11769 = VECTOR('',#11770,1.);
#11770 = DIRECTION('',(1.,0.));
#11771 = ( GEOMETRIC_REPRESENTATION_CONTEXT(2) 
PARAMETRIC_REPRESENTATION_CONTEXT() REPRESENTATION_CONTEXT('2D SPACE',''
  ) );
#11772 = ORIENTED_EDGE('',*,*,#11773,.F.);
#11773 = EDGE_CURVE('',#11635,#11751,#11774,.T.);
#11774 = SURFACE_CURVE('',#11775,(#11779,#11785),.PCURVE_S1.);
#11775 = LINE('',#11776,#11777);
#11776 = CARTESIAN_POINT('',(56.6,33.05,27.6));
#11777 = VECTOR('',#11778,1.);
#11778 = DIRECTION('',(-0.,-1.,0.));
#11779 = PCURVE('',#5302,#11780);
#11780 = DEFINITIONAL_REPRESENTATION('',(#11781),#11784);
#11781 = B_SPLINE_CURVE_WITH_KNOTS('',1,(#11782,#11783),.UNSPECIFIED.,
  .F.,.F.,(2,2),(15.65,23.25),.PIECEWISE_BEZIER_KNOTS.);
#11782 = CARTESIAN_POINT('',(-3.8,1.6));
#11783 = CARTESIAN_POINT('',(3.8,1.6));
#11784 = ( GEOMETRIC_REPRESENTATION_CONTEXT(2) 
PARAMETRIC_REPRESENTATION_CONTEXT() REPRESENTATION_CONTEXT('2D SPACE',''
  ) );
#11785 = PCURVE('',#9589,#11786);
#11786 = DEFINITIONAL_REPRESENTATION('',(#11787),#11790);
#11787 = B_SPLINE_CURVE_WITH_KNOTS('',1,(#11788,#11789),.UNSPECIFIED.,
  .F.,.F.,(2,2),(15.65,23.25),.PIECEWISE_BEZIER_KNOTS.);
#11788 = CARTESIAN_POINT('',(-13.4,-35.1));
#11789 = CARTESIAN_POINT('',(-13.4,-42.7));
#11790 = ( GEOMETRIC_REPRESENTATION_CONTEXT(2) 
PARAMETRIC_REPRESENTATION_CONTEXT() REPRESENTATION_CONTEXT('2D SPACE',''
  ) );
#11791 = ORIENTED_EDGE('',*,*,#11634,.T.);
#11792 = ORIENTED_EDGE('',*,*,#5288,.T.);
#11793 = ADVANCED_FACE('',(#11794),#5277,.F.);
#11794 = FACE_BOUND('',#11795,.F.);
#11795 = EDGE_LOOP('',(#11796,#11797,#11798,#11799));
#11796 = ORIENTED_EDGE('',*,*,#11750,.F.);
#11797 = ORIENTED_EDGE('',*,*,#5261,.T.);
#11798 = ORIENTED_EDGE('',*,*,#11703,.T.);
#11799 = ORIENTED_EDGE('',*,*,#11800,.F.);
#11800 = EDGE_CURVE('',#11751,#11704,#11801,.T.);
#11801 = SURFACE_CURVE('',#11802,(#11806,#11812),.PCURVE_S1.);
#11802 = LINE('',#11803,#11804);
#11803 = CARTESIAN_POINT('',(63.3,10.8,27.6));
#11804 = VECTOR('',#11805,1.);
#11805 = DIRECTION('',(1.,0.,-0.));
#11806 = PCURVE('',#5277,#11807);
#11807 = DEFINITIONAL_REPRESENTATION('',(#11808),#11811);
#11808 = B_SPLINE_CURVE_WITH_KNOTS('',1,(#11809,#11810),.UNSPECIFIED.,
  .F.,.F.,(2,2),(-6.7,45.3),.PIECEWISE_BEZIER_KNOTS.);
#11809 = CARTESIAN_POINT('',(5.939696961967,0.));
#11810 = CARTESIAN_POINT('',(5.939696961967,-52.));
#11811 = ( GEOMETRIC_REPRESENTATION_CONTEXT(2) 
PARAMETRIC_REPRESENTATION_CONTEXT() REPRESENTATION_CONTEXT('2D SPACE',''
  ) );
#11812 = PCURVE('',#9589,#11813);
#11813 = DEFINITIONAL_REPRESENTATION('',(#11814),#11817);
#11814 = B_SPLINE_CURVE_WITH_KNOTS('',1,(#11815,#11816),.UNSPECIFIED.,
  .F.,.F.,(2,2),(-6.7,45.3),.PIECEWISE_BEZIER_KNOTS.);
#11815 = CARTESIAN_POINT('',(-13.4,-41.7));
#11816 = CARTESIAN_POINT('',(38.6,-41.7));
#11817 = ( GEOMETRIC_REPRESENTATION_CONTEXT(2) 
PARAMETRIC_REPRESENTATION_CONTEXT() REPRESENTATION_CONTEXT('2D SPACE',''
  ) );
#11818 = ADVANCED_FACE('',(#11819),#5333,.F.);
#11819 = FACE_BOUND('',#11820,.F.);
#11820 = EDGE_LOOP('',(#11821,#11844,#11865,#11886));
#11821 = ORIENTED_EDGE('',*,*,#11822,.F.);
#11822 = EDGE_CURVE('',#11823,#5318,#11825,.T.);
#11823 = VERTEX_POINT('',#11824);
#11824 = CARTESIAN_POINT('',(56.6,20.2,27.6));
#11825 = SURFACE_CURVE('',#11826,(#11830,#11837),.PCURVE_S1.);
#11826 = LINE('',#11827,#11828);
#11827 = CARTESIAN_POINT('',(56.6,19.2,28.6));
#11828 = VECTOR('',#11829,1.);
#11829 = DIRECTION('',(0.,0.707106781187,-0.707106781187));
#11830 = PCURVE('',#5333,#11831);
#11831 = DEFINITIONAL_REPRESENTATION('',(#11832),#11836);
#11832 = LINE('',#11833,#11834);
#11833 = CARTESIAN_POINT('',(0.,0.));
#11834 = VECTOR('',#11835,1.);
#11835 = DIRECTION('',(1.,0.));
#11836 = ( GEOMETRIC_REPRESENTATION_CONTEXT(2) 
PARAMETRIC_REPRESENTATION_CONTEXT() REPRESENTATION_CONTEXT('2D SPACE',''
  ) );
#11837 = PCURVE('',#5412,#11838);
#11838 = DEFINITIONAL_REPRESENTATION('',(#11839),#11843);
#11839 = LINE('',#11840,#11841);
#11840 = CARTESIAN_POINT('',(1.4,2.6));
#11841 = VECTOR('',#11842,1.);
#11842 = DIRECTION('',(-0.707106781187,-0.707106781187));
#11843 = ( GEOMETRIC_REPRESENTATION_CONTEXT(2) 
PARAMETRIC_REPRESENTATION_CONTEXT() REPRESENTATION_CONTEXT('2D SPACE',''
  ) );
#11844 = ORIENTED_EDGE('',*,*,#11845,.F.);
#11845 = EDGE_CURVE('',#11846,#11823,#11848,.T.);
#11846 = VERTEX_POINT('',#11847);
#11847 = CARTESIAN_POINT('',(108.6,20.2,27.6));
#11848 = SURFACE_CURVE('',#11849,(#11853,#11859),.PCURVE_S1.);
#11849 = LINE('',#11850,#11851);
#11850 = CARTESIAN_POINT('',(63.3,20.2,27.6));
#11851 = VECTOR('',#11852,1.);
#11852 = DIRECTION('',(-1.,-0.,0.));
#11853 = PCURVE('',#5333,#11854);
#11854 = DEFINITIONAL_REPRESENTATION('',(#11855),#11858);
#11855 = B_SPLINE_CURVE_WITH_KNOTS('',1,(#11856,#11857),.UNSPECIFIED.,
  .F.,.F.,(2,2),(-45.3,6.7),.PIECEWISE_BEZIER_KNOTS.);
#11856 = CARTESIAN_POINT('',(1.414213562373,-52.));
#11857 = CARTESIAN_POINT('',(1.414213562373,0.));
#11858 = ( GEOMETRIC_REPRESENTATION_CONTEXT(2) 
PARAMETRIC_REPRESENTATION_CONTEXT() REPRESENTATION_CONTEXT('2D SPACE',''
  ) );
#11859 = PCURVE('',#9589,#11860);
#11860 = DEFINITIONAL_REPRESENTATION('',(#11861),#11864);
#11861 = B_SPLINE_CURVE_WITH_KNOTS('',1,(#11862,#11863),.UNSPECIFIED.,
  .F.,.F.,(2,2),(-45.3,6.7),.PIECEWISE_BEZIER_KNOTS.);
#11862 = CARTESIAN_POINT('',(38.6,-32.3));
#11863 = CARTESIAN_POINT('',(-13.4,-32.3));
#11864 = ( GEOMETRIC_REPRESENTATION_CONTEXT(2) 
PARAMETRIC_REPRESENTATION_CONTEXT() REPRESENTATION_CONTEXT('2D SPACE',''
  ) );
#11865 = ORIENTED_EDGE('',*,*,#11866,.T.);
#11866 = EDGE_CURVE('',#11846,#5316,#11867,.T.);
#11867 = SURFACE_CURVE('',#11868,(#11872,#11879),.PCURVE_S1.);
#11868 = LINE('',#11869,#11870);
#11869 = CARTESIAN_POINT('',(108.6,19.2,28.6));
#11870 = VECTOR('',#11871,1.);
#11871 = DIRECTION('',(0.,0.707106781187,-0.707106781187));
#11872 = PCURVE('',#5333,#11873);
#11873 = DEFINITIONAL_REPRESENTATION('',(#11874),#11878);
#11874 = LINE('',#11875,#11876);
#11875 = CARTESIAN_POINT('',(0.,-52.));
#11876 = VECTOR('',#11877,1.);
#11877 = DIRECTION('',(1.,0.));
#11878 = ( GEOMETRIC_REPRESENTATION_CONTEXT(2) 
PARAMETRIC_REPRESENTATION_CONTEXT() REPRESENTATION_CONTEXT('2D SPACE',''
  ) );
#11879 = PCURVE('',#5360,#11880);
#11880 = DEFINITIONAL_REPRESENTATION('',(#11881),#11885);
#11881 = LINE('',#11882,#11883);
#11882 = CARTESIAN_POINT('',(1.4,2.6));
#11883 = VECTOR('',#11884,1.);
#11884 = DIRECTION('',(-0.707106781187,-0.707106781187));
#11885 = ( GEOMETRIC_REPRESENTATION_CONTEXT(2) 
PARAMETRIC_REPRESENTATION_CONTEXT() REPRESENTATION_CONTEXT('2D SPACE',''
  ) );
#11886 = ORIENTED_EDGE('',*,*,#5315,.T.);
#11887 = ADVANCED_FACE('',(#11888),#5360,.T.);
#11888 = FACE_BOUND('',#11889,.T.);
#11889 = EDGE_LOOP('',(#11890,#11913,#11932,#11933));
#11890 = ORIENTED_EDGE('',*,*,#11891,.T.);
#11891 = EDGE_CURVE('',#5345,#11892,#11894,.T.);
#11892 = VERTEX_POINT('',#11893);
#11893 = CARTESIAN_POINT('',(108.6,17.8,27.6));
#11894 = SURFACE_CURVE('',#11895,(#11899,#11906),.PCURVE_S1.);
#11895 = LINE('',#11896,#11897);
#11896 = CARTESIAN_POINT('',(108.6,22.,23.4));
#11897 = VECTOR('',#11898,1.);
#11898 = DIRECTION('',(0.,-0.707106781187,0.707106781187));
#11899 = PCURVE('',#5360,#11900);
#11900 = DEFINITIONAL_REPRESENTATION('',(#11901),#11905);
#11901 = LINE('',#11902,#11903);
#11902 = CARTESIAN_POINT('',(-1.4,-2.6));
#11903 = VECTOR('',#11904,1.);
#11904 = DIRECTION('',(0.707106781187,0.707106781187));
#11905 = ( GEOMETRIC_REPRESENTATION_CONTEXT(2) 
PARAMETRIC_REPRESENTATION_CONTEXT() REPRESENTATION_CONTEXT('2D SPACE',''
  ) );
#11906 = PCURVE('',#5387,#11907);
#11907 = DEFINITIONAL_REPRESENTATION('',(#11908),#11912);
#11908 = LINE('',#11909,#11910);
#11909 = CARTESIAN_POINT('',(0.,-52.));
#11910 = VECTOR('',#11911,1.);
#11911 = DIRECTION('',(1.,0.));
#11912 = ( GEOMETRIC_REPRESENTATION_CONTEXT(2) 
PARAMETRIC_REPRESENTATION_CONTEXT() REPRESENTATION_CONTEXT('2D SPACE',''
  ) );
#11913 = ORIENTED_EDGE('',*,*,#11914,.F.);
#11914 = EDGE_CURVE('',#11846,#11892,#11915,.T.);
#11915 = SURFACE_CURVE('',#11916,(#11920,#11926),.PCURVE_S1.);
#11916 = LINE('',#11917,#11918);
#11917 = CARTESIAN_POINT('',(108.6,36.55,27.6));
#11918 = VECTOR('',#11919,1.);
#11919 = DIRECTION('',(-0.,-1.,0.));
#11920 = PCURVE('',#5360,#11921);
#11921 = DEFINITIONAL_REPRESENTATION('',(#11922),#11925);
#11922 = B_SPLINE_CURVE_WITH_KNOTS('',1,(#11923,#11924),.UNSPECIFIED.,
  .F.,.F.,(2,2),(12.15,19.75),.PIECEWISE_BEZIER_KNOTS.);
#11923 = CARTESIAN_POINT('',(-3.8,1.6));
#11924 = CARTESIAN_POINT('',(3.8,1.6));
#11925 = ( GEOMETRIC_REPRESENTATION_CONTEXT(2) 
PARAMETRIC_REPRESENTATION_CONTEXT() REPRESENTATION_CONTEXT('2D SPACE',''
  ) );
#11926 = PCURVE('',#9589,#11927);
#11927 = DEFINITIONAL_REPRESENTATION('',(#11928),#11931);
#11928 = B_SPLINE_CURVE_WITH_KNOTS('',1,(#11929,#11930),.UNSPECIFIED.,
  .F.,.F.,(2,2),(12.15,19.75),.PIECEWISE_BEZIER_KNOTS.);
#11929 = CARTESIAN_POINT('',(38.6,-28.1));
#11930 = CARTESIAN_POINT('',(38.6,-35.7));
#11931 = ( GEOMETRIC_REPRESENTATION_CONTEXT(2) 
PARAMETRIC_REPRESENTATION_CONTEXT() REPRESENTATION_CONTEXT('2D SPACE',''
  ) );
#11932 = ORIENTED_EDGE('',*,*,#11866,.T.);
#11933 = ORIENTED_EDGE('',*,*,#5344,.T.);
#11934 = ADVANCED_FACE('',(#11935),#5412,.F.);
#11935 = FACE_BOUND('',#11936,.F.);
#11936 = EDGE_LOOP('',(#11937,#11960,#11979,#11980));
#11937 = ORIENTED_EDGE('',*,*,#11938,.T.);
#11938 = EDGE_CURVE('',#5372,#11939,#11941,.T.);
#11939 = VERTEX_POINT('',#11940);
#11940 = CARTESIAN_POINT('',(56.6,17.8,27.6));
#11941 = SURFACE_CURVE('',#11942,(#11946,#11953),.PCURVE_S1.);
#11942 = LINE('',#11943,#11944);
#11943 = CARTESIAN_POINT('',(56.6,22.,23.4));
#11944 = VECTOR('',#11945,1.);
#11945 = DIRECTION('',(0.,-0.707106781187,0.707106781187));
#11946 = PCURVE('',#5412,#11947);
#11947 = DEFINITIONAL_REPRESENTATION('',(#11948),#11952);
#11948 = LINE('',#11949,#11950);
#11949 = CARTESIAN_POINT('',(-1.4,-2.6));
#11950 = VECTOR('',#11951,1.);
#11951 = DIRECTION('',(0.707106781187,0.707106781187));
#11952 = ( GEOMETRIC_REPRESENTATION_CONTEXT(2) 
PARAMETRIC_REPRESENTATION_CONTEXT() REPRESENTATION_CONTEXT('2D SPACE',''
  ) );
#11953 = PCURVE('',#5387,#11954);
#11954 = DEFINITIONAL_REPRESENTATION('',(#11955),#11959);
#11955 = LINE('',#11956,#11957);
#11956 = CARTESIAN_POINT('',(0.,0.));
#11957 = VECTOR('',#11958,1.);
#11958 = DIRECTION('',(1.,0.));
#11959 = ( GEOMETRIC_REPRESENTATION_CONTEXT(2) 
PARAMETRIC_REPRESENTATION_CONTEXT() REPRESENTATION_CONTEXT('2D SPACE',''
  ) );
#11960 = ORIENTED_EDGE('',*,*,#11961,.F.);
#11961 = EDGE_CURVE('',#11823,#11939,#11962,.T.);
#11962 = SURFACE_CURVE('',#11963,(#11967,#11973),.PCURVE_S1.);
#11963 = LINE('',#11964,#11965);
#11964 = CARTESIAN_POINT('',(56.6,36.55,27.6));
#11965 = VECTOR('',#11966,1.);
#11966 = DIRECTION('',(-0.,-1.,0.));
#11967 = PCURVE('',#5412,#11968);
#11968 = DEFINITIONAL_REPRESENTATION('',(#11969),#11972);
#11969 = B_SPLINE_CURVE_WITH_KNOTS('',1,(#11970,#11971),.UNSPECIFIED.,
  .F.,.F.,(2,2),(12.15,19.75),.PIECEWISE_BEZIER_KNOTS.);
#11970 = CARTESIAN_POINT('',(-3.8,1.6));
#11971 = CARTESIAN_POINT('',(3.8,1.6));
#11972 = ( GEOMETRIC_REPRESENTATION_CONTEXT(2) 
PARAMETRIC_REPRESENTATION_CONTEXT() REPRESENTATION_CONTEXT('2D SPACE',''
  ) );
#11973 = PCURVE('',#9589,#11974);
#11974 = DEFINITIONAL_REPRESENTATION('',(#11975),#11978);
#11975 = B_SPLINE_CURVE_WITH_KNOTS('',1,(#11976,#11977),.UNSPECIFIED.,
  .F.,.F.,(2,2),(12.15,19.75),.PIECEWISE_BEZIER_KNOTS.);
#11976 = CARTESIAN_POINT('',(-13.4,-28.1));
#11977 = CARTESIAN_POINT('',(-13.4,-35.7));
#11978 = ( GEOMETRIC_REPRESENTATION_CONTEXT(2) 
PARAMETRIC_REPRESENTATION_CONTEXT() REPRESENTATION_CONTEXT('2D SPACE',''
  ) );
#11979 = ORIENTED_EDGE('',*,*,#11822,.T.);
#11980 = ORIENTED_EDGE('',*,*,#5398,.T.);
#11981 = ADVANCED_FACE('',(#11982),#5387,.F.);
#11982 = FACE_BOUND('',#11983,.F.);
#11983 = EDGE_LOOP('',(#11984,#11985,#11986,#11987));
#11984 = ORIENTED_EDGE('',*,*,#11938,.F.);
#11985 = ORIENTED_EDGE('',*,*,#5371,.T.);
#11986 = ORIENTED_EDGE('',*,*,#11891,.T.);
#11987 = ORIENTED_EDGE('',*,*,#11988,.F.);
#11988 = EDGE_CURVE('',#11939,#11892,#11989,.T.);
#11989 = SURFACE_CURVE('',#11990,(#11994,#12000),.PCURVE_S1.);
#11990 = LINE('',#11991,#11992);
#11991 = CARTESIAN_POINT('',(63.3,17.8,27.6));
#11992 = VECTOR('',#11993,1.);
#11993 = DIRECTION('',(1.,0.,-0.));
#11994 = PCURVE('',#5387,#11995);
#11995 = DEFINITIONAL_REPRESENTATION('',(#11996),#11999);
#11996 = B_SPLINE_CURVE_WITH_KNOTS('',1,(#11997,#11998),.UNSPECIFIED.,
  .F.,.F.,(2,2),(-6.7,45.3),.PIECEWISE_BEZIER_KNOTS.);
#11997 = CARTESIAN_POINT('',(5.939696961967,0.));
#11998 = CARTESIAN_POINT('',(5.939696961967,-52.));
#11999 = ( GEOMETRIC_REPRESENTATION_CONTEXT(2) 
PARAMETRIC_REPRESENTATION_CONTEXT() REPRESENTATION_CONTEXT('2D SPACE',''
  ) );
#12000 = PCURVE('',#9589,#12001);
#12001 = DEFINITIONAL_REPRESENTATION('',(#12002),#12005);
#12002 = B_SPLINE_CURVE_WITH_KNOTS('',1,(#12003,#12004),.UNSPECIFIED.,
  .F.,.F.,(2,2),(-6.7,45.3),.PIECEWISE_BEZIER_KNOTS.);
#12003 = CARTESIAN_POINT('',(-13.4,-34.7));
#12004 = CARTESIAN_POINT('',(38.6,-34.7));
#12005 = ( GEOMETRIC_REPRESENTATION_CONTEXT(2) 
PARAMETRIC_REPRESENTATION_CONTEXT() REPRESENTATION_CONTEXT('2D SPACE',''
  ) );
#12006 = ADVANCED_FACE('',(#12007),#5443,.F.);
#12007 = FACE_BOUND('',#12008,.F.);
#12008 = EDGE_LOOP('',(#12009,#12032,#12053,#12074));
#12009 = ORIENTED_EDGE('',*,*,#12010,.F.);
#12010 = EDGE_CURVE('',#12011,#5428,#12013,.T.);
#12011 = VERTEX_POINT('',#12012);
#12012 = CARTESIAN_POINT('',(56.6,27.2,27.6));
#12013 = SURFACE_CURVE('',#12014,(#12018,#12025),.PCURVE_S1.);
#12014 = LINE('',#12015,#12016);
#12015 = CARTESIAN_POINT('',(56.6,26.2,28.6));
#12016 = VECTOR('',#12017,1.);
#12017 = DIRECTION('',(0.,0.707106781187,-0.707106781187));
#12018 = PCURVE('',#5443,#12019);
#12019 = DEFINITIONAL_REPRESENTATION('',(#12020),#12024);
#12020 = LINE('',#12021,#12022);
#12021 = CARTESIAN_POINT('',(0.,0.));
#12022 = VECTOR('',#12023,1.);
#12023 = DIRECTION('',(1.,0.));
#12024 = ( GEOMETRIC_REPRESENTATION_CONTEXT(2) 
PARAMETRIC_REPRESENTATION_CONTEXT() REPRESENTATION_CONTEXT('2D SPACE',''
  ) );
#12025 = PCURVE('',#5522,#12026);
#12026 = DEFINITIONAL_REPRESENTATION('',(#12027),#12031);
#12027 = LINE('',#12028,#12029);
#12028 = CARTESIAN_POINT('',(1.4,2.6));
#12029 = VECTOR('',#12030,1.);
#12030 = DIRECTION('',(-0.707106781187,-0.707106781187));
#12031 = ( GEOMETRIC_REPRESENTATION_CONTEXT(2) 
PARAMETRIC_REPRESENTATION_CONTEXT() REPRESENTATION_CONTEXT('2D SPACE',''
  ) );
#12032 = ORIENTED_EDGE('',*,*,#12033,.F.);
#12033 = EDGE_CURVE('',#12034,#12011,#12036,.T.);
#12034 = VERTEX_POINT('',#12035);
#12035 = CARTESIAN_POINT('',(108.6,27.2,27.6));
#12036 = SURFACE_CURVE('',#12037,(#12041,#12047),.PCURVE_S1.);
#12037 = LINE('',#12038,#12039);
#12038 = CARTESIAN_POINT('',(63.3,27.2,27.6));
#12039 = VECTOR('',#12040,1.);
#12040 = DIRECTION('',(-1.,-0.,0.));
#12041 = PCURVE('',#5443,#12042);
#12042 = DEFINITIONAL_REPRESENTATION('',(#12043),#12046);
#12043 = B_SPLINE_CURVE_WITH_KNOTS('',1,(#12044,#12045),.UNSPECIFIED.,
  .F.,.F.,(2,2),(-45.3,6.7),.PIECEWISE_BEZIER_KNOTS.);
#12044 = CARTESIAN_POINT('',(1.414213562373,-52.));
#12045 = CARTESIAN_POINT('',(1.414213562373,0.));
#12046 = ( GEOMETRIC_REPRESENTATION_CONTEXT(2) 
PARAMETRIC_REPRESENTATION_CONTEXT() REPRESENTATION_CONTEXT('2D SPACE',''
  ) );
#12047 = PCURVE('',#9589,#12048);
#12048 = DEFINITIONAL_REPRESENTATION('',(#12049),#12052);
#12049 = B_SPLINE_CURVE_WITH_KNOTS('',1,(#12050,#12051),.UNSPECIFIED.,
  .F.,.F.,(2,2),(-45.3,6.7),.PIECEWISE_BEZIER_KNOTS.);
#12050 = CARTESIAN_POINT('',(38.6,-25.3));
#12051 = CARTESIAN_POINT('',(-13.4,-25.3));
#12052 = ( GEOMETRIC_REPRESENTATION_CONTEXT(2) 
PARAMETRIC_REPRESENTATION_CONTEXT() REPRESENTATION_CONTEXT('2D SPACE',''
  ) );
#12053 = ORIENTED_EDGE('',*,*,#12054,.T.);
#12054 = EDGE_CURVE('',#12034,#5426,#12055,.T.);
#12055 = SURFACE_CURVE('',#12056,(#12060,#12067),.PCURVE_S1.);
#12056 = LINE('',#12057,#12058);
#12057 = CARTESIAN_POINT('',(108.6,26.2,28.6));
#12058 = VECTOR('',#12059,1.);
#12059 = DIRECTION('',(0.,0.707106781187,-0.707106781187));
#12060 = PCURVE('',#5443,#12061);
#12061 = DEFINITIONAL_REPRESENTATION('',(#12062),#12066);
#12062 = LINE('',#12063,#12064);
#12063 = CARTESIAN_POINT('',(0.,-52.));
#12064 = VECTOR('',#12065,1.);
#12065 = DIRECTION('',(1.,0.));
#12066 = ( GEOMETRIC_REPRESENTATION_CONTEXT(2) 
PARAMETRIC_REPRESENTATION_CONTEXT() REPRESENTATION_CONTEXT('2D SPACE',''
  ) );
#12067 = PCURVE('',#5470,#12068);
#12068 = DEFINITIONAL_REPRESENTATION('',(#12069),#12073);
#12069 = LINE('',#12070,#12071);
#12070 = CARTESIAN_POINT('',(1.4,2.6));
#12071 = VECTOR('',#12072,1.);
#12072 = DIRECTION('',(-0.707106781187,-0.707106781187));
#12073 = ( GEOMETRIC_REPRESENTATION_CONTEXT(2) 
PARAMETRIC_REPRESENTATION_CONTEXT() REPRESENTATION_CONTEXT('2D SPACE',''
  ) );
#12074 = ORIENTED_EDGE('',*,*,#5425,.T.);
#12075 = ADVANCED_FACE('',(#12076),#5470,.T.);
#12076 = FACE_BOUND('',#12077,.T.);
#12077 = EDGE_LOOP('',(#12078,#12101,#12120,#12121));
#12078 = ORIENTED_EDGE('',*,*,#12079,.T.);
#12079 = EDGE_CURVE('',#5455,#12080,#12082,.T.);
#12080 = VERTEX_POINT('',#12081);
#12081 = CARTESIAN_POINT('',(108.6,24.8,27.6));
#12082 = SURFACE_CURVE('',#12083,(#12087,#12094),.PCURVE_S1.);
#12083 = LINE('',#12084,#12085);
#12084 = CARTESIAN_POINT('',(108.6,29.,23.4));
#12085 = VECTOR('',#12086,1.);
#12086 = DIRECTION('',(0.,-0.707106781187,0.707106781187));
#12087 = PCURVE('',#5470,#12088);
#12088 = DEFINITIONAL_REPRESENTATION('',(#12089),#12093);
#12089 = LINE('',#12090,#12091);
#12090 = CARTESIAN_POINT('',(-1.4,-2.6));
#12091 = VECTOR('',#12092,1.);
#12092 = DIRECTION('',(0.707106781187,0.707106781187));
#12093 = ( GEOMETRIC_REPRESENTATION_CONTEXT(2) 
PARAMETRIC_REPRESENTATION_CONTEXT() REPRESENTATION_CONTEXT('2D SPACE',''
  ) );
#12094 = PCURVE('',#5497,#12095);
#12095 = DEFINITIONAL_REPRESENTATION('',(#12096),#12100);
#12096 = LINE('',#12097,#12098);
#12097 = CARTESIAN_POINT('',(0.,-52.));
#12098 = VECTOR('',#12099,1.);
#12099 = DIRECTION('',(1.,0.));
#12100 = ( GEOMETRIC_REPRESENTATION_CONTEXT(2) 
PARAMETRIC_REPRESENTATION_CONTEXT() REPRESENTATION_CONTEXT('2D SPACE',''
  ) );
#12101 = ORIENTED_EDGE('',*,*,#12102,.F.);
#12102 = EDGE_CURVE('',#12034,#12080,#12103,.T.);
#12103 = SURFACE_CURVE('',#12104,(#12108,#12114),.PCURVE_S1.);
#12104 = LINE('',#12105,#12106);
#12105 = CARTESIAN_POINT('',(108.6,40.05,27.6));
#12106 = VECTOR('',#12107,1.);
#12107 = DIRECTION('',(-0.,-1.,0.));
#12108 = PCURVE('',#5470,#12109);
#12109 = DEFINITIONAL_REPRESENTATION('',(#12110),#12113);
#12110 = B_SPLINE_CURVE_WITH_KNOTS('',1,(#12111,#12112),.UNSPECIFIED.,
  .F.,.F.,(2,2),(8.65,16.25),.PIECEWISE_BEZIER_KNOTS.);
#12111 = CARTESIAN_POINT('',(-3.8,1.6));
#12112 = CARTESIAN_POINT('',(3.8,1.6));
#12113 = ( GEOMETRIC_REPRESENTATION_CONTEXT(2) 
PARAMETRIC_REPRESENTATION_CONTEXT() REPRESENTATION_CONTEXT('2D SPACE',''
  ) );
#12114 = PCURVE('',#9589,#12115);
#12115 = DEFINITIONAL_REPRESENTATION('',(#12116),#12119);
#12116 = B_SPLINE_CURVE_WITH_KNOTS('',1,(#12117,#12118),.UNSPECIFIED.,
  .F.,.F.,(2,2),(8.65,16.25),.PIECEWISE_BEZIER_KNOTS.);
#12117 = CARTESIAN_POINT('',(38.6,-21.1));
#12118 = CARTESIAN_POINT('',(38.6,-28.7));
#12119 = ( GEOMETRIC_REPRESENTATION_CONTEXT(2) 
PARAMETRIC_REPRESENTATION_CONTEXT() REPRESENTATION_CONTEXT('2D SPACE',''
  ) );
#12120 = ORIENTED_EDGE('',*,*,#12054,.T.);
#12121 = ORIENTED_EDGE('',*,*,#5454,.T.);
#12122 = ADVANCED_FACE('',(#12123),#5522,.F.);
#12123 = FACE_BOUND('',#12124,.F.);
#12124 = EDGE_LOOP('',(#12125,#12148,#12167,#12168));
#12125 = ORIENTED_EDGE('',*,*,#12126,.T.);
#12126 = EDGE_CURVE('',#5482,#12127,#12129,.T.);
#12127 = VERTEX_POINT('',#12128);
#12128 = CARTESIAN_POINT('',(56.6,24.8,27.6));
#12129 = SURFACE_CURVE('',#12130,(#12134,#12141),.PCURVE_S1.);
#12130 = LINE('',#12131,#12132);
#12131 = CARTESIAN_POINT('',(56.6,29.,23.4));
#12132 = VECTOR('',#12133,1.);
#12133 = DIRECTION('',(0.,-0.707106781187,0.707106781187));
#12134 = PCURVE('',#5522,#12135);
#12135 = DEFINITIONAL_REPRESENTATION('',(#12136),#12140);
#12136 = LINE('',#12137,#12138);
#12137 = CARTESIAN_POINT('',(-1.4,-2.6));
#12138 = VECTOR('',#12139,1.);
#12139 = DIRECTION('',(0.707106781187,0.707106781187));
#12140 = ( GEOMETRIC_REPRESENTATION_CONTEXT(2) 
PARAMETRIC_REPRESENTATION_CONTEXT() REPRESENTATION_CONTEXT('2D SPACE',''
  ) );
#12141 = PCURVE('',#5497,#12142);
#12142 = DEFINITIONAL_REPRESENTATION('',(#12143),#12147);
#12143 = LINE('',#12144,#12145);
#12144 = CARTESIAN_POINT('',(0.,0.));
#12145 = VECTOR('',#12146,1.);
#12146 = DIRECTION('',(1.,0.));
#12147 = ( GEOMETRIC_REPRESENTATION_CONTEXT(2) 
PARAMETRIC_REPRESENTATION_CONTEXT() REPRESENTATION_CONTEXT('2D SPACE',''
  ) );
#12148 = ORIENTED_EDGE('',*,*,#12149,.F.);
#12149 = EDGE_CURVE('',#12011,#12127,#12150,.T.);
#12150 = SURFACE_CURVE('',#12151,(#12155,#12161),.PCURVE_S1.);
#12151 = LINE('',#12152,#12153);
#12152 = CARTESIAN_POINT('',(56.6,40.05,27.6));
#12153 = VECTOR('',#12154,1.);
#12154 = DIRECTION('',(-0.,-1.,0.));
#12155 = PCURVE('',#5522,#12156);
#12156 = DEFINITIONAL_REPRESENTATION('',(#12157),#12160);
#12157 = B_SPLINE_CURVE_WITH_KNOTS('',1,(#12158,#12159),.UNSPECIFIED.,
  .F.,.F.,(2,2),(8.65,16.25),.PIECEWISE_BEZIER_KNOTS.);
#12158 = CARTESIAN_POINT('',(-3.8,1.6));
#12159 = CARTESIAN_POINT('',(3.8,1.6));
#12160 = ( GEOMETRIC_REPRESENTATION_CONTEXT(2) 
PARAMETRIC_REPRESENTATION_CONTEXT() REPRESENTATION_CONTEXT('2D SPACE',''
  ) );
#12161 = PCURVE('',#9589,#12162);
#12162 = DEFINITIONAL_REPRESENTATION('',(#12163),#12166);
#12163 = B_SPLINE_CURVE_WITH_KNOTS('',1,(#12164,#12165),.UNSPECIFIED.,
  .F.,.F.,(2,2),(8.65,16.25),.PIECEWISE_BEZIER_KNOTS.);
#12164 = CARTESIAN_POINT('',(-13.4,-21.1));
#12165 = CARTESIAN_POINT('',(-13.4,-28.7));
#12166 = ( GEOMETRIC_REPRESENTATION_CONTEXT(2) 
PARAMETRIC_REPRESENTATION_CONTEXT() REPRESENTATION_CONTEXT('2D SPACE',''
  ) );
#12167 = ORIENTED_EDGE('',*,*,#12010,.T.);
#12168 = ORIENTED_EDGE('',*,*,#5508,.T.);
#12169 = ADVANCED_FACE('',(#12170),#5497,.F.);
#12170 = FACE_BOUND('',#12171,.F.);
#12171 = EDGE_LOOP('',(#12172,#12173,#12174,#12175));
#12172 = ORIENTED_EDGE('',*,*,#12126,.F.);
#12173 = ORIENTED_EDGE('',*,*,#5481,.T.);
#12174 = ORIENTED_EDGE('',*,*,#12079,.T.);
#12175 = ORIENTED_EDGE('',*,*,#12176,.F.);
#12176 = EDGE_CURVE('',#12127,#12080,#12177,.T.);
#12177 = SURFACE_CURVE('',#12178,(#12182,#12188),.PCURVE_S1.);
#12178 = LINE('',#12179,#12180);
#12179 = CARTESIAN_POINT('',(63.3,24.8,27.6));
#12180 = VECTOR('',#12181,1.);
#12181 = DIRECTION('',(1.,0.,-0.));
#12182 = PCURVE('',#5497,#12183);
#12183 = DEFINITIONAL_REPRESENTATION('',(#12184),#12187);
#12184 = B_SPLINE_CURVE_WITH_KNOTS('',1,(#12185,#12186),.UNSPECIFIED.,
  .F.,.F.,(2,2),(-6.7,45.3),.PIECEWISE_BEZIER_KNOTS.);
#12185 = CARTESIAN_POINT('',(5.939696961967,0.));
#12186 = CARTESIAN_POINT('',(5.939696961967,-52.));
#12187 = ( GEOMETRIC_REPRESENTATION_CONTEXT(2) 
PARAMETRIC_REPRESENTATION_CONTEXT() REPRESENTATION_CONTEXT('2D SPACE',''
  ) );
#12188 = PCURVE('',#9589,#12189);
#12189 = DEFINITIONAL_REPRESENTATION('',(#12190),#12193);
#12190 = B_SPLINE_CURVE_WITH_KNOTS('',1,(#12191,#12192),.UNSPECIFIED.,
  .F.,.F.,(2,2),(-6.7,45.3),.PIECEWISE_BEZIER_KNOTS.);
#12191 = CARTESIAN_POINT('',(-13.4,-27.7));
#12192 = CARTESIAN_POINT('',(38.6,-27.7));
#12193 = ( GEOMETRIC_REPRESENTATION_CONTEXT(2) 
PARAMETRIC_REPRESENTATION_CONTEXT() REPRESENTATION_CONTEXT('2D SPACE',''
  ) );
#12194 = ADVANCED_FACE('',(#12195),#5553,.F.);
#12195 = FACE_BOUND('',#12196,.F.);
#12196 = EDGE_LOOP('',(#12197,#12220,#12241,#12262));
#12197 = ORIENTED_EDGE('',*,*,#12198,.F.);
#12198 = EDGE_CURVE('',#12199,#5538,#12201,.T.);
#12199 = VERTEX_POINT('',#12200);
#12200 = CARTESIAN_POINT('',(56.6,34.2,27.6));
#12201 = SURFACE_CURVE('',#12202,(#12206,#12213),.PCURVE_S1.);
#12202 = LINE('',#12203,#12204);
#12203 = CARTESIAN_POINT('',(56.6,33.2,28.6));
#12204 = VECTOR('',#12205,1.);
#12205 = DIRECTION('',(0.,0.707106781187,-0.707106781187));
#12206 = PCURVE('',#5553,#12207);
#12207 = DEFINITIONAL_REPRESENTATION('',(#12208),#12212);
#12208 = LINE('',#12209,#12210);
#12209 = CARTESIAN_POINT('',(0.,0.));
#12210 = VECTOR('',#12211,1.);
#12211 = DIRECTION('',(1.,0.));
#12212 = ( GEOMETRIC_REPRESENTATION_CONTEXT(2) 
PARAMETRIC_REPRESENTATION_CONTEXT() REPRESENTATION_CONTEXT('2D SPACE',''
  ) );
#12213 = PCURVE('',#5632,#12214);
#12214 = DEFINITIONAL_REPRESENTATION('',(#12215),#12219);
#12215 = LINE('',#12216,#12217);
#12216 = CARTESIAN_POINT('',(1.4,2.6));
#12217 = VECTOR('',#12218,1.);
#12218 = DIRECTION('',(-0.707106781187,-0.707106781187));
#12219 = ( GEOMETRIC_REPRESENTATION_CONTEXT(2) 
PARAMETRIC_REPRESENTATION_CONTEXT() REPRESENTATION_CONTEXT('2D SPACE',''
  ) );
#12220 = ORIENTED_EDGE('',*,*,#12221,.F.);
#12221 = EDGE_CURVE('',#12222,#12199,#12224,.T.);
#12222 = VERTEX_POINT('',#12223);
#12223 = CARTESIAN_POINT('',(108.6,34.2,27.6));
#12224 = SURFACE_CURVE('',#12225,(#12229,#12235),.PCURVE_S1.);
#12225 = LINE('',#12226,#12227);
#12226 = CARTESIAN_POINT('',(63.3,34.2,27.6));
#12227 = VECTOR('',#12228,1.);
#12228 = DIRECTION('',(-1.,-0.,0.));
#12229 = PCURVE('',#5553,#12230);
#12230 = DEFINITIONAL_REPRESENTATION('',(#12231),#12234);
#12231 = B_SPLINE_CURVE_WITH_KNOTS('',1,(#12232,#12233),.UNSPECIFIED.,
  .F.,.F.,(2,2),(-45.3,6.7),.PIECEWISE_BEZIER_KNOTS.);
#12232 = CARTESIAN_POINT('',(1.414213562373,-52.));
#12233 = CARTESIAN_POINT('',(1.414213562373,0.));
#12234 = ( GEOMETRIC_REPRESENTATION_CONTEXT(2) 
PARAMETRIC_REPRESENTATION_CONTEXT() REPRESENTATION_CONTEXT('2D SPACE',''
  ) );
#12235 = PCURVE('',#9589,#12236);
#12236 = DEFINITIONAL_REPRESENTATION('',(#12237),#12240);
#12237 = B_SPLINE_CURVE_WITH_KNOTS('',1,(#12238,#12239),.UNSPECIFIED.,
  .F.,.F.,(2,2),(-45.3,6.7),.PIECEWISE_BEZIER_KNOTS.);
#12238 = CARTESIAN_POINT('',(38.6,-18.3));
#12239 = CARTESIAN_POINT('',(-13.4,-18.3));
#12240 = ( GEOMETRIC_REPRESENTATION_CONTEXT(2) 
PARAMETRIC_REPRESENTATION_CONTEXT() REPRESENTATION_CONTEXT('2D SPACE',''
  ) );
#12241 = ORIENTED_EDGE('',*,*,#12242,.T.);
#12242 = EDGE_CURVE('',#12222,#5536,#12243,.T.);
#12243 = SURFACE_CURVE('',#12244,(#12248,#12255),.PCURVE_S1.);
#12244 = LINE('',#12245,#12246);
#12245 = CARTESIAN_POINT('',(108.6,33.2,28.6));
#12246 = VECTOR('',#12247,1.);
#12247 = DIRECTION('',(0.,0.707106781187,-0.707106781187));
#12248 = PCURVE('',#5553,#12249);
#12249 = DEFINITIONAL_REPRESENTATION('',(#12250),#12254);
#12250 = LINE('',#12251,#12252);
#12251 = CARTESIAN_POINT('',(0.,-52.));
#12252 = VECTOR('',#12253,1.);
#12253 = DIRECTION('',(1.,0.));
#12254 = ( GEOMETRIC_REPRESENTATION_CONTEXT(2) 
PARAMETRIC_REPRESENTATION_CONTEXT() REPRESENTATION_CONTEXT('2D SPACE',''
  ) );
#12255 = PCURVE('',#5580,#12256);
#12256 = DEFINITIONAL_REPRESENTATION('',(#12257),#12261);
#12257 = LINE('',#12258,#12259);
#12258 = CARTESIAN_POINT('',(1.4,2.6));
#12259 = VECTOR('',#12260,1.);
#12260 = DIRECTION('',(-0.707106781187,-0.707106781187));
#12261 = ( GEOMETRIC_REPRESENTATION_CONTEXT(2) 
PARAMETRIC_REPRESENTATION_CONTEXT() REPRESENTATION_CONTEXT('2D SPACE',''
  ) );
#12262 = ORIENTED_EDGE('',*,*,#5535,.T.);
#12263 = ADVANCED_FACE('',(#12264),#5580,.T.);
#12264 = FACE_BOUND('',#12265,.T.);
#12265 = EDGE_LOOP('',(#12266,#12289,#12308,#12309));
#12266 = ORIENTED_EDGE('',*,*,#12267,.T.);
#12267 = EDGE_CURVE('',#5565,#12268,#12270,.T.);
#12268 = VERTEX_POINT('',#12269);
#12269 = CARTESIAN_POINT('',(108.6,31.8,27.6));
#12270 = SURFACE_CURVE('',#12271,(#12275,#12282),.PCURVE_S1.);
#12271 = LINE('',#12272,#12273);
#12272 = CARTESIAN_POINT('',(108.6,36.,23.4));
#12273 = VECTOR('',#12274,1.);
#12274 = DIRECTION('',(0.,-0.707106781187,0.707106781187));
#12275 = PCURVE('',#5580,#12276);
#12276 = DEFINITIONAL_REPRESENTATION('',(#12277),#12281);
#12277 = LINE('',#12278,#12279);
#12278 = CARTESIAN_POINT('',(-1.4,-2.6));
#12279 = VECTOR('',#12280,1.);
#12280 = DIRECTION('',(0.707106781187,0.707106781187));
#12281 = ( GEOMETRIC_REPRESENTATION_CONTEXT(2) 
PARAMETRIC_REPRESENTATION_CONTEXT() REPRESENTATION_CONTEXT('2D SPACE',''
  ) );
#12282 = PCURVE('',#5607,#12283);
#12283 = DEFINITIONAL_REPRESENTATION('',(#12284),#12288);
#12284 = LINE('',#12285,#12286);
#12285 = CARTESIAN_POINT('',(0.,-52.));
#12286 = VECTOR('',#12287,1.);
#12287 = DIRECTION('',(1.,0.));
#12288 = ( GEOMETRIC_REPRESENTATION_CONTEXT(2) 
PARAMETRIC_REPRESENTATION_CONTEXT() REPRESENTATION_CONTEXT('2D SPACE',''
  ) );
#12289 = ORIENTED_EDGE('',*,*,#12290,.F.);
#12290 = EDGE_CURVE('',#12222,#12268,#12291,.T.);
#12291 = SURFACE_CURVE('',#12292,(#12296,#12302),.PCURVE_S1.);
#12292 = LINE('',#12293,#12294);
#12293 = CARTESIAN_POINT('',(108.6,43.55,27.6));
#12294 = VECTOR('',#12295,1.);
#12295 = DIRECTION('',(-0.,-1.,0.));
#12296 = PCURVE('',#5580,#12297);
#12297 = DEFINITIONAL_REPRESENTATION('',(#12298),#12301);
#12298 = B_SPLINE_CURVE_WITH_KNOTS('',1,(#12299,#12300),.UNSPECIFIED.,
  .F.,.F.,(2,2),(5.15,12.75),.PIECEWISE_BEZIER_KNOTS.);
#12299 = CARTESIAN_POINT('',(-3.8,1.6));
#12300 = CARTESIAN_POINT('',(3.8,1.6));
#12301 = ( GEOMETRIC_REPRESENTATION_CONTEXT(2) 
PARAMETRIC_REPRESENTATION_CONTEXT() REPRESENTATION_CONTEXT('2D SPACE',''
  ) );
#12302 = PCURVE('',#9589,#12303);
#12303 = DEFINITIONAL_REPRESENTATION('',(#12304),#12307);
#12304 = B_SPLINE_CURVE_WITH_KNOTS('',1,(#12305,#12306),.UNSPECIFIED.,
  .F.,.F.,(2,2),(5.15,12.75),.PIECEWISE_BEZIER_KNOTS.);
#12305 = CARTESIAN_POINT('',(38.6,-14.1));
#12306 = CARTESIAN_POINT('',(38.6,-21.7));
#12307 = ( GEOMETRIC_REPRESENTATION_CONTEXT(2) 
PARAMETRIC_REPRESENTATION_CONTEXT() REPRESENTATION_CONTEXT('2D SPACE',''
  ) );
#12308 = ORIENTED_EDGE('',*,*,#12242,.T.);
#12309 = ORIENTED_EDGE('',*,*,#5564,.T.);
#12310 = ADVANCED_FACE('',(#12311),#5632,.F.);
#12311 = FACE_BOUND('',#12312,.F.);
#12312 = EDGE_LOOP('',(#12313,#12336,#12355,#12356));
#12313 = ORIENTED_EDGE('',*,*,#12314,.T.);
#12314 = EDGE_CURVE('',#5592,#12315,#12317,.T.);
#12315 = VERTEX_POINT('',#12316);
#12316 = CARTESIAN_POINT('',(56.6,31.8,27.6));
#12317 = SURFACE_CURVE('',#12318,(#12322,#12329),.PCURVE_S1.);
#12318 = LINE('',#12319,#12320);
#12319 = CARTESIAN_POINT('',(56.6,36.,23.4));
#12320 = VECTOR('',#12321,1.);
#12321 = DIRECTION('',(0.,-0.707106781187,0.707106781187));
#12322 = PCURVE('',#5632,#12323);
#12323 = DEFINITIONAL_REPRESENTATION('',(#12324),#12328);
#12324 = LINE('',#12325,#12326);
#12325 = CARTESIAN_POINT('',(-1.4,-2.6));
#12326 = VECTOR('',#12327,1.);
#12327 = DIRECTION('',(0.707106781187,0.707106781187));
#12328 = ( GEOMETRIC_REPRESENTATION_CONTEXT(2) 
PARAMETRIC_REPRESENTATION_CONTEXT() REPRESENTATION_CONTEXT('2D SPACE',''
  ) );
#12329 = PCURVE('',#5607,#12330);
#12330 = DEFINITIONAL_REPRESENTATION('',(#12331),#12335);
#12331 = LINE('',#12332,#12333);
#12332 = CARTESIAN_POINT('',(0.,0.));
#12333 = VECTOR('',#12334,1.);
#12334 = DIRECTION('',(1.,0.));
#12335 = ( GEOMETRIC_REPRESENTATION_CONTEXT(2) 
PARAMETRIC_REPRESENTATION_CONTEXT() REPRESENTATION_CONTEXT('2D SPACE',''
  ) );
#12336 = ORIENTED_EDGE('',*,*,#12337,.F.);
#12337 = EDGE_CURVE('',#12199,#12315,#12338,.T.);
#12338 = SURFACE_CURVE('',#12339,(#12343,#12349),.PCURVE_S1.);
#12339 = LINE('',#12340,#12341);
#12340 = CARTESIAN_POINT('',(56.6,43.55,27.6));
#12341 = VECTOR('',#12342,1.);
#12342 = DIRECTION('',(-0.,-1.,0.));
#12343 = PCURVE('',#5632,#12344);
#12344 = DEFINITIONAL_REPRESENTATION('',(#12345),#12348);
#12345 = B_SPLINE_CURVE_WITH_KNOTS('',1,(#12346,#12347),.UNSPECIFIED.,
  .F.,.F.,(2,2),(5.15,12.75),.PIECEWISE_BEZIER_KNOTS.);
#12346 = CARTESIAN_POINT('',(-3.8,1.6));
#12347 = CARTESIAN_POINT('',(3.8,1.6));
#12348 = ( GEOMETRIC_REPRESENTATION_CONTEXT(2) 
PARAMETRIC_REPRESENTATION_CONTEXT() REPRESENTATION_CONTEXT('2D SPACE',''
  ) );
#12349 = PCURVE('',#9589,#12350);
#12350 = DEFINITIONAL_REPRESENTATION('',(#12351),#12354);
#12351 = B_SPLINE_CURVE_WITH_KNOTS('',1,(#12352,#12353),.UNSPECIFIED.,
  .F.,.F.,(2,2),(5.15,12.75),.PIECEWISE_BEZIER_KNOTS.);
#12352 = CARTESIAN_POINT('',(-13.4,-14.1));
#12353 = CARTESIAN_POINT('',(-13.4,-21.7));
#12354 = ( GEOMETRIC_REPRESENTATION_CONTEXT(2) 
PARAMETRIC_REPRESENTATION_CONTEXT() REPRESENTATION_CONTEXT('2D SPACE',''
  ) );
#12355 = ORIENTED_EDGE('',*,*,#12198,.T.);
#12356 = ORIENTED_EDGE('',*,*,#5618,.T.);
#12357 = ADVANCED_FACE('',(#12358),#5607,.F.);
#12358 = FACE_BOUND('',#12359,.F.);
#12359 = EDGE_LOOP('',(#12360,#12361,#12362,#12363));
#12360 = ORIENTED_EDGE('',*,*,#12314,.F.);
#12361 = ORIENTED_EDGE('',*,*,#5591,.T.);
#12362 = ORIENTED_EDGE('',*,*,#12267,.T.);
#12363 = ORIENTED_EDGE('',*,*,#12364,.F.);
#12364 = EDGE_CURVE('',#12315,#12268,#12365,.T.);
#12365 = SURFACE_CURVE('',#12366,(#12370,#12376),.PCURVE_S1.);
#12366 = LINE('',#12367,#12368);
#12367 = CARTESIAN_POINT('',(63.3,31.8,27.6));
#12368 = VECTOR('',#12369,1.);
#12369 = DIRECTION('',(1.,0.,-0.));
#12370 = PCURVE('',#5607,#12371);
#12371 = DEFINITIONAL_REPRESENTATION('',(#12372),#12375);
#12372 = B_SPLINE_CURVE_WITH_KNOTS('',1,(#12373,#12374),.UNSPECIFIED.,
  .F.,.F.,(2,2),(-6.7,45.3),.PIECEWISE_BEZIER_KNOTS.);
#12373 = CARTESIAN_POINT('',(5.939696961967,0.));
#12374 = CARTESIAN_POINT('',(5.939696961967,-52.));
#12375 = ( GEOMETRIC_REPRESENTATION_CONTEXT(2) 
PARAMETRIC_REPRESENTATION_CONTEXT() REPRESENTATION_CONTEXT('2D SPACE',''
  ) );
#12376 = PCURVE('',#9589,#12377);
#12377 = DEFINITIONAL_REPRESENTATION('',(#12378),#12381);
#12378 = B_SPLINE_CURVE_WITH_KNOTS('',1,(#12379,#12380),.UNSPECIFIED.,
  .F.,.F.,(2,2),(-6.7,45.3),.PIECEWISE_BEZIER_KNOTS.);
#12379 = CARTESIAN_POINT('',(-13.4,-20.7));
#12380 = CARTESIAN_POINT('',(38.6,-20.7));
#12381 = ( GEOMETRIC_REPRESENTATION_CONTEXT(2) 
PARAMETRIC_REPRESENTATION_CONTEXT() REPRESENTATION_CONTEXT('2D SPACE',''
  ) );
#12382 = ADVANCED_FACE('',(#12383),#5663,.F.);
#12383 = FACE_BOUND('',#12384,.F.);
#12384 = EDGE_LOOP('',(#12385,#12408,#12429,#12450));
#12385 = ORIENTED_EDGE('',*,*,#12386,.F.);
#12386 = EDGE_CURVE('',#12387,#5648,#12389,.T.);
#12387 = VERTEX_POINT('',#12388);
#12388 = CARTESIAN_POINT('',(56.6,41.2,27.6));
#12389 = SURFACE_CURVE('',#12390,(#12394,#12401),.PCURVE_S1.);
#12390 = LINE('',#12391,#12392);
#12391 = CARTESIAN_POINT('',(56.6,40.2,28.6));
#12392 = VECTOR('',#12393,1.);
#12393 = DIRECTION('',(0.,0.707106781187,-0.707106781187));
#12394 = PCURVE('',#5663,#12395);
#12395 = DEFINITIONAL_REPRESENTATION('',(#12396),#12400);
#12396 = LINE('',#12397,#12398);
#12397 = CARTESIAN_POINT('',(0.,0.));
#12398 = VECTOR('',#12399,1.);
#12399 = DIRECTION('',(1.,0.));
#12400 = ( GEOMETRIC_REPRESENTATION_CONTEXT(2) 
PARAMETRIC_REPRESENTATION_CONTEXT() REPRESENTATION_CONTEXT('2D SPACE',''
  ) );
#12401 = PCURVE('',#5742,#12402);
#12402 = DEFINITIONAL_REPRESENTATION('',(#12403),#12407);
#12403 = LINE('',#12404,#12405);
#12404 = CARTESIAN_POINT('',(1.4,2.6));
#12405 = VECTOR('',#12406,1.);
#12406 = DIRECTION('',(-0.707106781187,-0.707106781187));
#12407 = ( GEOMETRIC_REPRESENTATION_CONTEXT(2) 
PARAMETRIC_REPRESENTATION_CONTEXT() REPRESENTATION_CONTEXT('2D SPACE',''
  ) );
#12408 = ORIENTED_EDGE('',*,*,#12409,.F.);
#12409 = EDGE_CURVE('',#12410,#12387,#12412,.T.);
#12410 = VERTEX_POINT('',#12411);
#12411 = CARTESIAN_POINT('',(108.6,41.2,27.6));
#12412 = SURFACE_CURVE('',#12413,(#12417,#12423),.PCURVE_S1.);
#12413 = LINE('',#12414,#12415);
#12414 = CARTESIAN_POINT('',(63.3,41.2,27.6));
#12415 = VECTOR('',#12416,1.);
#12416 = DIRECTION('',(-1.,-0.,0.));
#12417 = PCURVE('',#5663,#12418);
#12418 = DEFINITIONAL_REPRESENTATION('',(#12419),#12422);
#12419 = B_SPLINE_CURVE_WITH_KNOTS('',1,(#12420,#12421),.UNSPECIFIED.,
  .F.,.F.,(2,2),(-45.3,6.7),.PIECEWISE_BEZIER_KNOTS.);
#12420 = CARTESIAN_POINT('',(1.414213562373,-52.));
#12421 = CARTESIAN_POINT('',(1.414213562373,0.));
#12422 = ( GEOMETRIC_REPRESENTATION_CONTEXT(2) 
PARAMETRIC_REPRESENTATION_CONTEXT() REPRESENTATION_CONTEXT('2D SPACE',''
  ) );
#12423 = PCURVE('',#9589,#12424);
#12424 = DEFINITIONAL_REPRESENTATION('',(#12425),#12428);
#12425 = B_SPLINE_CURVE_WITH_KNOTS('',1,(#12426,#12427),.UNSPECIFIED.,
  .F.,.F.,(2,2),(-45.3,6.7),.PIECEWISE_BEZIER_KNOTS.);
#12426 = CARTESIAN_POINT('',(38.6,-11.3));
#12427 = CARTESIAN_POINT('',(-13.4,-11.3));
#12428 = ( GEOMETRIC_REPRESENTATION_CONTEXT(2) 
PARAMETRIC_REPRESENTATION_CONTEXT() REPRESENTATION_CONTEXT('2D SPACE',''
  ) );
#12429 = ORIENTED_EDGE('',*,*,#12430,.T.);
#12430 = EDGE_CURVE('',#12410,#5646,#12431,.T.);
#12431 = SURFACE_CURVE('',#12432,(#12436,#12443),.PCURVE_S1.);
#12432 = LINE('',#12433,#12434);
#12433 = CARTESIAN_POINT('',(108.6,40.2,28.6));
#12434 = VECTOR('',#12435,1.);
#12435 = DIRECTION('',(0.,0.707106781187,-0.707106781187));
#12436 = PCURVE('',#5663,#12437);
#12437 = DEFINITIONAL_REPRESENTATION('',(#12438),#12442);
#12438 = LINE('',#12439,#12440);
#12439 = CARTESIAN_POINT('',(0.,-52.));
#12440 = VECTOR('',#12441,1.);
#12441 = DIRECTION('',(1.,0.));
#12442 = ( GEOMETRIC_REPRESENTATION_CONTEXT(2) 
PARAMETRIC_REPRESENTATION_CONTEXT() REPRESENTATION_CONTEXT('2D SPACE',''
  ) );
#12443 = PCURVE('',#5690,#12444);
#12444 = DEFINITIONAL_REPRESENTATION('',(#12445),#12449);
#12445 = LINE('',#12446,#12447);
#12446 = CARTESIAN_POINT('',(1.4,2.6));
#12447 = VECTOR('',#12448,1.);
#12448 = DIRECTION('',(-0.707106781187,-0.707106781187));
#12449 = ( GEOMETRIC_REPRESENTATION_CONTEXT(2) 
PARAMETRIC_REPRESENTATION_CONTEXT() REPRESENTATION_CONTEXT('2D SPACE',''
  ) );
#12450 = ORIENTED_EDGE('',*,*,#5645,.T.);
#12451 = ADVANCED_FACE('',(#12452),#5690,.T.);
#12452 = FACE_BOUND('',#12453,.T.);
#12453 = EDGE_LOOP('',(#12454,#12477,#12496,#12497));
#12454 = ORIENTED_EDGE('',*,*,#12455,.T.);
#12455 = EDGE_CURVE('',#5675,#12456,#12458,.T.);
#12456 = VERTEX_POINT('',#12457);
#12457 = CARTESIAN_POINT('',(108.6,38.8,27.6));
#12458 = SURFACE_CURVE('',#12459,(#12463,#12470),.PCURVE_S1.);
#12459 = LINE('',#12460,#12461);
#12460 = CARTESIAN_POINT('',(108.6,43.,23.4));
#12461 = VECTOR('',#12462,1.);
#12462 = DIRECTION('',(0.,-0.707106781187,0.707106781187));
#12463 = PCURVE('',#5690,#12464);
#12464 = DEFINITIONAL_REPRESENTATION('',(#12465),#12469);
#12465 = LINE('',#12466,#12467);
#12466 = CARTESIAN_POINT('',(-1.4,-2.6));
#12467 = VECTOR('',#12468,1.);
#12468 = DIRECTION('',(0.707106781187,0.707106781187));
#12469 = ( GEOMETRIC_REPRESENTATION_CONTEXT(2) 
PARAMETRIC_REPRESENTATION_CONTEXT() REPRESENTATION_CONTEXT('2D SPACE',''
  ) );
#12470 = PCURVE('',#5717,#12471);
#12471 = DEFINITIONAL_REPRESENTATION('',(#12472),#12476);
#12472 = LINE('',#12473,#12474);
#12473 = CARTESIAN_POINT('',(0.,-52.));
#12474 = VECTOR('',#12475,1.);
#12475 = DIRECTION('',(1.,0.));
#12476 = ( GEOMETRIC_REPRESENTATION_CONTEXT(2) 
PARAMETRIC_REPRESENTATION_CONTEXT() REPRESENTATION_CONTEXT('2D SPACE',''
  ) );
#12477 = ORIENTED_EDGE('',*,*,#12478,.F.);
#12478 = EDGE_CURVE('',#12410,#12456,#12479,.T.);
#12479 = SURFACE_CURVE('',#12480,(#12484,#12490),.PCURVE_S1.);
#12480 = LINE('',#12481,#12482);
#12481 = CARTESIAN_POINT('',(108.6,47.05,27.6));
#12482 = VECTOR('',#12483,1.);
#12483 = DIRECTION('',(-0.,-1.,0.));
#12484 = PCURVE('',#5690,#12485);
#12485 = DEFINITIONAL_REPRESENTATION('',(#12486),#12489);
#12486 = B_SPLINE_CURVE_WITH_KNOTS('',1,(#12487,#12488),.UNSPECIFIED.,
  .F.,.F.,(2,2),(1.65,9.25),.PIECEWISE_BEZIER_KNOTS.);
#12487 = CARTESIAN_POINT('',(-3.8,1.6));
#12488 = CARTESIAN_POINT('',(3.8,1.6));
#12489 = ( GEOMETRIC_REPRESENTATION_CONTEXT(2) 
PARAMETRIC_REPRESENTATION_CONTEXT() REPRESENTATION_CONTEXT('2D SPACE',''
  ) );
#12490 = PCURVE('',#9589,#12491);
#12491 = DEFINITIONAL_REPRESENTATION('',(#12492),#12495);
#12492 = B_SPLINE_CURVE_WITH_KNOTS('',1,(#12493,#12494),.UNSPECIFIED.,
  .F.,.F.,(2,2),(1.65,9.25),.PIECEWISE_BEZIER_KNOTS.);
#12493 = CARTESIAN_POINT('',(38.6,-7.1));
#12494 = CARTESIAN_POINT('',(38.6,-14.7));
#12495 = ( GEOMETRIC_REPRESENTATION_CONTEXT(2) 
PARAMETRIC_REPRESENTATION_CONTEXT() REPRESENTATION_CONTEXT('2D SPACE',''
  ) );
#12496 = ORIENTED_EDGE('',*,*,#12430,.T.);
#12497 = ORIENTED_EDGE('',*,*,#5674,.T.);
#12498 = ADVANCED_FACE('',(#12499),#5742,.F.);
#12499 = FACE_BOUND('',#12500,.F.);
#12500 = EDGE_LOOP('',(#12501,#12524,#12543,#12544));
#12501 = ORIENTED_EDGE('',*,*,#12502,.T.);
#12502 = EDGE_CURVE('',#5702,#12503,#12505,.T.);
#12503 = VERTEX_POINT('',#12504);
#12504 = CARTESIAN_POINT('',(56.6,38.8,27.6));
#12505 = SURFACE_CURVE('',#12506,(#12510,#12517),.PCURVE_S1.);
#12506 = LINE('',#12507,#12508);
#12507 = CARTESIAN_POINT('',(56.6,43.,23.4));
#12508 = VECTOR('',#12509,1.);
#12509 = DIRECTION('',(0.,-0.707106781187,0.707106781187));
#12510 = PCURVE('',#5742,#12511);
#12511 = DEFINITIONAL_REPRESENTATION('',(#12512),#12516);
#12512 = LINE('',#12513,#12514);
#12513 = CARTESIAN_POINT('',(-1.4,-2.6));
#12514 = VECTOR('',#12515,1.);
#12515 = DIRECTION('',(0.707106781187,0.707106781187));
#12516 = ( GEOMETRIC_REPRESENTATION_CONTEXT(2) 
PARAMETRIC_REPRESENTATION_CONTEXT() REPRESENTATION_CONTEXT('2D SPACE',''
  ) );
#12517 = PCURVE('',#5717,#12518);
#12518 = DEFINITIONAL_REPRESENTATION('',(#12519),#12523);
#12519 = LINE('',#12520,#12521);
#12520 = CARTESIAN_POINT('',(0.,0.));
#12521 = VECTOR('',#12522,1.);
#12522 = DIRECTION('',(1.,0.));
#12523 = ( GEOMETRIC_REPRESENTATION_CONTEXT(2) 
PARAMETRIC_REPRESENTATION_CONTEXT() REPRESENTATION_CONTEXT('2D SPACE',''
  ) );
#12524 = ORIENTED_EDGE('',*,*,#12525,.F.);
#12525 = EDGE_CURVE('',#12387,#12503,#12526,.T.);
#12526 = SURFACE_CURVE('',#12527,(#12531,#12537),.PCURVE_S1.);
#12527 = LINE('',#12528,#12529);
#12528 = CARTESIAN_POINT('',(56.6,47.05,27.6));
#12529 = VECTOR('',#12530,1.);
#12530 = DIRECTION('',(-0.,-1.,0.));
#12531 = PCURVE('',#5742,#12532);
#12532 = DEFINITIONAL_REPRESENTATION('',(#12533),#12536);
#12533 = B_SPLINE_CURVE_WITH_KNOTS('',1,(#12534,#12535),.UNSPECIFIED.,
  .F.,.F.,(2,2),(1.65,9.25),.PIECEWISE_BEZIER_KNOTS.);
#12534 = CARTESIAN_POINT('',(-3.8,1.6));
#12535 = CARTESIAN_POINT('',(3.8,1.6));
#12536 = ( GEOMETRIC_REPRESENTATION_CONTEXT(2) 
PARAMETRIC_REPRESENTATION_CONTEXT() REPRESENTATION_CONTEXT('2D SPACE',''
  ) );
#12537 = PCURVE('',#9589,#12538);
#12538 = DEFINITIONAL_REPRESENTATION('',(#12539),#12542);
#12539 = B_SPLINE_CURVE_WITH_KNOTS('',1,(#12540,#12541),.UNSPECIFIED.,
  .F.,.F.,(2,2),(1.65,9.25),.PIECEWISE_BEZIER_KNOTS.);
#12540 = CARTESIAN_POINT('',(-13.4,-7.1));
#12541 = CARTESIAN_POINT('',(-13.4,-14.7));
#12542 = ( GEOMETRIC_REPRESENTATION_CONTEXT(2) 
PARAMETRIC_REPRESENTATION_CONTEXT() REPRESENTATION_CONTEXT('2D SPACE',''
  ) );
#12543 = ORIENTED_EDGE('',*,*,#12386,.T.);
#12544 = ORIENTED_EDGE('',*,*,#5728,.T.);
#12545 = ADVANCED_FACE('',(#12546),#5717,.F.);
#12546 = FACE_BOUND('',#12547,.F.);
#12547 = EDGE_LOOP('',(#12548,#12549,#12550,#12551));
#12548 = ORIENTED_EDGE('',*,*,#12502,.F.);
#12549 = ORIENTED_EDGE('',*,*,#5701,.T.);
#12550 = ORIENTED_EDGE('',*,*,#12455,.T.);
#12551 = ORIENTED_EDGE('',*,*,#12552,.F.);
#12552 = EDGE_CURVE('',#12503,#12456,#12553,.T.);
#12553 = SURFACE_CURVE('',#12554,(#12558,#12564),.PCURVE_S1.);
#12554 = LINE('',#12555,#12556);
#12555 = CARTESIAN_POINT('',(63.3,38.8,27.6));
#12556 = VECTOR('',#12557,1.);
#12557 = DIRECTION('',(1.,0.,-0.));
#12558 = PCURVE('',#5717,#12559);
#12559 = DEFINITIONAL_REPRESENTATION('',(#12560),#12563);
#12560 = B_SPLINE_CURVE_WITH_KNOTS('',1,(#12561,#12562),.UNSPECIFIED.,
  .F.,.F.,(2,2),(-6.7,45.3),.PIECEWISE_BEZIER_KNOTS.);
#12561 = CARTESIAN_POINT('',(5.939696961967,0.));
#12562 = CARTESIAN_POINT('',(5.939696961967,-52.));
#12563 = ( GEOMETRIC_REPRESENTATION_CONTEXT(2) 
PARAMETRIC_REPRESENTATION_CONTEXT() REPRESENTATION_CONTEXT('2D SPACE',''
  ) );
#12564 = PCURVE('',#9589,#12565);
#12565 = DEFINITIONAL_REPRESENTATION('',(#12566),#12569);
#12566 = B_SPLINE_CURVE_WITH_KNOTS('',1,(#12567,#12568),.UNSPECIFIED.,
  .F.,.F.,(2,2),(-6.7,45.3),.PIECEWISE_BEZIER_KNOTS.);
#12567 = CARTESIAN_POINT('',(-13.4,-13.7));
#12568 = CARTESIAN_POINT('',(38.6,-13.7));
#12569 = ( GEOMETRIC_REPRESENTATION_CONTEXT(2) 
PARAMETRIC_REPRESENTATION_CONTEXT() REPRESENTATION_CONTEXT('2D SPACE',''
  ) );
#12570 = ADVANCED_FACE('',(#12571),#5773,.F.);
#12571 = FACE_BOUND('',#12572,.F.);
#12572 = EDGE_LOOP('',(#12573,#12596,#12617,#12638));
#12573 = ORIENTED_EDGE('',*,*,#12574,.F.);
#12574 = EDGE_CURVE('',#12575,#5758,#12577,.T.);
#12575 = VERTEX_POINT('',#12576);
#12576 = CARTESIAN_POINT('',(56.6,48.2,27.6));
#12577 = SURFACE_CURVE('',#12578,(#12582,#12589),.PCURVE_S1.);
#12578 = LINE('',#12579,#12580);
#12579 = CARTESIAN_POINT('',(56.6,47.2,28.6));
#12580 = VECTOR('',#12581,1.);
#12581 = DIRECTION('',(0.,0.707106781187,-0.707106781187));
#12582 = PCURVE('',#5773,#12583);
#12583 = DEFINITIONAL_REPRESENTATION('',(#12584),#12588);
#12584 = LINE('',#12585,#12586);
#12585 = CARTESIAN_POINT('',(0.,0.));
#12586 = VECTOR('',#12587,1.);
#12587 = DIRECTION('',(1.,0.));
#12588 = ( GEOMETRIC_REPRESENTATION_CONTEXT(2) 
PARAMETRIC_REPRESENTATION_CONTEXT() REPRESENTATION_CONTEXT('2D SPACE',''
  ) );
#12589 = PCURVE('',#5852,#12590);
#12590 = DEFINITIONAL_REPRESENTATION('',(#12591),#12595);
#12591 = LINE('',#12592,#12593);
#12592 = CARTESIAN_POINT('',(1.4,2.6));
#12593 = VECTOR('',#12594,1.);
#12594 = DIRECTION('',(-0.707106781187,-0.707106781187));
#12595 = ( GEOMETRIC_REPRESENTATION_CONTEXT(2) 
PARAMETRIC_REPRESENTATION_CONTEXT() REPRESENTATION_CONTEXT('2D SPACE',''
  ) );
#12596 = ORIENTED_EDGE('',*,*,#12597,.F.);
#12597 = EDGE_CURVE('',#12598,#12575,#12600,.T.);
#12598 = VERTEX_POINT('',#12599);
#12599 = CARTESIAN_POINT('',(108.6,48.2,27.6));
#12600 = SURFACE_CURVE('',#12601,(#12605,#12611),.PCURVE_S1.);
#12601 = LINE('',#12602,#12603);
#12602 = CARTESIAN_POINT('',(63.3,48.2,27.6));
#12603 = VECTOR('',#12604,1.);
#12604 = DIRECTION('',(-1.,-0.,0.));
#12605 = PCURVE('',#5773,#12606);
#12606 = DEFINITIONAL_REPRESENTATION('',(#12607),#12610);
#12607 = B_SPLINE_CURVE_WITH_KNOTS('',1,(#12608,#12609),.UNSPECIFIED.,
  .F.,.F.,(2,2),(-45.3,6.7),.PIECEWISE_BEZIER_KNOTS.);
#12608 = CARTESIAN_POINT('',(1.414213562373,-52.));
#12609 = CARTESIAN_POINT('',(1.414213562373,0.));
#12610 = ( GEOMETRIC_REPRESENTATION_CONTEXT(2) 
PARAMETRIC_REPRESENTATION_CONTEXT() REPRESENTATION_CONTEXT('2D SPACE',''
  ) );
#12611 = PCURVE('',#9589,#12612);
#12612 = DEFINITIONAL_REPRESENTATION('',(#12613),#12616);
#12613 = B_SPLINE_CURVE_WITH_KNOTS('',1,(#12614,#12615),.UNSPECIFIED.,
  .F.,.F.,(2,2),(-45.3,6.7),.PIECEWISE_BEZIER_KNOTS.);
#12614 = CARTESIAN_POINT('',(38.6,-4.3));
#12615 = CARTESIAN_POINT('',(-13.4,-4.3));
#12616 = ( GEOMETRIC_REPRESENTATION_CONTEXT(2) 
PARAMETRIC_REPRESENTATION_CONTEXT() REPRESENTATION_CONTEXT('2D SPACE',''
  ) );
#12617 = ORIENTED_EDGE('',*,*,#12618,.T.);
#12618 = EDGE_CURVE('',#12598,#5756,#12619,.T.);
#12619 = SURFACE_CURVE('',#12620,(#12624,#12631),.PCURVE_S1.);
#12620 = LINE('',#12621,#12622);
#12621 = CARTESIAN_POINT('',(108.6,47.2,28.6));
#12622 = VECTOR('',#12623,1.);
#12623 = DIRECTION('',(0.,0.707106781187,-0.707106781187));
#12624 = PCURVE('',#5773,#12625);
#12625 = DEFINITIONAL_REPRESENTATION('',(#12626),#12630);
#12626 = LINE('',#12627,#12628);
#12627 = CARTESIAN_POINT('',(0.,-52.));
#12628 = VECTOR('',#12629,1.);
#12629 = DIRECTION('',(1.,0.));
#12630 = ( GEOMETRIC_REPRESENTATION_CONTEXT(2) 
PARAMETRIC_REPRESENTATION_CONTEXT() REPRESENTATION_CONTEXT('2D SPACE',''
  ) );
#12631 = PCURVE('',#5800,#12632);
#12632 = DEFINITIONAL_REPRESENTATION('',(#12633),#12637);
#12633 = LINE('',#12634,#12635);
#12634 = CARTESIAN_POINT('',(1.4,2.6));
#12635 = VECTOR('',#12636,1.);
#12636 = DIRECTION('',(-0.707106781187,-0.707106781187));
#12637 = ( GEOMETRIC_REPRESENTATION_CONTEXT(2) 
PARAMETRIC_REPRESENTATION_CONTEXT() REPRESENTATION_CONTEXT('2D SPACE',''
  ) );
#12638 = ORIENTED_EDGE('',*,*,#5755,.T.);
#12639 = ADVANCED_FACE('',(#12640),#5800,.T.);
#12640 = FACE_BOUND('',#12641,.T.);
#12641 = EDGE_LOOP('',(#12642,#12665,#12684,#12685));
#12642 = ORIENTED_EDGE('',*,*,#12643,.T.);
#12643 = EDGE_CURVE('',#5785,#12644,#12646,.T.);
#12644 = VERTEX_POINT('',#12645);
#12645 = CARTESIAN_POINT('',(108.6,45.8,27.6));
#12646 = SURFACE_CURVE('',#12647,(#12651,#12658),.PCURVE_S1.);
#12647 = LINE('',#12648,#12649);
#12648 = CARTESIAN_POINT('',(108.6,50.,23.4));
#12649 = VECTOR('',#12650,1.);
#12650 = DIRECTION('',(0.,-0.707106781187,0.707106781187));
#12651 = PCURVE('',#5800,#12652);
#12652 = DEFINITIONAL_REPRESENTATION('',(#12653),#12657);
#12653 = LINE('',#12654,#12655);
#12654 = CARTESIAN_POINT('',(-1.4,-2.6));
#12655 = VECTOR('',#12656,1.);
#12656 = DIRECTION('',(0.707106781187,0.707106781187));
#12657 = ( GEOMETRIC_REPRESENTATION_CONTEXT(2) 
PARAMETRIC_REPRESENTATION_CONTEXT() REPRESENTATION_CONTEXT('2D SPACE',''
  ) );
#12658 = PCURVE('',#5827,#12659);
#12659 = DEFINITIONAL_REPRESENTATION('',(#12660),#12664);
#12660 = LINE('',#12661,#12662);
#12661 = CARTESIAN_POINT('',(0.,-52.));
#12662 = VECTOR('',#12663,1.);
#12663 = DIRECTION('',(1.,0.));
#12664 = ( GEOMETRIC_REPRESENTATION_CONTEXT(2) 
PARAMETRIC_REPRESENTATION_CONTEXT() REPRESENTATION_CONTEXT('2D SPACE',''
  ) );
#12665 = ORIENTED_EDGE('',*,*,#12666,.F.);
#12666 = EDGE_CURVE('',#12598,#12644,#12667,.T.);
#12667 = SURFACE_CURVE('',#12668,(#12672,#12678),.PCURVE_S1.);
#12668 = LINE('',#12669,#12670);
#12669 = CARTESIAN_POINT('',(108.6,50.55,27.6));
#12670 = VECTOR('',#12671,1.);
#12671 = DIRECTION('',(-0.,-1.,0.));
#12672 = PCURVE('',#5800,#12673);
#12673 = DEFINITIONAL_REPRESENTATION('',(#12674),#12677);
#12674 = B_SPLINE_CURVE_WITH_KNOTS('',1,(#12675,#12676),.UNSPECIFIED.,
  .F.,.F.,(2,2),(-1.85,5.75),.PIECEWISE_BEZIER_KNOTS.);
#12675 = CARTESIAN_POINT('',(-3.8,1.6));
#12676 = CARTESIAN_POINT('',(3.8,1.6));
#12677 = ( GEOMETRIC_REPRESENTATION_CONTEXT(2) 
PARAMETRIC_REPRESENTATION_CONTEXT() REPRESENTATION_CONTEXT('2D SPACE',''
  ) );
#12678 = PCURVE('',#9589,#12679);
#12679 = DEFINITIONAL_REPRESENTATION('',(#12680),#12683);
#12680 = B_SPLINE_CURVE_WITH_KNOTS('',1,(#12681,#12682),.UNSPECIFIED.,
  .F.,.F.,(2,2),(-1.85,5.75),.PIECEWISE_BEZIER_KNOTS.);
#12681 = CARTESIAN_POINT('',(38.6,-0.1));
#12682 = CARTESIAN_POINT('',(38.6,-7.7));
#12683 = ( GEOMETRIC_REPRESENTATION_CONTEXT(2) 
PARAMETRIC_REPRESENTATION_CONTEXT() REPRESENTATION_CONTEXT('2D SPACE',''
  ) );
#12684 = ORIENTED_EDGE('',*,*,#12618,.T.);
#12685 = ORIENTED_EDGE('',*,*,#5784,.T.);
#12686 = ADVANCED_FACE('',(#12687),#5852,.F.);
#12687 = FACE_BOUND('',#12688,.F.);
#12688 = EDGE_LOOP('',(#12689,#12712,#12731,#12732));
#12689 = ORIENTED_EDGE('',*,*,#12690,.T.);
#12690 = EDGE_CURVE('',#5812,#12691,#12693,.T.);
#12691 = VERTEX_POINT('',#12692);
#12692 = CARTESIAN_POINT('',(56.6,45.8,27.6));
#12693 = SURFACE_CURVE('',#12694,(#12698,#12705),.PCURVE_S1.);
#12694 = LINE('',#12695,#12696);
#12695 = CARTESIAN_POINT('',(56.6,50.,23.4));
#12696 = VECTOR('',#12697,1.);
#12697 = DIRECTION('',(0.,-0.707106781187,0.707106781187));
#12698 = PCURVE('',#5852,#12699);
#12699 = DEFINITIONAL_REPRESENTATION('',(#12700),#12704);
#12700 = LINE('',#12701,#12702);
#12701 = CARTESIAN_POINT('',(-1.4,-2.6));
#12702 = VECTOR('',#12703,1.);
#12703 = DIRECTION('',(0.707106781187,0.707106781187));
#12704 = ( GEOMETRIC_REPRESENTATION_CONTEXT(2) 
PARAMETRIC_REPRESENTATION_CONTEXT() REPRESENTATION_CONTEXT('2D SPACE',''
  ) );
#12705 = PCURVE('',#5827,#12706);
#12706 = DEFINITIONAL_REPRESENTATION('',(#12707),#12711);
#12707 = LINE('',#12708,#12709);
#12708 = CARTESIAN_POINT('',(0.,0.));
#12709 = VECTOR('',#12710,1.);
#12710 = DIRECTION('',(1.,0.));
#12711 = ( GEOMETRIC_REPRESENTATION_CONTEXT(2) 
PARAMETRIC_REPRESENTATION_CONTEXT() REPRESENTATION_CONTEXT('2D SPACE',''
  ) );
#12712 = ORIENTED_EDGE('',*,*,#12713,.F.);
#12713 = EDGE_CURVE('',#12575,#12691,#12714,.T.);
#12714 = SURFACE_CURVE('',#12715,(#12719,#12725),.PCURVE_S1.);
#12715 = LINE('',#12716,#12717);
#12716 = CARTESIAN_POINT('',(56.6,50.55,27.6));
#12717 = VECTOR('',#12718,1.);
#12718 = DIRECTION('',(-0.,-1.,0.));
#12719 = PCURVE('',#5852,#12720);
#12720 = DEFINITIONAL_REPRESENTATION('',(#12721),#12724);
#12721 = B_SPLINE_CURVE_WITH_KNOTS('',1,(#12722,#12723),.UNSPECIFIED.,
  .F.,.F.,(2,2),(-1.85,5.75),.PIECEWISE_BEZIER_KNOTS.);
#12722 = CARTESIAN_POINT('',(-3.8,1.6));
#12723 = CARTESIAN_POINT('',(3.8,1.6));
#12724 = ( GEOMETRIC_REPRESENTATION_CONTEXT(2) 
PARAMETRIC_REPRESENTATION_CONTEXT() REPRESENTATION_CONTEXT('2D SPACE',''
  ) );
#12725 = PCURVE('',#9589,#12726);
#12726 = DEFINITIONAL_REPRESENTATION('',(#12727),#12730);
#12727 = B_SPLINE_CURVE_WITH_KNOTS('',1,(#12728,#12729),.UNSPECIFIED.,
  .F.,.F.,(2,2),(-1.85,5.75),.PIECEWISE_BEZIER_KNOTS.);
#12728 = CARTESIAN_POINT('',(-13.4,-0.1));
#12729 = CARTESIAN_POINT('',(-13.4,-7.7));
#12730 = ( GEOMETRIC_REPRESENTATION_CONTEXT(2) 
PARAMETRIC_REPRESENTATION_CONTEXT() REPRESENTATION_CONTEXT('2D SPACE',''
  ) );
#12731 = ORIENTED_EDGE('',*,*,#12574,.T.);
#12732 = ORIENTED_EDGE('',*,*,#5838,.T.);
#12733 = ADVANCED_FACE('',(#12734),#5827,.F.);
#12734 = FACE_BOUND('',#12735,.F.);
#12735 = EDGE_LOOP('',(#12736,#12737,#12738,#12739));
#12736 = ORIENTED_EDGE('',*,*,#12690,.F.);
#12737 = ORIENTED_EDGE('',*,*,#5811,.T.);
#12738 = ORIENTED_EDGE('',*,*,#12643,.T.);
#12739 = ORIENTED_EDGE('',*,*,#12740,.F.);
#12740 = EDGE_CURVE('',#12691,#12644,#12741,.T.);
#12741 = SURFACE_CURVE('',#12742,(#12746,#12752),.PCURVE_S1.);
#12742 = LINE('',#12743,#12744);
#12743 = CARTESIAN_POINT('',(63.3,45.8,27.6));
#12744 = VECTOR('',#12745,1.);
#12745 = DIRECTION('',(1.,0.,-0.));
#12746 = PCURVE('',#5827,#12747);
#12747 = DEFINITIONAL_REPRESENTATION('',(#12748),#12751);
#12748 = B_SPLINE_CURVE_WITH_KNOTS('',1,(#12749,#12750),.UNSPECIFIED.,
  .F.,.F.,(2,2),(-6.7,45.3),.PIECEWISE_BEZIER_KNOTS.);
#12749 = CARTESIAN_POINT('',(5.939696961967,0.));
#12750 = CARTESIAN_POINT('',(5.939696961967,-52.));
#12751 = ( GEOMETRIC_REPRESENTATION_CONTEXT(2) 
PARAMETRIC_REPRESENTATION_CONTEXT() REPRESENTATION_CONTEXT('2D SPACE',''
  ) );
#12752 = PCURVE('',#9589,#12753);
#12753 = DEFINITIONAL_REPRESENTATION('',(#12754),#12757);
#12754 = B_SPLINE_CURVE_WITH_KNOTS('',1,(#12755,#12756),.UNSPECIFIED.,
  .F.,.F.,(2,2),(-6.7,45.3),.PIECEWISE_BEZIER_KNOTS.);
#12755 = CARTESIAN_POINT('',(-13.4,-6.7));
#12756 = CARTESIAN_POINT('',(38.6,-6.7));
#12757 = ( GEOMETRIC_REPRESENTATION_CONTEXT(2) 
PARAMETRIC_REPRESENTATION_CONTEXT() REPRESENTATION_CONTEXT('2D SPACE',''
  ) );
#12758 = ADVANCED_FACE('',(#12759),#5883,.F.);
#12759 = FACE_BOUND('',#12760,.F.);
#12760 = EDGE_LOOP('',(#12761,#12784,#12785,#12808));
#12761 = ORIENTED_EDGE('',*,*,#12762,.F.);
#12762 = EDGE_CURVE('',#5866,#12763,#12765,.T.);
#12763 = VERTEX_POINT('',#12764);
#12764 = CARTESIAN_POINT('',(56.6,52.8,27.6));
#12765 = SURFACE_CURVE('',#12766,(#12770,#12777),.PCURVE_S1.);
#12766 = LINE('',#12767,#12768);
#12767 = CARTESIAN_POINT('',(56.6,57.,23.4));
#12768 = VECTOR('',#12769,1.);
#12769 = DIRECTION('',(0.,-0.707106781187,0.707106781187));
#12770 = PCURVE('',#5883,#12771);
#12771 = DEFINITIONAL_REPRESENTATION('',(#12772),#12776);
#12772 = LINE('',#12773,#12774);
#12773 = CARTESIAN_POINT('',(0.,0.));
#12774 = VECTOR('',#12775,1.);
#12775 = DIRECTION('',(1.,0.));
#12776 = ( GEOMETRIC_REPRESENTATION_CONTEXT(2) 
PARAMETRIC_REPRESENTATION_CONTEXT() REPRESENTATION_CONTEXT('2D SPACE',''
  ) );
#12777 = PCURVE('',#5910,#12778);
#12778 = DEFINITIONAL_REPRESENTATION('',(#12779),#12783);
#12779 = LINE('',#12780,#12781);
#12780 = CARTESIAN_POINT('',(-1.4,-2.6));
#12781 = VECTOR('',#12782,1.);
#12782 = DIRECTION('',(0.707106781187,0.707106781187));
#12783 = ( GEOMETRIC_REPRESENTATION_CONTEXT(2) 
PARAMETRIC_REPRESENTATION_CONTEXT() REPRESENTATION_CONTEXT('2D SPACE',''
  ) );
#12784 = ORIENTED_EDGE('',*,*,#5865,.T.);
#12785 = ORIENTED_EDGE('',*,*,#12786,.T.);
#12786 = EDGE_CURVE('',#5868,#12787,#12789,.T.);
#12787 = VERTEX_POINT('',#12788);
#12788 = CARTESIAN_POINT('',(108.6,52.8,27.6));
#12789 = SURFACE_CURVE('',#12790,(#12794,#12801),.PCURVE_S1.);
#12790 = LINE('',#12791,#12792);
#12791 = CARTESIAN_POINT('',(108.6,57.,23.4));
#12792 = VECTOR('',#12793,1.);
#12793 = DIRECTION('',(0.,-0.707106781187,0.707106781187));
#12794 = PCURVE('',#5883,#12795);
#12795 = DEFINITIONAL_REPRESENTATION('',(#12796),#12800);
#12796 = LINE('',#12797,#12798);
#12797 = CARTESIAN_POINT('',(0.,-52.));
#12798 = VECTOR('',#12799,1.);
#12799 = DIRECTION('',(1.,0.));
#12800 = ( GEOMETRIC_REPRESENTATION_CONTEXT(2) 
PARAMETRIC_REPRESENTATION_CONTEXT() REPRESENTATION_CONTEXT('2D SPACE',''
  ) );
#12801 = PCURVE('',#5962,#12802);
#12802 = DEFINITIONAL_REPRESENTATION('',(#12803),#12807);
#12803 = LINE('',#12804,#12805);
#12804 = CARTESIAN_POINT('',(-1.4,-2.6));
#12805 = VECTOR('',#12806,1.);
#12806 = DIRECTION('',(0.707106781187,0.707106781187));
#12807 = ( GEOMETRIC_REPRESENTATION_CONTEXT(2) 
PARAMETRIC_REPRESENTATION_CONTEXT() REPRESENTATION_CONTEXT('2D SPACE',''
  ) );
#12808 = ORIENTED_EDGE('',*,*,#12809,.F.);
#12809 = EDGE_CURVE('',#12763,#12787,#12810,.T.);
#12810 = SURFACE_CURVE('',#12811,(#12815,#12821),.PCURVE_S1.);
#12811 = LINE('',#12812,#12813);
#12812 = CARTESIAN_POINT('',(63.3,52.8,27.6));
#12813 = VECTOR('',#12814,1.);
#12814 = DIRECTION('',(1.,0.,-0.));
#12815 = PCURVE('',#5883,#12816);
#12816 = DEFINITIONAL_REPRESENTATION('',(#12817),#12820);
#12817 = B_SPLINE_CURVE_WITH_KNOTS('',1,(#12818,#12819),.UNSPECIFIED.,
  .F.,.F.,(2,2),(-6.7,45.3),.PIECEWISE_BEZIER_KNOTS.);
#12818 = CARTESIAN_POINT('',(5.939696961967,0.));
#12819 = CARTESIAN_POINT('',(5.939696961967,-52.));
#12820 = ( GEOMETRIC_REPRESENTATION_CONTEXT(2) 
PARAMETRIC_REPRESENTATION_CONTEXT() REPRESENTATION_CONTEXT('2D SPACE',''
  ) );
#12821 = PCURVE('',#9589,#12822);
#12822 = DEFINITIONAL_REPRESENTATION('',(#12823),#12826);
#12823 = B_SPLINE_CURVE_WITH_KNOTS('',1,(#12824,#12825),.UNSPECIFIED.,
  .F.,.F.,(2,2),(-6.7,45.3),.PIECEWISE_BEZIER_KNOTS.);
#12824 = CARTESIAN_POINT('',(-13.4,0.3));
#12825 = CARTESIAN_POINT('',(38.6,0.3));
#12826 = ( GEOMETRIC_REPRESENTATION_CONTEXT(2) 
PARAMETRIC_REPRESENTATION_CONTEXT() REPRESENTATION_CONTEXT('2D SPACE',''
  ) );
#12827 = ADVANCED_FACE('',(#12828),#5910,.F.);
#12828 = FACE_BOUND('',#12829,.F.);
#12829 = EDGE_LOOP('',(#12830,#12831,#12852,#12873));
#12830 = ORIENTED_EDGE('',*,*,#12762,.T.);
#12831 = ORIENTED_EDGE('',*,*,#12832,.F.);
#12832 = EDGE_CURVE('',#12833,#12763,#12835,.T.);
#12833 = VERTEX_POINT('',#12834);
#12834 = CARTESIAN_POINT('',(56.6,55.2,27.6));
#12835 = SURFACE_CURVE('',#12836,(#12840,#12846),.PCURVE_S1.);
#12836 = LINE('',#12837,#12838);
#12837 = CARTESIAN_POINT('',(56.6,54.05,27.6));
#12838 = VECTOR('',#12839,1.);
#12839 = DIRECTION('',(-0.,-1.,0.));
#12840 = PCURVE('',#5910,#12841);
#12841 = DEFINITIONAL_REPRESENTATION('',(#12842),#12845);
#12842 = B_SPLINE_CURVE_WITH_KNOTS('',1,(#12843,#12844),.UNSPECIFIED.,
  .F.,.F.,(2,2),(-5.35,2.25),.PIECEWISE_BEZIER_KNOTS.);
#12843 = CARTESIAN_POINT('',(-3.8,1.6));
#12844 = CARTESIAN_POINT('',(3.8,1.6));
#12845 = ( GEOMETRIC_REPRESENTATION_CONTEXT(2) 
PARAMETRIC_REPRESENTATION_CONTEXT() REPRESENTATION_CONTEXT('2D SPACE',''
  ) );
#12846 = PCURVE('',#9589,#12847);
#12847 = DEFINITIONAL_REPRESENTATION('',(#12848),#12851);
#12848 = B_SPLINE_CURVE_WITH_KNOTS('',1,(#12849,#12850),.UNSPECIFIED.,
  .F.,.F.,(2,2),(-5.35,2.25),.PIECEWISE_BEZIER_KNOTS.);
#12849 = CARTESIAN_POINT('',(-13.4,6.9));
#12850 = CARTESIAN_POINT('',(-13.4,-0.7));
#12851 = ( GEOMETRIC_REPRESENTATION_CONTEXT(2) 
PARAMETRIC_REPRESENTATION_CONTEXT() REPRESENTATION_CONTEXT('2D SPACE',''
  ) );
#12852 = ORIENTED_EDGE('',*,*,#12853,.T.);
#12853 = EDGE_CURVE('',#12833,#5895,#12854,.T.);
#12854 = SURFACE_CURVE('',#12855,(#12859,#12866),.PCURVE_S1.);
#12855 = LINE('',#12856,#12857);
#12856 = CARTESIAN_POINT('',(56.6,54.2,28.6));
#12857 = VECTOR('',#12858,1.);
#12858 = DIRECTION('',(0.,0.707106781187,-0.707106781187));
#12859 = PCURVE('',#5910,#12860);
#12860 = DEFINITIONAL_REPRESENTATION('',(#12861),#12865);
#12861 = LINE('',#12862,#12863);
#12862 = CARTESIAN_POINT('',(1.4,2.6));
#12863 = VECTOR('',#12864,1.);
#12864 = DIRECTION('',(-0.707106781187,-0.707106781187));
#12865 = ( GEOMETRIC_REPRESENTATION_CONTEXT(2) 
PARAMETRIC_REPRESENTATION_CONTEXT() REPRESENTATION_CONTEXT('2D SPACE',''
  ) );
#12866 = PCURVE('',#5937,#12867);
#12867 = DEFINITIONAL_REPRESENTATION('',(#12868),#12872);
#12868 = LINE('',#12869,#12870);
#12869 = CARTESIAN_POINT('',(0.,0.));
#12870 = VECTOR('',#12871,1.);
#12871 = DIRECTION('',(1.,0.));
#12872 = ( GEOMETRIC_REPRESENTATION_CONTEXT(2) 
PARAMETRIC_REPRESENTATION_CONTEXT() REPRESENTATION_CONTEXT('2D SPACE',''
  ) );
#12873 = ORIENTED_EDGE('',*,*,#5894,.T.);
#12874 = ADVANCED_FACE('',(#12875),#5962,.T.);
#12875 = FACE_BOUND('',#12876,.T.);
#12876 = EDGE_LOOP('',(#12877,#12878,#12899,#12920));
#12877 = ORIENTED_EDGE('',*,*,#12786,.T.);
#12878 = ORIENTED_EDGE('',*,*,#12879,.F.);
#12879 = EDGE_CURVE('',#12880,#12787,#12882,.T.);
#12880 = VERTEX_POINT('',#12881);
#12881 = CARTESIAN_POINT('',(108.6,55.2,27.6));
#12882 = SURFACE_CURVE('',#12883,(#12887,#12893),.PCURVE_S1.);
#12883 = LINE('',#12884,#12885);
#12884 = CARTESIAN_POINT('',(108.6,54.05,27.6));
#12885 = VECTOR('',#12886,1.);
#12886 = DIRECTION('',(-0.,-1.,0.));
#12887 = PCURVE('',#5962,#12888);
#12888 = DEFINITIONAL_REPRESENTATION('',(#12889),#12892);
#12889 = B_SPLINE_CURVE_WITH_KNOTS('',1,(#12890,#12891),.UNSPECIFIED.,
  .F.,.F.,(2,2),(-5.35,2.25),.PIECEWISE_BEZIER_KNOTS.);
#12890 = CARTESIAN_POINT('',(-3.8,1.6));
#12891 = CARTESIAN_POINT('',(3.8,1.6));
#12892 = ( GEOMETRIC_REPRESENTATION_CONTEXT(2) 
PARAMETRIC_REPRESENTATION_CONTEXT() REPRESENTATION_CONTEXT('2D SPACE',''
  ) );
#12893 = PCURVE('',#9589,#12894);
#12894 = DEFINITIONAL_REPRESENTATION('',(#12895),#12898);
#12895 = B_SPLINE_CURVE_WITH_KNOTS('',1,(#12896,#12897),.UNSPECIFIED.,
  .F.,.F.,(2,2),(-5.35,2.25),.PIECEWISE_BEZIER_KNOTS.);
#12896 = CARTESIAN_POINT('',(38.6,6.9));
#12897 = CARTESIAN_POINT('',(38.6,-0.7));
#12898 = ( GEOMETRIC_REPRESENTATION_CONTEXT(2) 
PARAMETRIC_REPRESENTATION_CONTEXT() REPRESENTATION_CONTEXT('2D SPACE',''
  ) );
#12899 = ORIENTED_EDGE('',*,*,#12900,.T.);
#12900 = EDGE_CURVE('',#12880,#5922,#12901,.T.);
#12901 = SURFACE_CURVE('',#12902,(#12906,#12913),.PCURVE_S1.);
#12902 = LINE('',#12903,#12904);
#12903 = CARTESIAN_POINT('',(108.6,54.2,28.6));
#12904 = VECTOR('',#12905,1.);
#12905 = DIRECTION('',(0.,0.707106781187,-0.707106781187));
#12906 = PCURVE('',#5962,#12907);
#12907 = DEFINITIONAL_REPRESENTATION('',(#12908),#12912);
#12908 = LINE('',#12909,#12910);
#12909 = CARTESIAN_POINT('',(1.4,2.6));
#12910 = VECTOR('',#12911,1.);
#12911 = DIRECTION('',(-0.707106781187,-0.707106781187));
#12912 = ( GEOMETRIC_REPRESENTATION_CONTEXT(2) 
PARAMETRIC_REPRESENTATION_CONTEXT() REPRESENTATION_CONTEXT('2D SPACE',''
  ) );
#12913 = PCURVE('',#5937,#12914);
#12914 = DEFINITIONAL_REPRESENTATION('',(#12915),#12919);
#12915 = LINE('',#12916,#12917);
#12916 = CARTESIAN_POINT('',(0.,-52.));
#12917 = VECTOR('',#12918,1.);
#12918 = DIRECTION('',(1.,0.));
#12919 = ( GEOMETRIC_REPRESENTATION_CONTEXT(2) 
PARAMETRIC_REPRESENTATION_CONTEXT() REPRESENTATION_CONTEXT('2D SPACE',''
  ) );
#12920 = ORIENTED_EDGE('',*,*,#5948,.T.);
#12921 = ADVANCED_FACE('',(#12922),#5937,.F.);
#12922 = FACE_BOUND('',#12923,.F.);
#12923 = EDGE_LOOP('',(#12924,#12925,#12944,#12945));
#12924 = ORIENTED_EDGE('',*,*,#12853,.F.);
#12925 = ORIENTED_EDGE('',*,*,#12926,.F.);
#12926 = EDGE_CURVE('',#12880,#12833,#12927,.T.);
#12927 = SURFACE_CURVE('',#12928,(#12932,#12938),.PCURVE_S1.);
#12928 = LINE('',#12929,#12930);
#12929 = CARTESIAN_POINT('',(63.3,55.2,27.6));
#12930 = VECTOR('',#12931,1.);
#12931 = DIRECTION('',(-1.,-0.,0.));
#12932 = PCURVE('',#5937,#12933);
#12933 = DEFINITIONAL_REPRESENTATION('',(#12934),#12937);
#12934 = B_SPLINE_CURVE_WITH_KNOTS('',1,(#12935,#12936),.UNSPECIFIED.,
  .F.,.F.,(2,2),(-45.3,6.7),.PIECEWISE_BEZIER_KNOTS.);
#12935 = CARTESIAN_POINT('',(1.414213562373,-52.));
#12936 = CARTESIAN_POINT('',(1.414213562373,0.));
#12937 = ( GEOMETRIC_REPRESENTATION_CONTEXT(2) 
PARAMETRIC_REPRESENTATION_CONTEXT() REPRESENTATION_CONTEXT('2D SPACE',''
  ) );
#12938 = PCURVE('',#9589,#12939);
#12939 = DEFINITIONAL_REPRESENTATION('',(#12940),#12943);
#12940 = B_SPLINE_CURVE_WITH_KNOTS('',1,(#12941,#12942),.UNSPECIFIED.,
  .F.,.F.,(2,2),(-45.3,6.7),.PIECEWISE_BEZIER_KNOTS.);
#12941 = CARTESIAN_POINT('',(38.6,2.7));
#12942 = CARTESIAN_POINT('',(-13.4,2.7));
#12943 = ( GEOMETRIC_REPRESENTATION_CONTEXT(2) 
PARAMETRIC_REPRESENTATION_CONTEXT() REPRESENTATION_CONTEXT('2D SPACE',''
  ) );
#12944 = ORIENTED_EDGE('',*,*,#12900,.T.);
#12945 = ORIENTED_EDGE('',*,*,#5921,.T.);
#12946 = ADVANCED_FACE('',(#12947),#5992,.T.);
#12947 = FACE_BOUND('',#12948,.T.);
#12948 = EDGE_LOOP('',(#12949,#12950,#12973,#13000));
#12949 = ORIENTED_EDGE('',*,*,#5975,.F.);
#12950 = ORIENTED_EDGE('',*,*,#12951,.F.);
#12951 = EDGE_CURVE('',#12952,#5976,#12954,.T.);
#12952 = VERTEX_POINT('',#12953);
#12953 = CARTESIAN_POINT('',(135.2,66.,3.));
#12954 = SEAM_CURVE('',#12955,(#12959,#12966),.PCURVE_S1.);
#12955 = LINE('',#12956,#12957);
#12956 = CARTESIAN_POINT('',(135.2,66.,3.));
#12957 = VECTOR('',#12958,1.);
#12958 = DIRECTION('',(0.,0.,1.));
#12959 = PCURVE('',#5992,#12960);
#12960 = DEFINITIONAL_REPRESENTATION('',(#12961),#12965);
#12961 = LINE('',#12962,#12963);
#12962 = CARTESIAN_POINT('',(6.28318530718,-0.));
#12963 = VECTOR('',#12964,1.);
#12964 = DIRECTION('',(0.,1.));
#12965 = ( GEOMETRIC_REPRESENTATION_CONTEXT(2) 
PARAMETRIC_REPRESENTATION_CONTEXT() REPRESENTATION_CONTEXT('2D SPACE',''
  ) );
#12966 = PCURVE('',#5992,#12967);
#12967 = DEFINITIONAL_REPRESENTATION('',(#12968),#12972);
#12968 = LINE('',#12969,#12970);
#12969 = CARTESIAN_POINT('',(0.,-0.));
#12970 = VECTOR('',#12971,1.);
#12971 = DIRECTION('',(0.,1.));
#12972 = ( GEOMETRIC_REPRESENTATION_CONTEXT(2) 
PARAMETRIC_REPRESENTATION_CONTEXT() REPRESENTATION_CONTEXT('2D SPACE',''
  ) );
#12973 = ORIENTED_EDGE('',*,*,#12974,.T.);
#12974 = EDGE_CURVE('',#12952,#12952,#12975,.T.);
#12975 = SURFACE_CURVE('',#12976,(#12981,#12988),.PCURVE_S1.);
#12976 = CIRCLE('',#12977,4.2);
#12977 = AXIS2_PLACEMENT_3D('',#12978,#12979,#12980);
#12978 = CARTESIAN_POINT('',(131.,66.,3.));
#12979 = DIRECTION('',(0.,0.,1.));
#12980 = DIRECTION('',(1.,0.,-0.));
#12981 = PCURVE('',#5992,#12982);
#12982 = DEFINITIONAL_REPRESENTATION('',(#12983),#12987);
#12983 = LINE('',#12984,#12985);
#12984 = CARTESIAN_POINT('',(0.,0.));
#12985 = VECTOR('',#12986,1.);
#12986 = DIRECTION('',(1.,0.));
#12987 = ( GEOMETRIC_REPRESENTATION_CONTEXT(2) 
PARAMETRIC_REPRESENTATION_CONTEXT() REPRESENTATION_CONTEXT('2D SPACE',''
  ) );
#12988 = PCURVE('',#12989,#12994);
#12989 = PLANE('',#12990);
#12990 = AXIS2_PLACEMENT_3D('',#12991,#12992,#12993);
#12991 = CARTESIAN_POINT('',(131.,66.,3.));
#12992 = DIRECTION('',(0.,0.,1.));
#12993 = DIRECTION('',(1.,0.,-0.));
#12994 = DEFINITIONAL_REPRESENTATION('',(#12995),#12999);
#12995 = CIRCLE('',#12996,4.2);
#12996 = AXIS2_PLACEMENT_2D('',#12997,#12998);
#12997 = CARTESIAN_POINT('',(0.,0.));
#12998 = DIRECTION('',(1.,0.));
#12999 = ( GEOMETRIC_REPRESENTATION_CONTEXT(2) 
PARAMETRIC_REPRESENTATION_CONTEXT() REPRESENTATION_CONTEXT('2D SPACE',''
  ) );
#13000 = ORIENTED_EDGE('',*,*,#12951,.T.);
#13001 = ADVANCED_FACE('',(#13002),#6023,.T.);
#13002 = FACE_BOUND('',#13003,.T.);
#13003 = EDGE_LOOP('',(#13004,#13005,#13028,#13055));
#13004 = ORIENTED_EDGE('',*,*,#6006,.F.);
#13005 = ORIENTED_EDGE('',*,*,#13006,.F.);
#13006 = EDGE_CURVE('',#13007,#6007,#13009,.T.);
#13007 = VERTEX_POINT('',#13008);
#13008 = CARTESIAN_POINT('',(132.7,90.5,3.));
#13009 = SEAM_CURVE('',#13010,(#13014,#13021),.PCURVE_S1.);
#13010 = LINE('',#13011,#13012);
#13011 = CARTESIAN_POINT('',(132.7,90.5,3.));
#13012 = VECTOR('',#13013,1.);
#13013 = DIRECTION('',(0.,0.,1.));
#13014 = PCURVE('',#6023,#13015);
#13015 = DEFINITIONAL_REPRESENTATION('',(#13016),#13020);
#13016 = LINE('',#13017,#13018);
#13017 = CARTESIAN_POINT('',(6.28318530718,-0.));
#13018 = VECTOR('',#13019,1.);
#13019 = DIRECTION('',(0.,1.));
#13020 = ( GEOMETRIC_REPRESENTATION_CONTEXT(2) 
PARAMETRIC_REPRESENTATION_CONTEXT() REPRESENTATION_CONTEXT('2D SPACE',''
  ) );
#13021 = PCURVE('',#6023,#13022);
#13022 = DEFINITIONAL_REPRESENTATION('',(#13023),#13027);
#13023 = LINE('',#13024,#13025);
#13024 = CARTESIAN_POINT('',(0.,-0.));
#13025 = VECTOR('',#13026,1.);
#13026 = DIRECTION('',(0.,1.));
#13027 = ( GEOMETRIC_REPRESENTATION_CONTEXT(2) 
PARAMETRIC_REPRESENTATION_CONTEXT() REPRESENTATION_CONTEXT('2D SPACE',''
  ) );
#13028 = ORIENTED_EDGE('',*,*,#13029,.T.);
#13029 = EDGE_CURVE('',#13007,#13007,#13030,.T.);
#13030 = SURFACE_CURVE('',#13031,(#13036,#13043),.PCURVE_S1.);
#13031 = CIRCLE('',#13032,4.2);
#13032 = AXIS2_PLACEMENT_3D('',#13033,#13034,#13035);
#13033 = CARTESIAN_POINT('',(128.5,90.5,3.));
#13034 = DIRECTION('',(0.,0.,1.));
#13035 = DIRECTION('',(1.,0.,-0.));
#13036 = PCURVE('',#6023,#13037);
#13037 = DEFINITIONAL_REPRESENTATION('',(#13038),#13042);
#13038 = LINE('',#13039,#13040);
#13039 = CARTESIAN_POINT('',(0.,0.));
#13040 = VECTOR('',#13041,1.);
#13041 = DIRECTION('',(1.,0.));
#13042 = ( GEOMETRIC_REPRESENTATION_CONTEXT(2) 
PARAMETRIC_REPRESENTATION_CONTEXT() REPRESENTATION_CONTEXT('2D SPACE',''
  ) );
#13043 = PCURVE('',#13044,#13049);
#13044 = PLANE('',#13045);
#13045 = AXIS2_PLACEMENT_3D('',#13046,#13047,#13048);
#13046 = CARTESIAN_POINT('',(128.5,90.5,3.));
#13047 = DIRECTION('',(0.,0.,1.));
#13048 = DIRECTION('',(1.,0.,-0.));
#13049 = DEFINITIONAL_REPRESENTATION('',(#13050),#13054);
#13050 = CIRCLE('',#13051,4.2);
#13051 = AXIS2_PLACEMENT_2D('',#13052,#13053);
#13052 = CARTESIAN_POINT('',(0.,0.));
#13053 = DIRECTION('',(1.,0.));
#13054 = ( GEOMETRIC_REPRESENTATION_CONTEXT(2) 
PARAMETRIC_REPRESENTATION_CONTEXT() REPRESENTATION_CONTEXT('2D SPACE',''
  ) );
#13055 = ORIENTED_EDGE('',*,*,#13006,.T.);
#13056 = ADVANCED_FACE('',(#13057),#6471,.F.);
#13057 = FACE_BOUND('',#13058,.F.);
#13058 = EDGE_LOOP('',(#13059,#13060,#13061,#13062));
#13059 = ORIENTED_EDGE('',*,*,#6486,.F.);
#13060 = ORIENTED_EDGE('',*,*,#6457,.T.);
#13061 = ORIENTED_EDGE('',*,*,#6576,.T.);
#13062 = ORIENTED_EDGE('',*,*,#6531,.F.);
#13063 = ADVANCED_FACE('',(#13064),#8219,.F.);
#13064 = FACE_BOUND('',#13065,.F.);
#13065 = EDGE_LOOP('',(#13066,#13067,#13068,#13069,#13070,#13071));
#13066 = ORIENTED_EDGE('',*,*,#11383,.F.);
#13067 = ORIENTED_EDGE('',*,*,#8204,.F.);
#13068 = ORIENTED_EDGE('',*,*,#8481,.F.);
#13069 = ORIENTED_EDGE('',*,*,#11258,.T.);
#13070 = ORIENTED_EDGE('',*,*,#11285,.T.);
#13071 = ORIENTED_EDGE('',*,*,#11334,.F.);
#13072 = ADVANCED_FACE('',(#13073),#8595,.F.);
#13073 = FACE_BOUND('',#13074,.F.);
#13074 = EDGE_LOOP('',(#13075,#13076,#13077,#13100));
#13075 = ORIENTED_EDGE('',*,*,#8629,.F.);
#13076 = ORIENTED_EDGE('',*,*,#8580,.F.);
#13077 = ORIENTED_EDGE('',*,*,#13078,.T.);
#13078 = EDGE_CURVE('',#8555,#13079,#13081,.T.);
#13079 = VERTEX_POINT('',#13080);
#13080 = CARTESIAN_POINT('',(140.,0.,9.8));
#13081 = SURFACE_CURVE('',#13082,(#13086,#13093),.PCURVE_S1.);
#13082 = LINE('',#13083,#13084);
#13083 = CARTESIAN_POINT('',(16.,0.,9.8));
#13084 = VECTOR('',#13085,1.);
#13085 = DIRECTION('',(1.,0.,0.));
#13086 = PCURVE('',#8595,#13087);
#13087 = DEFINITIONAL_REPRESENTATION('',(#13088),#13092);
#13088 = LINE('',#13089,#13090);
#13089 = CARTESIAN_POINT('',(0.,-9.8));
#13090 = VECTOR('',#13091,1.);
#13091 = DIRECTION('',(1.,0.));
#13092 = ( GEOMETRIC_REPRESENTATION_CONTEXT(2) 
PARAMETRIC_REPRESENTATION_CONTEXT() REPRESENTATION_CONTEXT('2D SPACE',''
  ) );
#13093 = PCURVE('',#8569,#13094);
#13094 = DEFINITIONAL_REPRESENTATION('',(#13095),#13099);
#13095 = LINE('',#13096,#13097);
#13096 = CARTESIAN_POINT('',(-54.,-52.5));
#13097 = VECTOR('',#13098,1.);
#13098 = DIRECTION('',(1.,0.));
#13099 = ( GEOMETRIC_REPRESENTATION_CONTEXT(2) 
PARAMETRIC_REPRESENTATION_CONTEXT() REPRESENTATION_CONTEXT('2D SPACE',''
  ) );
#13100 = ORIENTED_EDGE('',*,*,#13101,.F.);
#13101 = EDGE_CURVE('',#8630,#13079,#13102,.T.);
#13102 = SURFACE_CURVE('',#13103,(#13107,#13114),.PCURVE_S1.);
#13103 = LINE('',#13104,#13105);
#13104 = CARTESIAN_POINT('',(140.,0.,0.));
#13105 = VECTOR('',#13106,1.);
#13106 = DIRECTION('',(0.,0.,1.));
#13107 = PCURVE('',#8595,#13108);
#13108 = DEFINITIONAL_REPRESENTATION('',(#13109),#13113);
#13109 = LINE('',#13110,#13111);
#13110 = CARTESIAN_POINT('',(124.,0.));
#13111 = VECTOR('',#13112,1.);
#13112 = DIRECTION('',(0.,-1.));
#13113 = ( GEOMETRIC_REPRESENTATION_CONTEXT(2) 
PARAMETRIC_REPRESENTATION_CONTEXT() REPRESENTATION_CONTEXT('2D SPACE',''
  ) );
#13114 = PCURVE('',#8668,#13115);
#13115 = DEFINITIONAL_REPRESENTATION('',(#13116),#13120);
#13116 = LINE('',#13117,#13118);
#13117 = CARTESIAN_POINT('',(0.,0.));
#13118 = VECTOR('',#13119,1.);
#13119 = DIRECTION('',(0.,-1.));
#13120 = ( GEOMETRIC_REPRESENTATION_CONTEXT(2) 
PARAMETRIC_REPRESENTATION_CONTEXT() REPRESENTATION_CONTEXT('2D SPACE',''
  ) );
#13121 = ADVANCED_FACE('',(#13122),#8569,.T.);
#13122 = FACE_BOUND('',#13123,.T.);
#13123 = EDGE_LOOP('',(#13124,#13125,#13126,#13149,#13171,#13192));
#13124 = ORIENTED_EDGE('',*,*,#8554,.F.);
#13125 = ORIENTED_EDGE('',*,*,#13078,.T.);
#13126 = ORIENTED_EDGE('',*,*,#13127,.T.);
#13127 = EDGE_CURVE('',#13079,#13128,#13130,.T.);
#13128 = VERTEX_POINT('',#13129);
#13129 = CARTESIAN_POINT('',(140.,2.4,9.8));
#13130 = SURFACE_CURVE('',#13131,(#13135,#13142),.PCURVE_S1.);
#13131 = LINE('',#13132,#13133);
#13132 = CARTESIAN_POINT('',(140.,0.,9.8));
#13133 = VECTOR('',#13134,1.);
#13134 = DIRECTION('',(0.,1.,0.));
#13135 = PCURVE('',#8569,#13136);
#13136 = DEFINITIONAL_REPRESENTATION('',(#13137),#13141);
#13137 = LINE('',#13138,#13139);
#13138 = CARTESIAN_POINT('',(70.,-52.5));
#13139 = VECTOR('',#13140,1.);
#13140 = DIRECTION('',(0.,1.));
#13141 = ( GEOMETRIC_REPRESENTATION_CONTEXT(2) 
PARAMETRIC_REPRESENTATION_CONTEXT() REPRESENTATION_CONTEXT('2D SPACE',''
  ) );
#13142 = PCURVE('',#8668,#13143);
#13143 = DEFINITIONAL_REPRESENTATION('',(#13144),#13148);
#13144 = LINE('',#13145,#13146);
#13145 = CARTESIAN_POINT('',(0.,-9.8));
#13146 = VECTOR('',#13147,1.);
#13147 = DIRECTION('',(1.,0.));
#13148 = ( GEOMETRIC_REPRESENTATION_CONTEXT(2) 
PARAMETRIC_REPRESENTATION_CONTEXT() REPRESENTATION_CONTEXT('2D SPACE',''
  ) );
#13149 = ORIENTED_EDGE('',*,*,#13150,.T.);
#13150 = EDGE_CURVE('',#13128,#13151,#13153,.T.);
#13151 = VERTEX_POINT('',#13152);
#13152 = CARTESIAN_POINT('',(139.2,2.4,9.8));
#13153 = SURFACE_CURVE('',#13154,(#13158,#13164),.PCURVE_S1.);
#13154 = LINE('',#13155,#13156);
#13155 = CARTESIAN_POINT('',(103.795,2.4,9.8));
#13156 = VECTOR('',#13157,1.);
#13157 = DIRECTION('',(-1.,-0.,0.));
#13158 = PCURVE('',#8569,#13159);
#13159 = DEFINITIONAL_REPRESENTATION('',(#13160),#13163);
#13160 = B_SPLINE_CURVE_WITH_KNOTS('',1,(#13161,#13162),.UNSPECIFIED.,
  .F.,.F.,(2,2),(-36.205,-33.795),.PIECEWISE_BEZIER_KNOTS.);
#13161 = CARTESIAN_POINT('',(70.,-50.1));
#13162 = CARTESIAN_POINT('',(67.59,-50.1));
#13163 = ( GEOMETRIC_REPRESENTATION_CONTEXT(2) 
PARAMETRIC_REPRESENTATION_CONTEXT() REPRESENTATION_CONTEXT('2D SPACE',''
  ) );
#13164 = PCURVE('',#8696,#13165);
#13165 = DEFINITIONAL_REPRESENTATION('',(#13166),#13170);
#13166 = LINE('',#13167,#13168);
#13167 = CARTESIAN_POINT('',(10.8,-33.795));
#13168 = VECTOR('',#13169,1.);
#13169 = DIRECTION('',(0.,-1.));
#13170 = ( GEOMETRIC_REPRESENTATION_CONTEXT(2) 
PARAMETRIC_REPRESENTATION_CONTEXT() REPRESENTATION_CONTEXT('2D SPACE',''
  ) );
#13171 = ORIENTED_EDGE('',*,*,#13172,.T.);
#13172 = EDGE_CURVE('',#13151,#13173,#13175,.T.);
#13173 = VERTEX_POINT('',#13174);
#13174 = CARTESIAN_POINT('',(139.2,0.8,9.8));
#13175 = SURFACE_CURVE('',#13176,(#13180,#13186),.PCURVE_S1.);
#13176 = LINE('',#13177,#13178);
#13177 = CARTESIAN_POINT('',(139.2,26.65,9.8));
#13178 = VECTOR('',#13179,1.);
#13179 = DIRECTION('',(0.,-1.,0.));
#13180 = PCURVE('',#8569,#13181);
#13181 = DEFINITIONAL_REPRESENTATION('',(#13182),#13185);
#13182 = B_SPLINE_CURVE_WITH_KNOTS('',1,(#13183,#13184),.UNSPECIFIED.,
  .F.,.F.,(2,2),(-62.0186291501,25.85),.PIECEWISE_BEZIER_KNOTS.);
#13183 = CARTESIAN_POINT('',(69.2,36.168629150102));
#13184 = CARTESIAN_POINT('',(69.2,-51.7));
#13185 = ( GEOMETRIC_REPRESENTATION_CONTEXT(2) 
PARAMETRIC_REPRESENTATION_CONTEXT() REPRESENTATION_CONTEXT('2D SPACE',''
  ) );
#13186 = PCURVE('',#9348,#13187);
#13187 = DEFINITIONAL_REPRESENTATION('',(#13188),#13191);
#13188 = B_SPLINE_CURVE_WITH_KNOTS('',1,(#13189,#13190),.UNSPECIFIED.,
  .F.,.F.,(2,2),(-62.0186291501,25.85),.PIECEWISE_BEZIER_KNOTS.);
#13189 = CARTESIAN_POINT('',(87.868629150102,-0.1));
#13190 = CARTESIAN_POINT('',(0.,-0.1));
#13191 = ( GEOMETRIC_REPRESENTATION_CONTEXT(2) 
PARAMETRIC_REPRESENTATION_CONTEXT() REPRESENTATION_CONTEXT('2D SPACE',''
  ) );
#13192 = ORIENTED_EDGE('',*,*,#13193,.T.);
#13193 = EDGE_CURVE('',#13173,#8529,#13194,.T.);
#13194 = SURFACE_CURVE('',#13195,(#13199,#13205),.PCURVE_S1.);
#13195 = LINE('',#13196,#13197);
#13196 = CARTESIAN_POINT('',(43.165685424949,0.8,9.8));
#13197 = VECTOR('',#13198,1.);
#13198 = DIRECTION('',(-1.,0.,0.));
#13199 = PCURVE('',#8569,#13200);
#13200 = DEFINITIONAL_REPRESENTATION('',(#13201),#13204);
#13201 = B_SPLINE_CURVE_WITH_KNOTS('',1,(#13202,#13203),.UNSPECIFIED.,
  .F.,.F.,(2,2),(-96.03431457505,26.834314575051),
  .PIECEWISE_BEZIER_KNOTS.);
#13202 = CARTESIAN_POINT('',(69.2,-51.7));
#13203 = CARTESIAN_POINT('',(-53.6686291501,-51.7));
#13204 = ( GEOMETRIC_REPRESENTATION_CONTEXT(2) 
PARAMETRIC_REPRESENTATION_CONTEXT() REPRESENTATION_CONTEXT('2D SPACE',''
  ) );
#13205 = PCURVE('',#8543,#13206);
#13206 = DEFINITIONAL_REPRESENTATION('',(#13207),#13210);
#13207 = B_SPLINE_CURVE_WITH_KNOTS('',1,(#13208,#13209),.UNSPECIFIED.,
  .F.,.F.,(2,2),(-96.03431457505,26.834314575051),
  .PIECEWISE_BEZIER_KNOTS.);
#13208 = CARTESIAN_POINT('',(122.8686291501,-0.1));
#13209 = CARTESIAN_POINT('',(0.,-0.1));
#13210 = ( GEOMETRIC_REPRESENTATION_CONTEXT(2) 
PARAMETRIC_REPRESENTATION_CONTEXT() REPRESENTATION_CONTEXT('2D SPACE',''
  ) );
#13211 = ADVANCED_FACE('',(#13212),#8543,.F.);
#13212 = FACE_BOUND('',#13213,.F.);
#13213 = EDGE_LOOP('',(#13214,#13235,#13236,#13237));
#13214 = ORIENTED_EDGE('',*,*,#13215,.F.);
#13215 = EDGE_CURVE('',#13173,#9334,#13216,.T.);
#13216 = SURFACE_CURVE('',#13217,(#13221,#13228),.PCURVE_S1.);
#13217 = LINE('',#13218,#13219);
#13218 = CARTESIAN_POINT('',(139.2,0.8,9.7));
#13219 = VECTOR('',#13220,1.);
#13220 = DIRECTION('',(0.,0.,1.));
#13221 = PCURVE('',#8543,#13222);
#13222 = DEFINITIONAL_REPRESENTATION('',(#13223),#13227);
#13223 = LINE('',#13224,#13225);
#13224 = CARTESIAN_POINT('',(122.8686291501,0.));
#13225 = VECTOR('',#13226,1.);
#13226 = DIRECTION('',(0.,-1.));
#13227 = ( GEOMETRIC_REPRESENTATION_CONTEXT(2) 
PARAMETRIC_REPRESENTATION_CONTEXT() REPRESENTATION_CONTEXT('2D SPACE',''
  ) );
#13228 = PCURVE('',#9348,#13229);
#13229 = DEFINITIONAL_REPRESENTATION('',(#13230),#13234);
#13230 = LINE('',#13231,#13232);
#13231 = CARTESIAN_POINT('',(1.110223024625E-16,0.));
#13232 = VECTOR('',#13233,1.);
#13233 = DIRECTION('',(0.,-1.));
#13234 = ( GEOMETRIC_REPRESENTATION_CONTEXT(2) 
PARAMETRIC_REPRESENTATION_CONTEXT() REPRESENTATION_CONTEXT('2D SPACE',''
  ) );
#13235 = ORIENTED_EDGE('',*,*,#13193,.T.);
#13236 = ORIENTED_EDGE('',*,*,#8528,.F.);
#13237 = ORIENTED_EDGE('',*,*,#9359,.F.);
#13238 = ADVANCED_FACE('',(#13239),#8744,.T.);
#13239 = FACE_BOUND('',#13240,.T.);
#13240 = EDGE_LOOP('',(#13241,#13242,#13243,#13244));
#13241 = ORIENTED_EDGE('',*,*,#10356,.F.);
#13242 = ORIENTED_EDGE('',*,*,#8729,.T.);
#13243 = ORIENTED_EDGE('',*,*,#11139,.T.);
#13244 = ORIENTED_EDGE('',*,*,#13245,.T.);
#13245 = EDGE_CURVE('',#11140,#10357,#13246,.T.);
#13246 = SURFACE_CURVE('',#13247,(#13251,#13258),.PCURVE_S1.);
#13247 = LINE('',#13248,#13249);
#13248 = CARTESIAN_POINT('',(137.45,1.,25.8));
#13249 = VECTOR('',#13250,1.);
#13250 = DIRECTION('',(1.,0.,-0.));
#13251 = PCURVE('',#8744,#13252);
#13252 = DEFINITIONAL_REPRESENTATION('',(#13253),#13257);
#13253 = LINE('',#13254,#13255);
#13254 = CARTESIAN_POINT('',(26.8,0.));
#13255 = VECTOR('',#13256,1.);
#13256 = DIRECTION('',(0.,1.));
#13257 = ( GEOMETRIC_REPRESENTATION_CONTEXT(2) 
PARAMETRIC_REPRESENTATION_CONTEXT() REPRESENTATION_CONTEXT('2D SPACE',''
  ) );
#13258 = PCURVE('',#10459,#13259);
#13259 = DEFINITIONAL_REPRESENTATION('',(#13260),#13264);
#13260 = LINE('',#13261,#13262);
#13261 = CARTESIAN_POINT('',(0.,0.));
#13262 = VECTOR('',#13263,1.);
#13263 = DIRECTION('',(1.,0.));
#13264 = ( GEOMETRIC_REPRESENTATION_CONTEXT(2) 
PARAMETRIC_REPRESENTATION_CONTEXT() REPRESENTATION_CONTEXT('2D SPACE',''
  ) );
#13265 = ADVANCED_FACE('',(#13266),#8696,.T.);
#13266 = FACE_BOUND('',#13267,.T.);
#13267 = EDGE_LOOP('',(#13268,#13289,#13290,#13291,#13311,#13312,#13332,
    #13333));
#13268 = ORIENTED_EDGE('',*,*,#13269,.F.);
#13269 = EDGE_CURVE('',#9479,#10381,#13270,.T.);
#13270 = SURFACE_CURVE('',#13271,(#13275,#13282),.PCURVE_S1.);
#13271 = LINE('',#13272,#13273);
#13272 = CARTESIAN_POINT('',(140.,2.4,24.4));
#13273 = VECTOR('',#13274,1.);
#13274 = DIRECTION('',(-1.,-5.415722071342E-17,0.));
#13275 = PCURVE('',#8696,#13276);
#13276 = DEFINITIONAL_REPRESENTATION('',(#13277),#13281);
#13277 = LINE('',#13278,#13279);
#13278 = CARTESIAN_POINT('',(25.4,2.41));
#13279 = VECTOR('',#13280,1.);
#13280 = DIRECTION('',(0.,-1.));
#13281 = ( GEOMETRIC_REPRESENTATION_CONTEXT(2) 
PARAMETRIC_REPRESENTATION_CONTEXT() REPRESENTATION_CONTEXT('2D SPACE',''
  ) );
#13282 = PCURVE('',#9493,#13283);
#13283 = DEFINITIONAL_REPRESENTATION('',(#13284),#13288);
#13284 = LINE('',#13285,#13286);
#13285 = CARTESIAN_POINT('',(2.41,0.));
#13286 = VECTOR('',#13287,1.);
#13287 = DIRECTION('',(-1.,-5.415722071342E-17));
#13288 = ( GEOMETRIC_REPRESENTATION_CONTEXT(2) 
PARAMETRIC_REPRESENTATION_CONTEXT() REPRESENTATION_CONTEXT('2D SPACE',''
  ) );
#13289 = ORIENTED_EDGE('',*,*,#9505,.T.);
#13290 = ORIENTED_EDGE('',*,*,#9311,.T.);
#13291 = ORIENTED_EDGE('',*,*,#13292,.T.);
#13292 = EDGE_CURVE('',#9312,#13151,#13293,.T.);
#13293 = SURFACE_CURVE('',#13294,(#13298,#13305),.PCURVE_S1.);
#13294 = LINE('',#13295,#13296);
#13295 = CARTESIAN_POINT('',(139.2,2.4,4.35));
#13296 = VECTOR('',#13297,1.);
#13297 = DIRECTION('',(0.,0.,-1.));
#13298 = PCURVE('',#8696,#13299);
#13299 = DEFINITIONAL_REPRESENTATION('',(#13300),#13304);
#13300 = LINE('',#13301,#13302);
#13301 = CARTESIAN_POINT('',(5.35,1.61));
#13302 = VECTOR('',#13303,1.);
#13303 = DIRECTION('',(-1.,0.));
#13304 = ( GEOMETRIC_REPRESENTATION_CONTEXT(2) 
PARAMETRIC_REPRESENTATION_CONTEXT() REPRESENTATION_CONTEXT('2D SPACE',''
  ) );
#13305 = PCURVE('',#9348,#13306);
#13306 = DEFINITIONAL_REPRESENTATION('',(#13307),#13310);
#13307 = B_SPLINE_CURVE_WITH_KNOTS('',1,(#13308,#13309),.UNSPECIFIED.,
  .F.,.F.,(2,2),(-6.65,-5.45),.PIECEWISE_BEZIER_KNOTS.);
#13308 = CARTESIAN_POINT('',(1.6,-1.3));
#13309 = CARTESIAN_POINT('',(1.6,-0.1));
#13310 = ( GEOMETRIC_REPRESENTATION_CONTEXT(2) 
PARAMETRIC_REPRESENTATION_CONTEXT() REPRESENTATION_CONTEXT('2D SPACE',''
  ) );
#13311 = ORIENTED_EDGE('',*,*,#13150,.F.);
#13312 = ORIENTED_EDGE('',*,*,#13313,.T.);
#13313 = EDGE_CURVE('',#13128,#8653,#13314,.T.);
#13314 = SURFACE_CURVE('',#13315,(#13319,#13326),.PCURVE_S1.);
#13315 = LINE('',#13316,#13317);
#13316 = CARTESIAN_POINT('',(140.,2.4,-0.5));
#13317 = VECTOR('',#13318,1.);
#13318 = DIRECTION('',(0.,0.,-1.));
#13319 = PCURVE('',#8696,#13320);
#13320 = DEFINITIONAL_REPRESENTATION('',(#13321),#13325);
#13321 = LINE('',#13322,#13323);
#13322 = CARTESIAN_POINT('',(0.5,2.41));
#13323 = VECTOR('',#13324,1.);
#13324 = DIRECTION('',(-1.,0.));
#13325 = ( GEOMETRIC_REPRESENTATION_CONTEXT(2) 
PARAMETRIC_REPRESENTATION_CONTEXT() REPRESENTATION_CONTEXT('2D SPACE',''
  ) );
#13326 = PCURVE('',#8668,#13327);
#13327 = DEFINITIONAL_REPRESENTATION('',(#13328),#13331);
#13328 = B_SPLINE_CURVE_WITH_KNOTS('',1,(#13329,#13330),.UNSPECIFIED.,
  .F.,.F.,(2,2),(-10.3,-0.5),.PIECEWISE_BEZIER_KNOTS.);
#13329 = CARTESIAN_POINT('',(2.4,-9.8));
#13330 = CARTESIAN_POINT('',(2.4,0.));
#13331 = ( GEOMETRIC_REPRESENTATION_CONTEXT(2) 
PARAMETRIC_REPRESENTATION_CONTEXT() REPRESENTATION_CONTEXT('2D SPACE',''
  ) );
#13332 = ORIENTED_EDGE('',*,*,#8680,.F.);
#13333 = ORIENTED_EDGE('',*,*,#10380,.F.);
#13334 = ADVANCED_FACE('',(#13335),#8668,.F.);
#13335 = FACE_BOUND('',#13336,.F.);
#13336 = EDGE_LOOP('',(#13337,#13338,#13339,#13340));
#13337 = ORIENTED_EDGE('',*,*,#8652,.F.);
#13338 = ORIENTED_EDGE('',*,*,#13101,.T.);
#13339 = ORIENTED_EDGE('',*,*,#13127,.T.);
#13340 = ORIENTED_EDGE('',*,*,#13313,.T.);
#13341 = ADVANCED_FACE('',(#13342),#8842,.T.);
#13342 = FACE_BOUND('',#13343,.T.);
#13343 = EDGE_LOOP('',(#13344,#13345,#13346,#13347));
#13344 = ORIENTED_EDGE('',*,*,#8826,.F.);
#13345 = ORIENTED_EDGE('',*,*,#8951,.T.);
#13346 = ORIENTED_EDGE('',*,*,#8978,.T.);
#13347 = ORIENTED_EDGE('',*,*,#8902,.F.);
#13348 = ADVANCED_FACE('',(#13349),#9071,.F.);
#13349 = FACE_BOUND('',#13350,.T.);
#13350 = EDGE_LOOP('',(#13351,#13379,#13380,#13403));
#13351 = ORIENTED_EDGE('',*,*,#13352,.F.);
#13352 = EDGE_CURVE('',#9028,#13353,#13355,.T.);
#13353 = VERTEX_POINT('',#13354);
#13354 = CARTESIAN_POINT('',(123.17157287525,103.,27.6));
#13355 = SURFACE_CURVE('',#13356,(#13360,#13367),.PCURVE_S1.);
#13356 = LINE('',#13357,#13358);
#13357 = CARTESIAN_POINT('',(122.72463289016,101.92099142644,
    28.679008573559));
#13358 = VECTOR('',#13359,1.);
#13359 = DIRECTION('',(-0.281084637715,-0.678598344546,0.678598344546));
#13360 = PCURVE('',#9071,#13361);
#13361 = DEFINITIONAL_REPRESENTATION('',(#13362),#13366);
#13362 = LINE('',#13363,#13364);
#13363 = CARTESIAN_POINT('',(-1.275367109831,2.940162121017));
#13364 = VECTOR('',#13365,1.);
#13365 = DIRECTION('',(-0.281084637715,0.959682982261));
#13366 = ( GEOMETRIC_REPRESENTATION_CONTEXT(2) 
PARAMETRIC_REPRESENTATION_CONTEXT() REPRESENTATION_CONTEXT('2D SPACE',''
  ) );
#13367 = PCURVE('',#13368,#13373);
#13368 = PLANE('',#13369);
#13369 = AXIS2_PLACEMENT_3D('',#13370,#13371,#13372);
#13370 = CARTESIAN_POINT('',(139.29289321881,88.292893218813,26.6));
#13371 = DIRECTION('',(-0.5,-0.5,-0.707106781187));
#13372 = DIRECTION('',(0.707106781187,-0.707106781187,2.775557561563E-17
    ));
#13373 = DEFINITIONAL_REPRESENTATION('',(#13374),#13378);
#13374 = LINE('',#13375,#13376);
#13375 = CARTESIAN_POINT('',(-21.35204988813,2.940162121017));
#13376 = VECTOR('',#13377,1.);
#13377 = DIRECTION('',(0.281084637715,0.959682982261));
#13378 = ( GEOMETRIC_REPRESENTATION_CONTEXT(2) 
PARAMETRIC_REPRESENTATION_CONTEXT() REPRESENTATION_CONTEXT('2D SPACE',''
  ) );
#13379 = ORIENTED_EDGE('',*,*,#9055,.T.);
#13380 = ORIENTED_EDGE('',*,*,#13381,.T.);
#13381 = EDGE_CURVE('',#9056,#13382,#13384,.T.);
#13382 = VERTEX_POINT('',#13383);
#13383 = CARTESIAN_POINT('',(2.,103.,27.6));
#13384 = SURFACE_CURVE('',#13385,(#13389,#13396),.PCURVE_S1.);
#13385 = LINE('',#13386,#13387);
#13386 = CARTESIAN_POINT('',(21.333333333333,83.666666666667,
    46.933333333333));
#13387 = VECTOR('',#13388,1.);
#13388 = DIRECTION('',(0.57735026919,-0.57735026919,0.57735026919));
#13389 = PCURVE('',#9071,#13390);
#13390 = DEFINITIONAL_REPRESENTATION('',(#13391),#13395);
#13391 = LINE('',#13392,#13393);
#13392 = CARTESIAN_POINT('',(-102.6666666666,28.755675768253));
#13393 = VECTOR('',#13394,1.);
#13394 = DIRECTION('',(0.57735026919,0.816496580928));
#13395 = ( GEOMETRIC_REPRESENTATION_CONTEXT(2) 
PARAMETRIC_REPRESENTATION_CONTEXT() REPRESENTATION_CONTEXT('2D SPACE',''
  ) );
#13396 = PCURVE('',#9222,#13397);
#13397 = DEFINITIONAL_REPRESENTATION('',(#13398),#13402);
#13398 = LINE('',#13399,#13400);
#13399 = CARTESIAN_POINT('',(-21.33333333333,28.755675768253));
#13400 = VECTOR('',#13401,1.);
#13401 = DIRECTION('',(-0.57735026919,0.816496580928));
#13402 = ( GEOMETRIC_REPRESENTATION_CONTEXT(2) 
PARAMETRIC_REPRESENTATION_CONTEXT() REPRESENTATION_CONTEXT('2D SPACE',''
  ) );
#13403 = ORIENTED_EDGE('',*,*,#13404,.F.);
#13404 = EDGE_CURVE('',#13353,#13382,#13405,.T.);
#13405 = SURFACE_CURVE('',#13406,(#13410,#13417),.PCURVE_S1.);
#13406 = LINE('',#13407,#13408);
#13407 = CARTESIAN_POINT('',(124.,103.,27.6));
#13408 = VECTOR('',#13409,1.);
#13409 = DIRECTION('',(-1.,0.,0.));
#13410 = PCURVE('',#9071,#13411);
#13411 = DEFINITIONAL_REPRESENTATION('',(#13412),#13416);
#13412 = LINE('',#13413,#13414);
#13413 = CARTESIAN_POINT('',(-0.,1.414213562373));
#13414 = VECTOR('',#13415,1.);
#13415 = DIRECTION('',(-1.,0.));
#13416 = ( GEOMETRIC_REPRESENTATION_CONTEXT(2) 
PARAMETRIC_REPRESENTATION_CONTEXT() REPRESENTATION_CONTEXT('2D SPACE',''
  ) );
#13417 = PCURVE('',#9589,#13418);
#13418 = DEFINITIONAL_REPRESENTATION('',(#13419),#13423);
#13419 = LINE('',#13420,#13421);
#13420 = CARTESIAN_POINT('',(54.,50.5));
#13421 = VECTOR('',#13422,1.);
#13422 = DIRECTION('',(-1.,0.));
#13423 = ( GEOMETRIC_REPRESENTATION_CONTEXT(2) 
PARAMETRIC_REPRESENTATION_CONTEXT() REPRESENTATION_CONTEXT('2D SPACE',''
  ) );
#13424 = ADVANCED_FACE('',(#13425),#9043,.F.);
#13425 = FACE_BOUND('',#13426,.F.);
#13426 = EDGE_LOOP('',(#13427,#13428,#13429,#13450));
#13427 = ORIENTED_EDGE('',*,*,#9801,.F.);
#13428 = ORIENTED_EDGE('',*,*,#9411,.T.);
#13429 = ORIENTED_EDGE('',*,*,#13430,.T.);
#13430 = EDGE_CURVE('',#9384,#9028,#13431,.T.);
#13431 = SURFACE_CURVE('',#13432,(#13436,#13443),.PCURVE_S1.);
#13432 = LINE('',#13433,#13434);
#13433 = CARTESIAN_POINT('',(140.,89.,25.6));
#13434 = VECTOR('',#13435,1.);
#13435 = DIRECTION('',(-0.707106781187,0.707106781187,0.));
#13436 = PCURVE('',#9043,#13437);
#13437 = DEFINITIONAL_REPRESENTATION('',(#13438),#13442);
#13438 = LINE('',#13439,#13440);
#13439 = CARTESIAN_POINT('',(0.,-25.6));
#13440 = VECTOR('',#13441,1.);
#13441 = DIRECTION('',(1.,0.));
#13442 = ( GEOMETRIC_REPRESENTATION_CONTEXT(2) 
PARAMETRIC_REPRESENTATION_CONTEXT() REPRESENTATION_CONTEXT('2D SPACE',''
  ) );
#13443 = PCURVE('',#13368,#13444);
#13444 = DEFINITIONAL_REPRESENTATION('',(#13445),#13449);
#13445 = LINE('',#13446,#13447);
#13446 = CARTESIAN_POINT('',(-7.105427357601E-15,-1.414213562373));
#13447 = VECTOR('',#13448,1.);
#13448 = DIRECTION('',(-1.,0.));
#13449 = ( GEOMETRIC_REPRESENTATION_CONTEXT(2) 
PARAMETRIC_REPRESENTATION_CONTEXT() REPRESENTATION_CONTEXT('2D SPACE',''
  ) );
#13450 = ORIENTED_EDGE('',*,*,#9027,.F.);
#13451 = ADVANCED_FACE('',(#13452),#9131,.F.);
#13452 = FACE_BOUND('',#13453,.F.);
#13453 = EDGE_LOOP('',(#13454,#13455,#13478,#13505));
#13454 = ORIENTED_EDGE('',*,*,#9110,.F.);
#13455 = ORIENTED_EDGE('',*,*,#13456,.F.);
#13456 = EDGE_CURVE('',#13457,#9111,#13459,.T.);
#13457 = VERTEX_POINT('',#13458);
#13458 = CARTESIAN_POINT('',(121.1,102.7,16.5));
#13459 = SEAM_CURVE('',#13460,(#13464,#13471),.PCURVE_S1.);
#13460 = LINE('',#13461,#13462);
#13461 = CARTESIAN_POINT('',(121.1,101.6,16.5));
#13462 = VECTOR('',#13463,1.);
#13463 = DIRECTION('',(0.,1.,0.));
#13464 = PCURVE('',#9131,#13465);
#13465 = DEFINITIONAL_REPRESENTATION('',(#13466),#13470);
#13466 = LINE('',#13467,#13468);
#13467 = CARTESIAN_POINT('',(6.28318530718,-0.));
#13468 = VECTOR('',#13469,1.);
#13469 = DIRECTION('',(0.,1.));
#13470 = ( GEOMETRIC_REPRESENTATION_CONTEXT(2) 
PARAMETRIC_REPRESENTATION_CONTEXT() REPRESENTATION_CONTEXT('2D SPACE',''
  ) );
#13471 = PCURVE('',#9131,#13472);
#13472 = DEFINITIONAL_REPRESENTATION('',(#13473),#13477);
#13473 = LINE('',#13474,#13475);
#13474 = CARTESIAN_POINT('',(0.,-0.));
#13475 = VECTOR('',#13476,1.);
#13476 = DIRECTION('',(0.,1.));
#13477 = ( GEOMETRIC_REPRESENTATION_CONTEXT(2) 
PARAMETRIC_REPRESENTATION_CONTEXT() REPRESENTATION_CONTEXT('2D SPACE',''
  ) );
#13478 = ORIENTED_EDGE('',*,*,#13479,.T.);
#13479 = EDGE_CURVE('',#13457,#13457,#13480,.T.);
#13480 = SURFACE_CURVE('',#13481,(#13486,#13493),.PCURVE_S1.);
#13481 = CIRCLE('',#13482,3.1);
#13482 = AXIS2_PLACEMENT_3D('',#13483,#13484,#13485);
#13483 = CARTESIAN_POINT('',(118.,102.7,16.5));
#13484 = DIRECTION('',(0.,1.,0.));
#13485 = DIRECTION('',(1.,0.,-0.));
#13486 = PCURVE('',#9131,#13487);
#13487 = DEFINITIONAL_REPRESENTATION('',(#13488),#13492);
#13488 = LINE('',#13489,#13490);
#13489 = CARTESIAN_POINT('',(0.,1.1));
#13490 = VECTOR('',#13491,1.);
#13491 = DIRECTION('',(1.,0.));
#13492 = ( GEOMETRIC_REPRESENTATION_CONTEXT(2) 
PARAMETRIC_REPRESENTATION_CONTEXT() REPRESENTATION_CONTEXT('2D SPACE',''
  ) );
#13493 = PCURVE('',#13494,#13499);
#13494 = PLANE('',#13495);
#13495 = AXIS2_PLACEMENT_3D('',#13496,#13497,#13498);
#13496 = CARTESIAN_POINT('',(118.,102.7,16.5));
#13497 = DIRECTION('',(0.,1.,0.));
#13498 = DIRECTION('',(1.,0.,-0.));
#13499 = DEFINITIONAL_REPRESENTATION('',(#13500),#13504);
#13500 = CIRCLE('',#13501,3.1);
#13501 = AXIS2_PLACEMENT_2D('',#13502,#13503);
#13502 = CARTESIAN_POINT('',(0.,0.));
#13503 = DIRECTION('',(1.,0.));
#13504 = ( GEOMETRIC_REPRESENTATION_CONTEXT(2) 
PARAMETRIC_REPRESENTATION_CONTEXT() REPRESENTATION_CONTEXT('2D SPACE',''
  ) );
#13505 = ORIENTED_EDGE('',*,*,#13456,.T.);
#13506 = ADVANCED_FACE('',(#13507),#9190,.F.);
#13507 = FACE_BOUND('',#13508,.T.);
#13508 = EDGE_LOOP('',(#13509,#13532,#13533,#13534));
#13509 = ORIENTED_EDGE('',*,*,#13510,.F.);
#13510 = EDGE_CURVE('',#9154,#13511,#13513,.T.);
#13511 = VERTEX_POINT('',#13512);
#13512 = CARTESIAN_POINT('',(2.,16.828427124746,27.6));
#13513 = SURFACE_CURVE('',#13514,(#13518,#13525),.PCURVE_S1.);
#13514 = LINE('',#13515,#13516);
#13515 = CARTESIAN_POINT('',(9.4090802839,19.897368663049,35.0090802839)
  );
#13516 = VECTOR('',#13517,1.);
#13517 = DIRECTION('',(0.678598344546,0.281084637715,0.678598344546));
#13518 = PCURVE('',#9190,#13519);
#13519 = DEFINITIONAL_REPRESENTATION('',(#13520),#13524);
#13520 = LINE('',#13521,#13522);
#13521 = CARTESIAN_POINT('',(-3.897368663049,11.892235384576));
#13522 = VECTOR('',#13523,1.);
#13523 = DIRECTION('',(-0.281084637715,0.959682982261));
#13524 = ( GEOMETRIC_REPRESENTATION_CONTEXT(2) 
PARAMETRIC_REPRESENTATION_CONTEXT() REPRESENTATION_CONTEXT('2D SPACE',''
  ) );
#13525 = PCURVE('',#9222,#13526);
#13526 = DEFINITIONAL_REPRESENTATION('',(#13527),#13531);
#13527 = LINE('',#13528,#13529);
#13528 = CARTESIAN_POINT('',(-85.10263133695,11.892235384576));
#13529 = VECTOR('',#13530,1.);
#13530 = DIRECTION('',(0.281084637715,0.959682982261));
#13531 = ( GEOMETRIC_REPRESENTATION_CONTEXT(2) 
PARAMETRIC_REPRESENTATION_CONTEXT() REPRESENTATION_CONTEXT('2D SPACE',''
  ) );
#13532 = ORIENTED_EDGE('',*,*,#9176,.T.);
#13533 = ORIENTED_EDGE('',*,*,#9528,.T.);
#13534 = ORIENTED_EDGE('',*,*,#13535,.F.);
#13535 = EDGE_CURVE('',#13511,#9529,#13536,.T.);
#13536 = SURFACE_CURVE('',#13537,(#13541,#13548),.PCURVE_S1.);
#13537 = LINE('',#13538,#13539);
#13538 = CARTESIAN_POINT('',(1.414213562373,17.414213562373,27.6));
#13539 = VECTOR('',#13540,1.);
#13540 = DIRECTION('',(0.707106781187,-0.707106781187,0.));
#13541 = PCURVE('',#9190,#13542);
#13542 = DEFINITIONAL_REPRESENTATION('',(#13543),#13547);
#13543 = LINE('',#13544,#13545);
#13544 = CARTESIAN_POINT('',(-0.,1.414213562373));
#13545 = VECTOR('',#13546,1.);
#13546 = DIRECTION('',(-1.,0.));
#13547 = ( GEOMETRIC_REPRESENTATION_CONTEXT(2) 
PARAMETRIC_REPRESENTATION_CONTEXT() REPRESENTATION_CONTEXT('2D SPACE',''
  ) );
#13548 = PCURVE('',#9589,#13549);
#13549 = DEFINITIONAL_REPRESENTATION('',(#13550),#13554);
#13550 = LINE('',#13551,#13552);
#13551 = CARTESIAN_POINT('',(-68.58578643762,-35.08578643762));
#13552 = VECTOR('',#13553,1.);
#13553 = DIRECTION('',(0.707106781187,-0.707106781187));
#13554 = ( GEOMETRIC_REPRESENTATION_CONTEXT(2) 
PARAMETRIC_REPRESENTATION_CONTEXT() REPRESENTATION_CONTEXT('2D SPACE',''
  ) );
#13555 = ADVANCED_FACE('',(#13556),#9222,.F.);
#13556 = FACE_BOUND('',#13557,.T.);
#13557 = EDGE_LOOP('',(#13558,#13559,#13560,#13561));
#13558 = ORIENTED_EDGE('',*,*,#13381,.F.);
#13559 = ORIENTED_EDGE('',*,*,#9208,.T.);
#13560 = ORIENTED_EDGE('',*,*,#13510,.T.);
#13561 = ORIENTED_EDGE('',*,*,#13562,.F.);
#13562 = EDGE_CURVE('',#13382,#13511,#13563,.T.);
#13563 = SURFACE_CURVE('',#13564,(#13568,#13575),.PCURVE_S1.);
#13564 = LINE('',#13565,#13566);
#13565 = CARTESIAN_POINT('',(2.,105.,27.6));
#13566 = VECTOR('',#13567,1.);
#13567 = DIRECTION('',(0.,-1.,0.));
#13568 = PCURVE('',#9222,#13569);
#13569 = DEFINITIONAL_REPRESENTATION('',(#13570),#13574);
#13570 = LINE('',#13571,#13572);
#13571 = CARTESIAN_POINT('',(-0.,1.414213562373));
#13572 = VECTOR('',#13573,1.);
#13573 = DIRECTION('',(-1.,0.));
#13574 = ( GEOMETRIC_REPRESENTATION_CONTEXT(2) 
PARAMETRIC_REPRESENTATION_CONTEXT() REPRESENTATION_CONTEXT('2D SPACE',''
  ) );
#13575 = PCURVE('',#9589,#13576);
#13576 = DEFINITIONAL_REPRESENTATION('',(#13577),#13581);
#13577 = LINE('',#13578,#13579);
#13578 = CARTESIAN_POINT('',(-68.,52.5));
#13579 = VECTOR('',#13580,1.);
#13580 = DIRECTION('',(0.,-1.));
#13581 = ( GEOMETRIC_REPRESENTATION_CONTEXT(2) 
PARAMETRIC_REPRESENTATION_CONTEXT() REPRESENTATION_CONTEXT('2D SPACE',''
  ) );
#13582 = ADVANCED_FACE('',(#13583),#9348,.F.);
#13583 = FACE_BOUND('',#13584,.F.);
#13584 = EDGE_LOOP('',(#13585,#13586,#13587,#13588));
#13585 = ORIENTED_EDGE('',*,*,#13292,.T.);
#13586 = ORIENTED_EDGE('',*,*,#13172,.T.);
#13587 = ORIENTED_EDGE('',*,*,#13215,.T.);
#13588 = ORIENTED_EDGE('',*,*,#9333,.F.);
#13589 = ADVANCED_FACE('',(#13590),#9493,.F.);
#13590 = FACE_BOUND('',#13591,.F.);
#13591 = EDGE_LOOP('',(#13592,#13593,#13594,#13595));
#13592 = ORIENTED_EDGE('',*,*,#10290,.F.);
#13593 = ORIENTED_EDGE('',*,*,#10401,.F.);
#13594 = ORIENTED_EDGE('',*,*,#13269,.F.);
#13595 = ORIENTED_EDGE('',*,*,#9478,.T.);
#13596 = ADVANCED_FACE('',(#13597),#9399,.F.);
#13597 = FACE_BOUND('',#13598,.T.);
#13598 = EDGE_LOOP('',(#13599,#13600,#13601,#13624));
#13599 = ORIENTED_EDGE('',*,*,#9552,.F.);
#13600 = ORIENTED_EDGE('',*,*,#9383,.T.);
#13601 = ORIENTED_EDGE('',*,*,#13602,.T.);
#13602 = EDGE_CURVE('',#9384,#13603,#13605,.T.);
#13603 = VERTEX_POINT('',#13604);
#13604 = CARTESIAN_POINT('',(138.,88.171572875254,27.6));
#13605 = SURFACE_CURVE('',#13606,(#13610,#13617),.PCURVE_S1.);
#13606 = LINE('',#13607,#13608);
#13607 = CARTESIAN_POINT('',(130.5909197161,85.102631336951,
    35.0090802839));
#13608 = VECTOR('',#13609,1.);
#13609 = DIRECTION('',(-0.678598344546,-0.281084637715,0.678598344546));
#13610 = PCURVE('',#9399,#13611);
#13611 = DEFINITIONAL_REPRESENTATION('',(#13612),#13616);
#13612 = LINE('',#13613,#13614);
#13613 = CARTESIAN_POINT('',(-85.10263133695,11.892235384576));
#13614 = VECTOR('',#13615,1.);
#13615 = DIRECTION('',(0.281084637715,0.959682982261));
#13616 = ( GEOMETRIC_REPRESENTATION_CONTEXT(2) 
PARAMETRIC_REPRESENTATION_CONTEXT() REPRESENTATION_CONTEXT('2D SPACE',''
  ) );
#13617 = PCURVE('',#13368,#13618);
#13618 = DEFINITIONAL_REPRESENTATION('',(#13619),#13623);
#13619 = LINE('',#13620,#13621);
#13620 = CARTESIAN_POINT('',(-3.897368663049,11.892235384576));
#13621 = VECTOR('',#13622,1.);
#13622 = DIRECTION('',(-0.281084637715,0.959682982261));
#13623 = ( GEOMETRIC_REPRESENTATION_CONTEXT(2) 
PARAMETRIC_REPRESENTATION_CONTEXT() REPRESENTATION_CONTEXT('2D SPACE',''
  ) );
#13624 = ORIENTED_EDGE('',*,*,#13625,.F.);
#13625 = EDGE_CURVE('',#9553,#13603,#13626,.T.);
#13626 = SURFACE_CURVE('',#13627,(#13631,#13638),.PCURVE_S1.);
#13627 = LINE('',#13628,#13629);
#13628 = CARTESIAN_POINT('',(138.,0.,27.6));
#13629 = VECTOR('',#13630,1.);
#13630 = DIRECTION('',(0.,1.,0.));
#13631 = PCURVE('',#9399,#13632);
#13632 = DEFINITIONAL_REPRESENTATION('',(#13633),#13637);
#13633 = LINE('',#13634,#13635);
#13634 = CARTESIAN_POINT('',(-0.,1.414213562373));
#13635 = VECTOR('',#13636,1.);
#13636 = DIRECTION('',(-1.,0.));
#13637 = ( GEOMETRIC_REPRESENTATION_CONTEXT(2) 
PARAMETRIC_REPRESENTATION_CONTEXT() REPRESENTATION_CONTEXT('2D SPACE',''
  ) );
#13638 = PCURVE('',#9589,#13639);
#13639 = DEFINITIONAL_REPRESENTATION('',(#13640),#13644);
#13640 = LINE('',#13641,#13642);
#13641 = CARTESIAN_POINT('',(68.,-52.5));
#13642 = VECTOR('',#13643,1.);
#13643 = DIRECTION('',(0.,1.));
#13644 = ( GEOMETRIC_REPRESENTATION_CONTEXT(2) 
PARAMETRIC_REPRESENTATION_CONTEXT() REPRESENTATION_CONTEXT('2D SPACE',''
  ) );
#13645 = ADVANCED_FACE('',(#13646,#13674,#13680,#13686,#13692,#13698,
    #13704,#13710,#13816),#9589,.T.);
#13646 = FACE_BOUND('',#13647,.T.);
#13647 = EDGE_LOOP('',(#13648,#13649,#13650,#13671,#13672,#13673));
#13648 = ORIENTED_EDGE('',*,*,#9575,.T.);
#13649 = ORIENTED_EDGE('',*,*,#13625,.T.);
#13650 = ORIENTED_EDGE('',*,*,#13651,.T.);
#13651 = EDGE_CURVE('',#13603,#13353,#13652,.T.);
#13652 = SURFACE_CURVE('',#13653,(#13657,#13664),.PCURVE_S1.);
#13653 = LINE('',#13654,#13655);
#13654 = CARTESIAN_POINT('',(138.58578643762,87.585786437627,27.6));
#13655 = VECTOR('',#13656,1.);
#13656 = DIRECTION('',(-0.707106781187,0.707106781187,0.));
#13657 = PCURVE('',#9589,#13658);
#13658 = DEFINITIONAL_REPRESENTATION('',(#13659),#13663);
#13659 = LINE('',#13660,#13661);
#13660 = CARTESIAN_POINT('',(68.585786437627,35.085786437627));
#13661 = VECTOR('',#13662,1.);
#13662 = DIRECTION('',(-0.707106781187,0.707106781187));
#13663 = ( GEOMETRIC_REPRESENTATION_CONTEXT(2) 
PARAMETRIC_REPRESENTATION_CONTEXT() REPRESENTATION_CONTEXT('2D SPACE',''
  ) );
#13664 = PCURVE('',#13368,#13665);
#13665 = DEFINITIONAL_REPRESENTATION('',(#13666),#13670);
#13666 = LINE('',#13667,#13668);
#13667 = CARTESIAN_POINT('',(-7.105427357601E-15,1.414213562373));
#13668 = VECTOR('',#13669,1.);
#13669 = DIRECTION('',(-1.,0.));
#13670 = ( GEOMETRIC_REPRESENTATION_CONTEXT(2) 
PARAMETRIC_REPRESENTATION_CONTEXT() REPRESENTATION_CONTEXT('2D SPACE',''
  ) );
#13671 = ORIENTED_EDGE('',*,*,#13404,.T.);
#13672 = ORIENTED_EDGE('',*,*,#13562,.T.);
#13673 = ORIENTED_EDGE('',*,*,#13535,.T.);
#13674 = FACE_BOUND('',#13675,.T.);
#13675 = EDGE_LOOP('',(#13676,#13677,#13678,#13679));
#13676 = ORIENTED_EDGE('',*,*,#11657,.F.);
#13677 = ORIENTED_EDGE('',*,*,#11726,.T.);
#13678 = ORIENTED_EDGE('',*,*,#11800,.F.);
#13679 = ORIENTED_EDGE('',*,*,#11773,.F.);
#13680 = FACE_BOUND('',#13681,.T.);
#13681 = EDGE_LOOP('',(#13682,#13683,#13684,#13685));
#13682 = ORIENTED_EDGE('',*,*,#11845,.F.);
#13683 = ORIENTED_EDGE('',*,*,#11914,.T.);
#13684 = ORIENTED_EDGE('',*,*,#11988,.F.);
#13685 = ORIENTED_EDGE('',*,*,#11961,.F.);
#13686 = FACE_BOUND('',#13687,.T.);
#13687 = EDGE_LOOP('',(#13688,#13689,#13690,#13691));
#13688 = ORIENTED_EDGE('',*,*,#12033,.F.);
#13689 = ORIENTED_EDGE('',*,*,#12102,.T.);
#13690 = ORIENTED_EDGE('',*,*,#12176,.F.);
#13691 = ORIENTED_EDGE('',*,*,#12149,.F.);
#13692 = FACE_BOUND('',#13693,.T.);
#13693 = EDGE_LOOP('',(#13694,#13695,#13696,#13697));
#13694 = ORIENTED_EDGE('',*,*,#12221,.F.);
#13695 = ORIENTED_EDGE('',*,*,#12290,.T.);
#13696 = ORIENTED_EDGE('',*,*,#12364,.F.);
#13697 = ORIENTED_EDGE('',*,*,#12337,.F.);
#13698 = FACE_BOUND('',#13699,.T.);
#13699 = EDGE_LOOP('',(#13700,#13701,#13702,#13703));
#13700 = ORIENTED_EDGE('',*,*,#12409,.F.);
#13701 = ORIENTED_EDGE('',*,*,#12478,.T.);
#13702 = ORIENTED_EDGE('',*,*,#12552,.F.);
#13703 = ORIENTED_EDGE('',*,*,#12525,.F.);
#13704 = FACE_BOUND('',#13705,.T.);
#13705 = EDGE_LOOP('',(#13706,#13707,#13708,#13709));
#13706 = ORIENTED_EDGE('',*,*,#12597,.F.);
#13707 = ORIENTED_EDGE('',*,*,#12666,.T.);
#13708 = ORIENTED_EDGE('',*,*,#12740,.F.);
#13709 = ORIENTED_EDGE('',*,*,#12713,.F.);
#13710 = FACE_BOUND('',#13711,.T.);
#13711 = EDGE_LOOP('',(#13712,#13740,#13766,#13792));
#13712 = ORIENTED_EDGE('',*,*,#13713,.T.);
#13713 = EDGE_CURVE('',#13714,#13716,#13718,.T.);
#13714 = VERTEX_POINT('',#13715);
#13715 = CARTESIAN_POINT('',(74.,76.,27.6));
#13716 = VERTEX_POINT('',#13717);
#13717 = CARTESIAN_POINT('',(12.,76.,27.6));
#13718 = SURFACE_CURVE('',#13719,(#13723,#13729),.PCURVE_S1.);
#13719 = LINE('',#13720,#13721);
#13720 = CARTESIAN_POINT('',(41.,76.,27.6));
#13721 = VECTOR('',#13722,1.);
#13722 = DIRECTION('',(-1.,-0.,0.));
#13723 = PCURVE('',#9589,#13724);
#13724 = DEFINITIONAL_REPRESENTATION('',(#13725),#13728);
#13725 = B_SPLINE_CURVE_WITH_KNOTS('',1,(#13726,#13727),.UNSPECIFIED.,
  .F.,.F.,(2,2),(-33.,29.),.PIECEWISE_BEZIER_KNOTS.);
#13726 = CARTESIAN_POINT('',(4.,23.5));
#13727 = CARTESIAN_POINT('',(-58.,23.5));
#13728 = ( GEOMETRIC_REPRESENTATION_CONTEXT(2) 
PARAMETRIC_REPRESENTATION_CONTEXT() REPRESENTATION_CONTEXT('2D SPACE',''
  ) );
#13729 = PCURVE('',#13730,#13735);
#13730 = PLANE('',#13731);
#13731 = AXIS2_PLACEMENT_3D('',#13732,#13733,#13734);
#13732 = CARTESIAN_POINT('',(12.,76.,27.2));
#13733 = DIRECTION('',(-0.,1.,0.));
#13734 = DIRECTION('',(0.,0.,1.));
#13735 = DEFINITIONAL_REPRESENTATION('',(#13736),#13739);
#13736 = B_SPLINE_CURVE_WITH_KNOTS('',1,(#13737,#13738),.UNSPECIFIED.,
  .F.,.F.,(2,2),(-33.,29.),.PIECEWISE_BEZIER_KNOTS.);
#13737 = CARTESIAN_POINT('',(0.4,62.));
#13738 = CARTESIAN_POINT('',(0.4,0.));
#13739 = ( GEOMETRIC_REPRESENTATION_CONTEXT(2) 
PARAMETRIC_REPRESENTATION_CONTEXT() REPRESENTATION_CONTEXT('2D SPACE',''
  ) );
#13740 = ORIENTED_EDGE('',*,*,#13741,.T.);
#13741 = EDGE_CURVE('',#13716,#13742,#13744,.T.);
#13742 = VERTEX_POINT('',#13743);
#13743 = CARTESIAN_POINT('',(12.,94.,27.6));
#13744 = SURFACE_CURVE('',#13745,(#13749,#13755),.PCURVE_S1.);
#13745 = LINE('',#13746,#13747);
#13746 = CARTESIAN_POINT('',(12.,64.25,27.6));
#13747 = VECTOR('',#13748,1.);
#13748 = DIRECTION('',(-0.,1.,0.));
#13749 = PCURVE('',#9589,#13750);
#13750 = DEFINITIONAL_REPRESENTATION('',(#13751),#13754);
#13751 = B_SPLINE_CURVE_WITH_KNOTS('',1,(#13752,#13753),.UNSPECIFIED.,
  .F.,.F.,(2,2),(11.75,29.75),.PIECEWISE_BEZIER_KNOTS.);
#13752 = CARTESIAN_POINT('',(-58.,23.5));
#13753 = CARTESIAN_POINT('',(-58.,41.5));
#13754 = ( GEOMETRIC_REPRESENTATION_CONTEXT(2) 
PARAMETRIC_REPRESENTATION_CONTEXT() REPRESENTATION_CONTEXT('2D SPACE',''
  ) );
#13755 = PCURVE('',#13756,#13761);
#13756 = PLANE('',#13757);
#13757 = AXIS2_PLACEMENT_3D('',#13758,#13759,#13760);
#13758 = CARTESIAN_POINT('',(12.,76.,27.2));
#13759 = DIRECTION('',(1.,0.,-0.));
#13760 = DIRECTION('',(0.,0.,1.));
#13761 = DEFINITIONAL_REPRESENTATION('',(#13762),#13765);
#13762 = B_SPLINE_CURVE_WITH_KNOTS('',1,(#13763,#13764),.UNSPECIFIED.,
  .F.,.F.,(2,2),(11.75,29.75),.PIECEWISE_BEZIER_KNOTS.);
#13763 = CARTESIAN_POINT('',(0.4,0.));
#13764 = CARTESIAN_POINT('',(0.4,-18.));
#13765 = ( GEOMETRIC_REPRESENTATION_CONTEXT(2) 
PARAMETRIC_REPRESENTATION_CONTEXT() REPRESENTATION_CONTEXT('2D SPACE',''
  ) );
#13766 = ORIENTED_EDGE('',*,*,#13767,.F.);
#13767 = EDGE_CURVE('',#13768,#13742,#13770,.T.);
#13768 = VERTEX_POINT('',#13769);
#13769 = CARTESIAN_POINT('',(74.,94.,27.6));
#13770 = SURFACE_CURVE('',#13771,(#13775,#13781),.PCURVE_S1.);
#13771 = LINE('',#13772,#13773);
#13772 = CARTESIAN_POINT('',(41.,94.,27.6));
#13773 = VECTOR('',#13774,1.);
#13774 = DIRECTION('',(-1.,-0.,0.));
#13775 = PCURVE('',#9589,#13776);
#13776 = DEFINITIONAL_REPRESENTATION('',(#13777),#13780);
#13777 = B_SPLINE_CURVE_WITH_KNOTS('',1,(#13778,#13779),.UNSPECIFIED.,
  .F.,.F.,(2,2),(-33.,29.),.PIECEWISE_BEZIER_KNOTS.);
#13778 = CARTESIAN_POINT('',(4.,41.5));
#13779 = CARTESIAN_POINT('',(-58.,41.5));
#13780 = ( GEOMETRIC_REPRESENTATION_CONTEXT(2) 
PARAMETRIC_REPRESENTATION_CONTEXT() REPRESENTATION_CONTEXT('2D SPACE',''
  ) );
#13781 = PCURVE('',#13782,#13787);
#13782 = PLANE('',#13783);
#13783 = AXIS2_PLACEMENT_3D('',#13784,#13785,#13786);
#13784 = CARTESIAN_POINT('',(12.,94.,27.2));
#13785 = DIRECTION('',(-0.,1.,0.));
#13786 = DIRECTION('',(0.,0.,1.));
#13787 = DEFINITIONAL_REPRESENTATION('',(#13788),#13791);
#13788 = B_SPLINE_CURVE_WITH_KNOTS('',1,(#13789,#13790),.UNSPECIFIED.,
  .F.,.F.,(2,2),(-33.,29.),.PIECEWISE_BEZIER_KNOTS.);
#13789 = CARTESIAN_POINT('',(0.4,62.));
#13790 = CARTESIAN_POINT('',(0.4,0.));
#13791 = ( GEOMETRIC_REPRESENTATION_CONTEXT(2) 
PARAMETRIC_REPRESENTATION_CONTEXT() REPRESENTATION_CONTEXT('2D SPACE',''
  ) );
#13792 = ORIENTED_EDGE('',*,*,#13793,.F.);
#13793 = EDGE_CURVE('',#13714,#13768,#13794,.T.);
#13794 = SURFACE_CURVE('',#13795,(#13799,#13805),.PCURVE_S1.);
#13795 = LINE('',#13796,#13797);
#13796 = CARTESIAN_POINT('',(74.,64.25,27.6));
#13797 = VECTOR('',#13798,1.);
#13798 = DIRECTION('',(-0.,1.,0.));
#13799 = PCURVE('',#9589,#13800);
#13800 = DEFINITIONAL_REPRESENTATION('',(#13801),#13804);
#13801 = B_SPLINE_CURVE_WITH_KNOTS('',1,(#13802,#13803),.UNSPECIFIED.,
  .F.,.F.,(2,2),(11.75,29.75),.PIECEWISE_BEZIER_KNOTS.);
#13802 = CARTESIAN_POINT('',(4.,23.5));
#13803 = CARTESIAN_POINT('',(4.,41.5));
#13804 = ( GEOMETRIC_REPRESENTATION_CONTEXT(2) 
PARAMETRIC_REPRESENTATION_CONTEXT() REPRESENTATION_CONTEXT('2D SPACE',''
  ) );
#13805 = PCURVE('',#13806,#13811);
#13806 = PLANE('',#13807);
#13807 = AXIS2_PLACEMENT_3D('',#13808,#13809,#13810);
#13808 = CARTESIAN_POINT('',(74.,76.,27.2));
#13809 = DIRECTION('',(1.,0.,-0.));
#13810 = DIRECTION('',(0.,0.,1.));
#13811 = DEFINITIONAL_REPRESENTATION('',(#13812),#13815);
#13812 = B_SPLINE_CURVE_WITH_KNOTS('',1,(#13813,#13814),.UNSPECIFIED.,
  .F.,.F.,(2,2),(11.75,29.75),.PIECEWISE_BEZIER_KNOTS.);
#13813 = CARTESIAN_POINT('',(0.4,0.));
#13814 = CARTESIAN_POINT('',(0.4,-18.));
#13815 = ( GEOMETRIC_REPRESENTATION_CONTEXT(2) 
PARAMETRIC_REPRESENTATION_CONTEXT() REPRESENTATION_CONTEXT('2D SPACE',''
  ) );
#13816 = FACE_BOUND('',#13817,.T.);
#13817 = EDGE_LOOP('',(#13818,#13819,#13820,#13821));
#13818 = ORIENTED_EDGE('',*,*,#12926,.F.);
#13819 = ORIENTED_EDGE('',*,*,#12879,.T.);
#13820 = ORIENTED_EDGE('',*,*,#12809,.F.);
#13821 = ORIENTED_EDGE('',*,*,#12832,.F.);
#13822 = ADVANCED_FACE('',(#13823,#13830),#9644,.F.);
#13823 = FACE_BOUND('',#13824,.F.);
#13824 = EDGE_LOOP('',(#13825,#13826,#13827,#13828,#13829));
#13825 = ORIENTED_EDGE('',*,*,#10843,.F.);
#13826 = ORIENTED_EDGE('',*,*,#10892,.T.);
#13827 = ORIENTED_EDGE('',*,*,#10919,.T.);
#13828 = ORIENTED_EDGE('',*,*,#10642,.T.);
#13829 = ORIENTED_EDGE('',*,*,#9629,.T.);
#13830 = FACE_BOUND('',#13831,.F.);
#13831 = EDGE_LOOP('',(#13832,#13860,#13886,#13912));
#13832 = ORIENTED_EDGE('',*,*,#13833,.T.);
#13833 = EDGE_CURVE('',#13834,#13836,#13838,.T.);
#13834 = VERTEX_POINT('',#13835);
#13835 = CARTESIAN_POINT('',(123.3,98.7,7.5));
#13836 = VERTEX_POINT('',#13837);
#13837 = CARTESIAN_POINT('',(112.7,98.7,7.5));
#13838 = SURFACE_CURVE('',#13839,(#13843,#13849),.PCURVE_S1.);
#13839 = LINE('',#13840,#13841);
#13840 = CARTESIAN_POINT('',(111.35,98.7,7.5));
#13841 = VECTOR('',#13842,1.);
#13842 = DIRECTION('',(-1.,-0.,0.));
#13843 = PCURVE('',#9644,#13844);
#13844 = DEFINITIONAL_REPRESENTATION('',(#13845),#13848);
#13845 = B_SPLINE_CURVE_WITH_KNOTS('',1,(#13846,#13847),.UNSPECIFIED.,
  .F.,.F.,(2,2),(-11.95,-1.35),.PIECEWISE_BEZIER_KNOTS.);
#13846 = CARTESIAN_POINT('',(13.3,3.1));
#13847 = CARTESIAN_POINT('',(2.7,3.1));
#13848 = ( GEOMETRIC_REPRESENTATION_CONTEXT(2) 
PARAMETRIC_REPRESENTATION_CONTEXT() REPRESENTATION_CONTEXT('2D SPACE',''
  ) );
#13849 = PCURVE('',#13850,#13855);
#13850 = PLANE('',#13851);
#13851 = AXIS2_PLACEMENT_3D('',#13852,#13853,#13854);
#13852 = CARTESIAN_POINT('',(112.7,98.7,6.5));
#13853 = DIRECTION('',(-0.,1.,0.));
#13854 = DIRECTION('',(0.,0.,1.));
#13855 = DEFINITIONAL_REPRESENTATION('',(#13856),#13859);
#13856 = B_SPLINE_CURVE_WITH_KNOTS('',1,(#13857,#13858),.UNSPECIFIED.,
  .F.,.F.,(2,2),(-11.95,-1.35),.PIECEWISE_BEZIER_KNOTS.);
#13857 = CARTESIAN_POINT('',(1.,10.6));
#13858 = CARTESIAN_POINT('',(1.,0.));
#13859 = ( GEOMETRIC_REPRESENTATION_CONTEXT(2) 
PARAMETRIC_REPRESENTATION_CONTEXT() REPRESENTATION_CONTEXT('2D SPACE',''
  ) );
#13860 = ORIENTED_EDGE('',*,*,#13861,.T.);
#13861 = EDGE_CURVE('',#13836,#13862,#13864,.T.);
#13862 = VERTEX_POINT('',#13863);
#13863 = CARTESIAN_POINT('',(112.7,101.1,7.5));
#13864 = SURFACE_CURVE('',#13865,(#13869,#13875),.PCURVE_S1.);
#13865 = LINE('',#13866,#13867);
#13866 = CARTESIAN_POINT('',(112.7,97.15,7.5));
#13867 = VECTOR('',#13868,1.);
#13868 = DIRECTION('',(-0.,1.,0.));
#13869 = PCURVE('',#9644,#13870);
#13870 = DEFINITIONAL_REPRESENTATION('',(#13871),#13874);
#13871 = B_SPLINE_CURVE_WITH_KNOTS('',1,(#13872,#13873),.UNSPECIFIED.,
  .F.,.F.,(2,2),(1.55,3.95),.PIECEWISE_BEZIER_KNOTS.);
#13872 = CARTESIAN_POINT('',(2.7,3.1));
#13873 = CARTESIAN_POINT('',(2.7,5.5));
#13874 = ( GEOMETRIC_REPRESENTATION_CONTEXT(2) 
PARAMETRIC_REPRESENTATION_CONTEXT() REPRESENTATION_CONTEXT('2D SPACE',''
  ) );
#13875 = PCURVE('',#13876,#13881);
#13876 = PLANE('',#13877);
#13877 = AXIS2_PLACEMENT_3D('',#13878,#13879,#13880);
#13878 = CARTESIAN_POINT('',(112.7,98.7,6.5));
#13879 = DIRECTION('',(1.,0.,-0.));
#13880 = DIRECTION('',(0.,0.,1.));
#13881 = DEFINITIONAL_REPRESENTATION('',(#13882),#13885);
#13882 = B_SPLINE_CURVE_WITH_KNOTS('',1,(#13883,#13884),.UNSPECIFIED.,
  .F.,.F.,(2,2),(1.55,3.95),.PIECEWISE_BEZIER_KNOTS.);
#13883 = CARTESIAN_POINT('',(1.,0.));
#13884 = CARTESIAN_POINT('',(1.,-2.4));
#13885 = ( GEOMETRIC_REPRESENTATION_CONTEXT(2) 
PARAMETRIC_REPRESENTATION_CONTEXT() REPRESENTATION_CONTEXT('2D SPACE',''
  ) );
#13886 = ORIENTED_EDGE('',*,*,#13887,.F.);
#13887 = EDGE_CURVE('',#13888,#13862,#13890,.T.);
#13888 = VERTEX_POINT('',#13889);
#13889 = CARTESIAN_POINT('',(123.3,101.1,7.5));
#13890 = SURFACE_CURVE('',#13891,(#13895,#13901),.PCURVE_S1.);
#13891 = LINE('',#13892,#13893);
#13892 = CARTESIAN_POINT('',(111.35,101.1,7.5));
#13893 = VECTOR('',#13894,1.);
#13894 = DIRECTION('',(-1.,-0.,0.));
#13895 = PCURVE('',#9644,#13896);
#13896 = DEFINITIONAL_REPRESENTATION('',(#13897),#13900);
#13897 = B_SPLINE_CURVE_WITH_KNOTS('',1,(#13898,#13899),.UNSPECIFIED.,
  .F.,.F.,(2,2),(-11.95,-1.35),.PIECEWISE_BEZIER_KNOTS.);
#13898 = CARTESIAN_POINT('',(13.3,5.5));
#13899 = CARTESIAN_POINT('',(2.7,5.5));
#13900 = ( GEOMETRIC_REPRESENTATION_CONTEXT(2) 
PARAMETRIC_REPRESENTATION_CONTEXT() REPRESENTATION_CONTEXT('2D SPACE',''
  ) );
#13901 = PCURVE('',#13902,#13907);
#13902 = PLANE('',#13903);
#13903 = AXIS2_PLACEMENT_3D('',#13904,#13905,#13906);
#13904 = CARTESIAN_POINT('',(112.7,101.1,6.5));
#13905 = DIRECTION('',(-0.,1.,0.));
#13906 = DIRECTION('',(0.,0.,1.));
#13907 = DEFINITIONAL_REPRESENTATION('',(#13908),#13911);
#13908 = B_SPLINE_CURVE_WITH_KNOTS('',1,(#13909,#13910),.UNSPECIFIED.,
  .F.,.F.,(2,2),(-11.95,-1.35),.PIECEWISE_BEZIER_KNOTS.);
#13909 = CARTESIAN_POINT('',(1.,10.6));
#13910 = CARTESIAN_POINT('',(1.,0.));
#13911 = ( GEOMETRIC_REPRESENTATION_CONTEXT(2) 
PARAMETRIC_REPRESENTATION_CONTEXT() REPRESENTATION_CONTEXT('2D SPACE',''
  ) );
#13912 = ORIENTED_EDGE('',*,*,#13913,.F.);
#13913 = EDGE_CURVE('',#13834,#13888,#13914,.T.);
#13914 = SURFACE_CURVE('',#13915,(#13919,#13925),.PCURVE_S1.);
#13915 = LINE('',#13916,#13917);
#13916 = CARTESIAN_POINT('',(123.3,97.15,7.5));
#13917 = VECTOR('',#13918,1.);
#13918 = DIRECTION('',(-0.,1.,0.));
#13919 = PCURVE('',#9644,#13920);
#13920 = DEFINITIONAL_REPRESENTATION('',(#13921),#13924);
#13921 = B_SPLINE_CURVE_WITH_KNOTS('',1,(#13922,#13923),.UNSPECIFIED.,
  .F.,.F.,(2,2),(1.55,3.95),.PIECEWISE_BEZIER_KNOTS.);
#13922 = CARTESIAN_POINT('',(13.3,3.1));
#13923 = CARTESIAN_POINT('',(13.3,5.5));
#13924 = ( GEOMETRIC_REPRESENTATION_CONTEXT(2) 
PARAMETRIC_REPRESENTATION_CONTEXT() REPRESENTATION_CONTEXT('2D SPACE',''
  ) );
#13925 = PCURVE('',#13926,#13931);
#13926 = PLANE('',#13927);
#13927 = AXIS2_PLACEMENT_3D('',#13928,#13929,#13930);
#13928 = CARTESIAN_POINT('',(123.3,98.7,6.5));
#13929 = DIRECTION('',(1.,0.,-0.));
#13930 = DIRECTION('',(0.,0.,1.));
#13931 = DEFINITIONAL_REPRESENTATION('',(#13932),#13935);
#13932 = B_SPLINE_CURVE_WITH_KNOTS('',1,(#13933,#13934),.UNSPECIFIED.,
  .F.,.F.,(2,2),(1.55,3.95),.PIECEWISE_BEZIER_KNOTS.);
#13933 = CARTESIAN_POINT('',(1.,0.));
#13934 = CARTESIAN_POINT('',(1.,-2.4));
#13935 = ( GEOMETRIC_REPRESENTATION_CONTEXT(2) 
PARAMETRIC_REPRESENTATION_CONTEXT() REPRESENTATION_CONTEXT('2D SPACE',''
  ) );
#13936 = ADVANCED_FACE('',(#13937),#9964,.F.);
#13937 = FACE_BOUND('',#13938,.F.);
#13938 = EDGE_LOOP('',(#13939,#13960,#13961,#13962));
#13939 = ORIENTED_EDGE('',*,*,#13940,.F.);
#13940 = EDGE_CURVE('',#10179,#9924,#13941,.T.);
#13941 = SURFACE_CURVE('',#13942,(#13946,#13953),.PCURVE_S1.);
#13942 = LINE('',#13943,#13944);
#13943 = CARTESIAN_POINT('',(139.2,88.668629150102,9.7));
#13944 = VECTOR('',#13945,1.);
#13945 = DIRECTION('',(0.,0.,1.));
#13946 = PCURVE('',#9964,#13947);
#13947 = DEFINITIONAL_REPRESENTATION('',(#13948),#13952);
#13948 = LINE('',#13949,#13950);
#13949 = CARTESIAN_POINT('',(87.868629150102,0.));
#13950 = VECTOR('',#13951,1.);
#13951 = DIRECTION('',(0.,-1.));
#13952 = ( GEOMETRIC_REPRESENTATION_CONTEXT(2) 
PARAMETRIC_REPRESENTATION_CONTEXT() REPRESENTATION_CONTEXT('2D SPACE',''
  ) );
#13953 = PCURVE('',#9938,#13954);
#13954 = DEFINITIONAL_REPRESENTATION('',(#13955),#13959);
#13955 = LINE('',#13956,#13957);
#13956 = CARTESIAN_POINT('',(1.004859173558E-14,0.));
#13957 = VECTOR('',#13958,1.);
#13958 = DIRECTION('',(0.,-1.));
#13959 = ( GEOMETRIC_REPRESENTATION_CONTEXT(2) 
PARAMETRIC_REPRESENTATION_CONTEXT() REPRESENTATION_CONTEXT('2D SPACE',''
  ) );
#13960 = ORIENTED_EDGE('',*,*,#10199,.T.);
#13961 = ORIENTED_EDGE('',*,*,#10313,.F.);
#13962 = ORIENTED_EDGE('',*,*,#9949,.F.);
#13963 = ADVANCED_FACE('',(#13964),#9938,.F.);
#13964 = FACE_BOUND('',#13965,.F.);
#13965 = EDGE_LOOP('',(#13966,#13985,#13986,#13987));
#13966 = ORIENTED_EDGE('',*,*,#13967,.F.);
#13967 = EDGE_CURVE('',#10158,#9898,#13968,.T.);
#13968 = SURFACE_CURVE('',#13969,(#13973,#13979),.PCURVE_S1.);
#13969 = LINE('',#13970,#13971);
#13970 = CARTESIAN_POINT('',(126.,101.8686291501,8.6));
#13971 = VECTOR('',#13972,1.);
#13972 = DIRECTION('',(0.,0.,1.));
#13973 = PCURVE('',#9938,#13974);
#13974 = DEFINITIONAL_REPRESENTATION('',(#13975),#13978);
#13975 = B_SPLINE_CURVE_WITH_KNOTS('',1,(#13976,#13977),.UNSPECIFIED.,
  .F.,.F.,(2,2),(1.2,2.4),.PIECEWISE_BEZIER_KNOTS.);
#13976 = CARTESIAN_POINT('',(18.667619023325,-0.1));
#13977 = CARTESIAN_POINT('',(18.667619023325,-1.3));
#13978 = ( GEOMETRIC_REPRESENTATION_CONTEXT(2) 
PARAMETRIC_REPRESENTATION_CONTEXT() REPRESENTATION_CONTEXT('2D SPACE',''
  ) );
#13979 = PCURVE('',#9912,#13980);
#13980 = DEFINITIONAL_REPRESENTATION('',(#13981),#13984);
#13981 = B_SPLINE_CURVE_WITH_KNOTS('',1,(#13982,#13983),.UNSPECIFIED.,
  .F.,.F.,(2,2),(1.2,2.4),.PIECEWISE_BEZIER_KNOTS.);
#13982 = CARTESIAN_POINT('',(2.3,-6.268629150102));
#13983 = CARTESIAN_POINT('',(3.5,-6.268629150102));
#13984 = ( GEOMETRIC_REPRESENTATION_CONTEXT(2) 
PARAMETRIC_REPRESENTATION_CONTEXT() REPRESENTATION_CONTEXT('2D SPACE',''
  ) );
#13985 = ORIENTED_EDGE('',*,*,#10178,.T.);
#13986 = ORIENTED_EDGE('',*,*,#13940,.T.);
#13987 = ORIENTED_EDGE('',*,*,#9923,.F.);
#13988 = ADVANCED_FACE('',(#13989),#9912,.T.);
#13989 = FACE_BOUND('',#13990,.T.);
#13990 = EDGE_LOOP('',(#13991,#13992,#14013,#14014));
#13991 = ORIENTED_EDGE('',*,*,#10157,.T.);
#13992 = ORIENTED_EDGE('',*,*,#13993,.T.);
#13993 = EDGE_CURVE('',#10137,#9872,#13994,.T.);
#13994 = SURFACE_CURVE('',#13995,(#13999,#14006),.PCURVE_S1.);
#13995 = LINE('',#13996,#13997);
#13996 = CARTESIAN_POINT('',(126.,102.7,7.5));
#13997 = VECTOR('',#13998,1.);
#13998 = DIRECTION('',(0.,0.,1.));
#13999 = PCURVE('',#9912,#14000);
#14000 = DEFINITIONAL_REPRESENTATION('',(#14001),#14005);
#14001 = LINE('',#14002,#14003);
#14002 = CARTESIAN_POINT('',(0.,-7.1));
#14003 = VECTOR('',#14004,1.);
#14004 = DIRECTION('',(1.,0.));
#14005 = ( GEOMETRIC_REPRESENTATION_CONTEXT(2) 
PARAMETRIC_REPRESENTATION_CONTEXT() REPRESENTATION_CONTEXT('2D SPACE',''
  ) );
#14006 = PCURVE('',#9886,#14007);
#14007 = DEFINITIONAL_REPRESENTATION('',(#14008),#14012);
#14008 = LINE('',#14009,#14010);
#14009 = CARTESIAN_POINT('',(0.,16.));
#14010 = VECTOR('',#14011,1.);
#14011 = DIRECTION('',(1.,0.));
#14012 = ( GEOMETRIC_REPRESENTATION_CONTEXT(2) 
PARAMETRIC_REPRESENTATION_CONTEXT() REPRESENTATION_CONTEXT('2D SPACE',''
  ) );
#14013 = ORIENTED_EDGE('',*,*,#9897,.F.);
#14014 = ORIENTED_EDGE('',*,*,#13967,.F.);
#14015 = ADVANCED_FACE('',(#14016),#9886,.T.);
#14016 = FACE_BOUND('',#14017,.T.);
#14017 = EDGE_LOOP('',(#14018,#14019,#14020,#14039));
#14018 = ORIENTED_EDGE('',*,*,#13993,.F.);
#14019 = ORIENTED_EDGE('',*,*,#10136,.T.);
#14020 = ORIENTED_EDGE('',*,*,#14021,.F.);
#14021 = EDGE_CURVE('',#9846,#10116,#14022,.T.);
#14022 = SURFACE_CURVE('',#14023,(#14027,#14033),.PCURVE_S1.);
#14023 = LINE('',#14024,#14025);
#14024 = CARTESIAN_POINT('',(125.1686291501,102.7,8.6));
#14025 = VECTOR('',#14026,1.);
#14026 = DIRECTION('',(-0.,0.,-1.));
#14027 = PCURVE('',#9886,#14028);
#14028 = DEFINITIONAL_REPRESENTATION('',(#14029),#14032);
#14029 = B_SPLINE_CURVE_WITH_KNOTS('',1,(#14030,#14031),.UNSPECIFIED.,
  .F.,.F.,(2,2),(-2.4,-1.2),.PIECEWISE_BEZIER_KNOTS.);
#14030 = CARTESIAN_POINT('',(3.5,15.168629150102));
#14031 = CARTESIAN_POINT('',(2.3,15.168629150102));
#14032 = ( GEOMETRIC_REPRESENTATION_CONTEXT(2) 
PARAMETRIC_REPRESENTATION_CONTEXT() REPRESENTATION_CONTEXT('2D SPACE',''
  ) );
#14033 = PCURVE('',#9860,#14034);
#14034 = DEFINITIONAL_REPRESENTATION('',(#14035),#14038);
#14035 = B_SPLINE_CURVE_WITH_KNOTS('',1,(#14036,#14037),.UNSPECIFIED.,
  .F.,.F.,(2,2),(-2.4,-1.2),.PIECEWISE_BEZIER_KNOTS.);
#14036 = CARTESIAN_POINT('',(19.843354954613,-1.3));
#14037 = CARTESIAN_POINT('',(19.843354954613,-0.1));
#14038 = ( GEOMETRIC_REPRESENTATION_CONTEXT(2) 
PARAMETRIC_REPRESENTATION_CONTEXT() REPRESENTATION_CONTEXT('2D SPACE',''
  ) );
#14039 = ORIENTED_EDGE('',*,*,#9871,.F.);
#14040 = ADVANCED_FACE('',(#14041),#9860,.F.);
#14041 = FACE_BOUND('',#14042,.F.);
#14042 = EDGE_LOOP('',(#14043,#14044,#14045,#14046));
#14043 = ORIENTED_EDGE('',*,*,#10019,.F.);
#14044 = ORIENTED_EDGE('',*,*,#10115,.T.);
#14045 = ORIENTED_EDGE('',*,*,#14021,.F.);
#14046 = ORIENTED_EDGE('',*,*,#9845,.F.);
#14047 = ADVANCED_FACE('',(#14048),#10459,.F.);
#14048 = FACE_BOUND('',#14049,.F.);
#14049 = EDGE_LOOP('',(#14050,#14051,#14052,#14053));
#14050 = ORIENTED_EDGE('',*,*,#11204,.F.);
#14051 = ORIENTED_EDGE('',*,*,#13245,.T.);
#14052 = ORIENTED_EDGE('',*,*,#10445,.T.);
#14053 = ORIENTED_EDGE('',*,*,#10566,.F.);
#14054 = ADVANCED_FACE('',(#14055),#10532,.F.);
#14055 = FACE_BOUND('',#14056,.F.);
#14056 = EDGE_LOOP('',(#14057,#14058,#14059,#14060,#14061,#14062));
#14057 = ORIENTED_EDGE('',*,*,#10995,.F.);
#14058 = ORIENTED_EDGE('',*,*,#11066,.F.);
#14059 = ORIENTED_EDGE('',*,*,#11113,.T.);
#14060 = ORIENTED_EDGE('',*,*,#11184,.T.);
#14061 = ORIENTED_EDGE('',*,*,#10517,.F.);
#14062 = ORIENTED_EDGE('',*,*,#10946,.T.);
#14063 = ADVANCED_FACE('',(#14064,#14067),#11534,.F.);
#14064 = FACE_BOUND('',#14065,.F.);
#14065 = EDGE_LOOP('',(#14066));
#14066 = ORIENTED_EDGE('',*,*,#11519,.T.);
#14067 = FACE_BOUND('',#14068,.F.);
#14068 = EDGE_LOOP('',(#14069));
#14069 = ORIENTED_EDGE('',*,*,#14070,.F.);
#14070 = EDGE_CURVE('',#14071,#14071,#14073,.T.);
#14071 = VERTEX_POINT('',#14072);
#14072 = CARTESIAN_POINT('',(12.35,84.,3.));
#14073 = SURFACE_CURVE('',#14074,(#14079,#14086),.PCURVE_S1.);
#14074 = CIRCLE('',#14075,2.35);
#14075 = AXIS2_PLACEMENT_3D('',#14076,#14077,#14078);
#14076 = CARTESIAN_POINT('',(10.,84.,3.));
#14077 = DIRECTION('',(0.,0.,1.));
#14078 = DIRECTION('',(1.,0.,-0.));
#14079 = PCURVE('',#11534,#14080);
#14080 = DEFINITIONAL_REPRESENTATION('',(#14081),#14085);
#14081 = CIRCLE('',#14082,2.35);
#14082 = AXIS2_PLACEMENT_2D('',#14083,#14084);
#14083 = CARTESIAN_POINT('',(0.,0.));
#14084 = DIRECTION('',(1.,0.));
#14085 = ( GEOMETRIC_REPRESENTATION_CONTEXT(2) 
PARAMETRIC_REPRESENTATION_CONTEXT() REPRESENTATION_CONTEXT('2D SPACE',''
  ) );
#14086 = PCURVE('',#14087,#14092);
#14087 = CYLINDRICAL_SURFACE('',#14088,2.35);
#14088 = AXIS2_PLACEMENT_3D('',#14089,#14090,#14091);
#14089 = CARTESIAN_POINT('',(10.,84.,2.));
#14090 = DIRECTION('',(0.,0.,1.));
#14091 = DIRECTION('',(1.,0.,-0.));
#14092 = DEFINITIONAL_REPRESENTATION('',(#14093),#14097);
#14093 = LINE('',#14094,#14095);
#14094 = CARTESIAN_POINT('',(0.,1.));
#14095 = VECTOR('',#14096,1.);
#14096 = DIRECTION('',(1.,0.));
#14097 = ( GEOMETRIC_REPRESENTATION_CONTEXT(2) 
PARAMETRIC_REPRESENTATION_CONTEXT() REPRESENTATION_CONTEXT('2D SPACE',''
  ) );
#14098 = ADVANCED_FACE('',(#14099,#14102),#11618,.F.);
#14099 = FACE_BOUND('',#14100,.F.);
#14100 = EDGE_LOOP('',(#14101));
#14101 = ORIENTED_EDGE('',*,*,#11603,.T.);
#14102 = FACE_BOUND('',#14103,.F.);
#14103 = EDGE_LOOP('',(#14104));
#14104 = ORIENTED_EDGE('',*,*,#14105,.F.);
#14105 = EDGE_CURVE('',#14106,#14106,#14108,.T.);
#14106 = VERTEX_POINT('',#14107);
#14107 = CARTESIAN_POINT('',(14.85,14.5,3.));
#14108 = SURFACE_CURVE('',#14109,(#14114,#14121),.PCURVE_S1.);
#14109 = CIRCLE('',#14110,2.35);
#14110 = AXIS2_PLACEMENT_3D('',#14111,#14112,#14113);
#14111 = CARTESIAN_POINT('',(12.5,14.5,3.));
#14112 = DIRECTION('',(0.,0.,1.));
#14113 = DIRECTION('',(1.,0.,-0.));
#14114 = PCURVE('',#11618,#14115);
#14115 = DEFINITIONAL_REPRESENTATION('',(#14116),#14120);
#14116 = CIRCLE('',#14117,2.35);
#14117 = AXIS2_PLACEMENT_2D('',#14118,#14119);
#14118 = CARTESIAN_POINT('',(0.,0.));
#14119 = DIRECTION('',(1.,0.));
#14120 = ( GEOMETRIC_REPRESENTATION_CONTEXT(2) 
PARAMETRIC_REPRESENTATION_CONTEXT() REPRESENTATION_CONTEXT('2D SPACE',''
  ) );
#14121 = PCURVE('',#14122,#14127);
#14122 = CYLINDRICAL_SURFACE('',#14123,2.35);
#14123 = AXIS2_PLACEMENT_3D('',#14124,#14125,#14126);
#14124 = CARTESIAN_POINT('',(12.5,14.5,2.));
#14125 = DIRECTION('',(0.,0.,1.));
#14126 = DIRECTION('',(1.,0.,-0.));
#14127 = DEFINITIONAL_REPRESENTATION('',(#14128),#14132);
#14128 = LINE('',#14129,#14130);
#14129 = CARTESIAN_POINT('',(0.,1.));
#14130 = VECTOR('',#14131,1.);
#14131 = DIRECTION('',(1.,0.));
#14132 = ( GEOMETRIC_REPRESENTATION_CONTEXT(2) 
PARAMETRIC_REPRESENTATION_CONTEXT() REPRESENTATION_CONTEXT('2D SPACE',''
  ) );
#14133 = ADVANCED_FACE('',(#14134,#14137),#12989,.F.);
#14134 = FACE_BOUND('',#14135,.F.);
#14135 = EDGE_LOOP('',(#14136));
#14136 = ORIENTED_EDGE('',*,*,#12974,.T.);
#14137 = FACE_BOUND('',#14138,.F.);
#14138 = EDGE_LOOP('',(#14139));
#14139 = ORIENTED_EDGE('',*,*,#14140,.F.);
#14140 = EDGE_CURVE('',#14141,#14141,#14143,.T.);
#14141 = VERTEX_POINT('',#14142);
#14142 = CARTESIAN_POINT('',(133.35,66.,3.));
#14143 = SURFACE_CURVE('',#14144,(#14149,#14156),.PCURVE_S1.);
#14144 = CIRCLE('',#14145,2.35);
#14145 = AXIS2_PLACEMENT_3D('',#14146,#14147,#14148);
#14146 = CARTESIAN_POINT('',(131.,66.,3.));
#14147 = DIRECTION('',(0.,0.,1.));
#14148 = DIRECTION('',(1.,0.,-0.));
#14149 = PCURVE('',#12989,#14150);
#14150 = DEFINITIONAL_REPRESENTATION('',(#14151),#14155);
#14151 = CIRCLE('',#14152,2.35);
#14152 = AXIS2_PLACEMENT_2D('',#14153,#14154);
#14153 = CARTESIAN_POINT('',(0.,0.));
#14154 = DIRECTION('',(1.,0.));
#14155 = ( GEOMETRIC_REPRESENTATION_CONTEXT(2) 
PARAMETRIC_REPRESENTATION_CONTEXT() REPRESENTATION_CONTEXT('2D SPACE',''
  ) );
#14156 = PCURVE('',#14157,#14162);
#14157 = CYLINDRICAL_SURFACE('',#14158,2.35);
#14158 = AXIS2_PLACEMENT_3D('',#14159,#14160,#14161);
#14159 = CARTESIAN_POINT('',(131.,66.,2.));
#14160 = DIRECTION('',(0.,0.,1.));
#14161 = DIRECTION('',(1.,0.,-0.));
#14162 = DEFINITIONAL_REPRESENTATION('',(#14163),#14167);
#14163 = LINE('',#14164,#14165);
#14164 = CARTESIAN_POINT('',(0.,1.));
#14165 = VECTOR('',#14166,1.);
#14166 = DIRECTION('',(1.,0.));
#14167 = ( GEOMETRIC_REPRESENTATION_CONTEXT(2) 
PARAMETRIC_REPRESENTATION_CONTEXT() REPRESENTATION_CONTEXT('2D SPACE',''
  ) );
#14168 = ADVANCED_FACE('',(#14169,#14172),#13044,.F.);
#14169 = FACE_BOUND('',#14170,.F.);
#14170 = EDGE_LOOP('',(#14171));
#14171 = ORIENTED_EDGE('',*,*,#13029,.T.);
#14172 = FACE_BOUND('',#14173,.F.);
#14173 = EDGE_LOOP('',(#14174));
#14174 = ORIENTED_EDGE('',*,*,#14175,.F.);
#14175 = EDGE_CURVE('',#14176,#14176,#14178,.T.);
#14176 = VERTEX_POINT('',#14177);
#14177 = CARTESIAN_POINT('',(130.85,90.5,3.));
#14178 = SURFACE_CURVE('',#14179,(#14184,#14191),.PCURVE_S1.);
#14179 = CIRCLE('',#14180,2.35);
#14180 = AXIS2_PLACEMENT_3D('',#14181,#14182,#14183);
#14181 = CARTESIAN_POINT('',(128.5,90.5,3.));
#14182 = DIRECTION('',(0.,0.,1.));
#14183 = DIRECTION('',(1.,0.,-0.));
#14184 = PCURVE('',#13044,#14185);
#14185 = DEFINITIONAL_REPRESENTATION('',(#14186),#14190);
#14186 = CIRCLE('',#14187,2.35);
#14187 = AXIS2_PLACEMENT_2D('',#14188,#14189);
#14188 = CARTESIAN_POINT('',(0.,0.));
#14189 = DIRECTION('',(1.,0.));
#14190 = ( GEOMETRIC_REPRESENTATION_CONTEXT(2) 
PARAMETRIC_REPRESENTATION_CONTEXT() REPRESENTATION_CONTEXT('2D SPACE',''
  ) );
#14191 = PCURVE('',#14192,#14197);
#14192 = CYLINDRICAL_SURFACE('',#14193,2.35);
#14193 = AXIS2_PLACEMENT_3D('',#14194,#14195,#14196);
#14194 = CARTESIAN_POINT('',(128.5,90.5,2.));
#14195 = DIRECTION('',(0.,0.,1.));
#14196 = DIRECTION('',(1.,0.,-0.));
#14197 = DEFINITIONAL_REPRESENTATION('',(#14198),#14202);
#14198 = LINE('',#14199,#14200);
#14199 = CARTESIAN_POINT('',(0.,1.));
#14200 = VECTOR('',#14201,1.);
#14201 = DIRECTION('',(1.,0.));
#14202 = ( GEOMETRIC_REPRESENTATION_CONTEXT(2) 
PARAMETRIC_REPRESENTATION_CONTEXT() REPRESENTATION_CONTEXT('2D SPACE',''
  ) );
#14203 = ADVANCED_FACE('',(#14204,#14210),#13368,.F.);
#14204 = FACE_BOUND('',#14205,.T.);
#14205 = EDGE_LOOP('',(#14206,#14207,#14208,#14209));
#14206 = ORIENTED_EDGE('',*,*,#13602,.F.);
#14207 = ORIENTED_EDGE('',*,*,#13430,.T.);
#14208 = ORIENTED_EDGE('',*,*,#13352,.T.);
#14209 = ORIENTED_EDGE('',*,*,#13651,.F.);
#14210 = FACE_BOUND('',#14211,.T.);
#14211 = EDGE_LOOP('',(#14212,#14240,#14266));
#14212 = ORIENTED_EDGE('',*,*,#14213,.F.);
#14213 = EDGE_CURVE('',#14214,#14216,#14218,.T.);
#14214 = VERTEX_POINT('',#14215);
#14215 = CARTESIAN_POINT('',(126.,101.72720779386,26.5));
#14216 = VERTEX_POINT('',#14217);
#14217 = CARTESIAN_POINT('',(126.,102.7,25.812132034356));
#14218 = SURFACE_CURVE('',#14219,(#14223,#14229),.PCURVE_S1.);
#14219 = LINE('',#14220,#14221);
#14220 = CARTESIAN_POINT('',(126.,99.661473059034,27.960695039131));
#14221 = VECTOR('',#14222,1.);
#14222 = DIRECTION('',(-0.,0.816496580928,-0.57735026919));
#14223 = PCURVE('',#13368,#14224);
#14224 = DEFINITIONAL_REPRESENTATION('',(#14225),#14228);
#14225 = B_SPLINE_CURVE_WITH_KNOTS('',1,(#14226,#14227),.UNSPECIFIED.,
  .F.,.F.,(2,2),(2.529998022138,3.721420287533),
  .PIECEWISE_BEZIER_KNOTS.);
#14226 = CARTESIAN_POINT('',(-18.89898987322,-0.141421356237));
#14227 = CARTESIAN_POINT('',(-19.58685783886,-1.114213562373));
#14228 = ( GEOMETRIC_REPRESENTATION_CONTEXT(2) 
PARAMETRIC_REPRESENTATION_CONTEXT() REPRESENTATION_CONTEXT('2D SPACE',''
  ) );
#14229 = PCURVE('',#14230,#14235);
#14230 = PLANE('',#14231);
#14231 = AXIS2_PLACEMENT_3D('',#14232,#14233,#14234);
#14232 = CARTESIAN_POINT('',(126.,95.6,7.5));
#14233 = DIRECTION('',(1.,0.,-0.));
#14234 = DIRECTION('',(0.,0.,1.));
#14235 = DEFINITIONAL_REPRESENTATION('',(#14236),#14239);
#14236 = B_SPLINE_CURVE_WITH_KNOTS('',1,(#14237,#14238),.UNSPECIFIED.,
  .F.,.F.,(2,2),(2.529998022138,3.721420287533),
  .PIECEWISE_BEZIER_KNOTS.);
#14237 = CARTESIAN_POINT('',(19.,-6.127207793864));
#14238 = CARTESIAN_POINT('',(18.312132034356,-7.1));
#14239 = ( GEOMETRIC_REPRESENTATION_CONTEXT(2) 
PARAMETRIC_REPRESENTATION_CONTEXT() REPRESENTATION_CONTEXT('2D SPACE',''
  ) );
#14240 = ORIENTED_EDGE('',*,*,#14241,.F.);
#14241 = EDGE_CURVE('',#14242,#14214,#14244,.T.);
#14242 = VERTEX_POINT('',#14243);
#14243 = CARTESIAN_POINT('',(125.02720779386,102.7,26.5));
#14244 = SURFACE_CURVE('',#14245,(#14249,#14255),.PCURVE_S1.);
#14245 = LINE('',#14246,#14247);
#14246 = CARTESIAN_POINT('',(130.21360389693,97.513603896932,26.5));
#14247 = VECTOR('',#14248,1.);
#14248 = DIRECTION('',(0.707106781187,-0.707106781187,0.));
#14249 = PCURVE('',#13368,#14250);
#14250 = DEFINITIONAL_REPRESENTATION('',(#14251),#14254);
#14251 = B_SPLINE_CURVE_WITH_KNOTS('',1,(#14252,#14253),.UNSPECIFIED.,
  .F.,.F.,(2,2),(-7.334671708798,-5.95893577751),
  .PIECEWISE_BEZIER_KNOTS.);
#14252 = CARTESIAN_POINT('',(-20.27472580451,-0.141421356237));
#14253 = CARTESIAN_POINT('',(-18.89898987322,-0.141421356237));
#14254 = ( GEOMETRIC_REPRESENTATION_CONTEXT(2) 
PARAMETRIC_REPRESENTATION_CONTEXT() REPRESENTATION_CONTEXT('2D SPACE',''
  ) );
#14255 = PCURVE('',#14256,#14261);
#14256 = PLANE('',#14257);
#14257 = AXIS2_PLACEMENT_3D('',#14258,#14259,#14260);
#14258 = CARTESIAN_POINT('',(110.,95.6,26.5));
#14259 = DIRECTION('',(0.,0.,1.));
#14260 = DIRECTION('',(1.,0.,-0.));
#14261 = DEFINITIONAL_REPRESENTATION('',(#14262),#14265);
#14262 = B_SPLINE_CURVE_WITH_KNOTS('',1,(#14263,#14264),.UNSPECIFIED.,
  .F.,.F.,(2,2),(-7.334671708798,-5.95893577751),
  .PIECEWISE_BEZIER_KNOTS.);
#14263 = CARTESIAN_POINT('',(15.027207793864,7.1));
#14264 = CARTESIAN_POINT('',(16.,6.127207793864));
#14265 = ( GEOMETRIC_REPRESENTATION_CONTEXT(2) 
PARAMETRIC_REPRESENTATION_CONTEXT() REPRESENTATION_CONTEXT('2D SPACE',''
  ) );
#14266 = ORIENTED_EDGE('',*,*,#14267,.F.);
#14267 = EDGE_CURVE('',#14216,#14242,#14268,.T.);
#14268 = SURFACE_CURVE('',#14269,(#14273,#14279),.PCURVE_S1.);
#14269 = LINE('',#14270,#14271);
#14270 = CARTESIAN_POINT('',(129.2281397257,102.7,23.529492543695));
#14271 = VECTOR('',#14272,1.);
#14272 = DIRECTION('',(-0.816496580928,-0.,0.57735026919));
#14273 = PCURVE('',#13368,#14274);
#14274 = DEFINITIONAL_REPRESENTATION('',(#14275),#14278);
#14275 = B_SPLINE_CURVE_WITH_KNOTS('',1,(#14276,#14277),.UNSPECIFIED.,
  .F.,.F.,(2,2),(3.953647573188,5.145069838582),
  .PIECEWISE_BEZIER_KNOTS.);
#14276 = CARTESIAN_POINT('',(-19.58685783886,-1.114213562373));
#14277 = CARTESIAN_POINT('',(-20.27472580451,-0.141421356237));
#14278 = ( GEOMETRIC_REPRESENTATION_CONTEXT(2) 
PARAMETRIC_REPRESENTATION_CONTEXT() REPRESENTATION_CONTEXT('2D SPACE',''
  ) );
#14279 = PCURVE('',#14280,#14285);
#14280 = PLANE('',#14281);
#14281 = AXIS2_PLACEMENT_3D('',#14282,#14283,#14284);
#14282 = CARTESIAN_POINT('',(110.,102.7,7.5));
#14283 = DIRECTION('',(-0.,1.,0.));
#14284 = DIRECTION('',(0.,0.,1.));
#14285 = DEFINITIONAL_REPRESENTATION('',(#14286),#14289);
#14286 = B_SPLINE_CURVE_WITH_KNOTS('',1,(#14287,#14288),.UNSPECIFIED.,
  .F.,.F.,(2,2),(3.953647573188,5.145069838582),
  .PIECEWISE_BEZIER_KNOTS.);
#14287 = CARTESIAN_POINT('',(18.312132034356,16.));
#14288 = CARTESIAN_POINT('',(19.,15.027207793864));
#14289 = ( GEOMETRIC_REPRESENTATION_CONTEXT(2) 
PARAMETRIC_REPRESENTATION_CONTEXT() REPRESENTATION_CONTEXT('2D SPACE',''
  ) );
#14290 = ADVANCED_FACE('',(#14291,#14322),#13494,.F.);
#14291 = FACE_BOUND('',#14292,.F.);
#14292 = EDGE_LOOP('',(#14293));
#14293 = ORIENTED_EDGE('',*,*,#14294,.T.);
#14294 = EDGE_CURVE('',#14295,#14295,#14297,.T.);
#14295 = VERTEX_POINT('',#14296);
#14296 = CARTESIAN_POINT('',(122.2,102.7,16.5));
#14297 = SURFACE_CURVE('',#14298,(#14303,#14310),.PCURVE_S1.);
#14298 = CIRCLE('',#14299,4.2);
#14299 = AXIS2_PLACEMENT_3D('',#14300,#14301,#14302);
#14300 = CARTESIAN_POINT('',(118.,102.7,16.5));
#14301 = DIRECTION('',(0.,1.,0.));
#14302 = DIRECTION('',(1.,0.,-0.));
#14303 = PCURVE('',#13494,#14304);
#14304 = DEFINITIONAL_REPRESENTATION('',(#14305),#14309);
#14305 = CIRCLE('',#14306,4.2);
#14306 = AXIS2_PLACEMENT_2D('',#14307,#14308);
#14307 = CARTESIAN_POINT('',(0.,0.));
#14308 = DIRECTION('',(1.,0.));
#14309 = ( GEOMETRIC_REPRESENTATION_CONTEXT(2) 
PARAMETRIC_REPRESENTATION_CONTEXT() REPRESENTATION_CONTEXT('2D SPACE',''
  ) );
#14310 = PCURVE('',#14311,#14316);
#14311 = CYLINDRICAL_SURFACE('',#14312,4.2);
#14312 = AXIS2_PLACEMENT_3D('',#14313,#14314,#14315);
#14313 = CARTESIAN_POINT('',(118.,101.4,16.5));
#14314 = DIRECTION('',(0.,1.,0.));
#14315 = DIRECTION('',(1.,0.,-0.));
#14316 = DEFINITIONAL_REPRESENTATION('',(#14317),#14321);
#14317 = LINE('',#14318,#14319);
#14318 = CARTESIAN_POINT('',(0.,1.3));
#14319 = VECTOR('',#14320,1.);
#14320 = DIRECTION('',(1.,0.));
#14321 = ( GEOMETRIC_REPRESENTATION_CONTEXT(2) 
PARAMETRIC_REPRESENTATION_CONTEXT() REPRESENTATION_CONTEXT('2D SPACE',''
  ) );
#14322 = FACE_BOUND('',#14323,.F.);
#14323 = EDGE_LOOP('',(#14324));
#14324 = ORIENTED_EDGE('',*,*,#13479,.F.);
#14325 = ADVANCED_FACE('',(#14326),#13730,.T.);
#14326 = FACE_BOUND('',#14327,.T.);
#14327 = EDGE_LOOP('',(#14328,#14351,#14379,#14400));
#14328 = ORIENTED_EDGE('',*,*,#14329,.F.);
#14329 = EDGE_CURVE('',#14330,#13714,#14332,.T.);
#14330 = VERTEX_POINT('',#14331);
#14331 = CARTESIAN_POINT('',(74.,76.,27.2));
#14332 = SURFACE_CURVE('',#14333,(#14337,#14344),.PCURVE_S1.);
#14333 = LINE('',#14334,#14335);
#14334 = CARTESIAN_POINT('',(74.,76.,27.2));
#14335 = VECTOR('',#14336,1.);
#14336 = DIRECTION('',(0.,0.,1.));
#14337 = PCURVE('',#13730,#14338);
#14338 = DEFINITIONAL_REPRESENTATION('',(#14339),#14343);
#14339 = LINE('',#14340,#14341);
#14340 = CARTESIAN_POINT('',(0.,62.));
#14341 = VECTOR('',#14342,1.);
#14342 = DIRECTION('',(1.,0.));
#14343 = ( GEOMETRIC_REPRESENTATION_CONTEXT(2) 
PARAMETRIC_REPRESENTATION_CONTEXT() REPRESENTATION_CONTEXT('2D SPACE',''
  ) );
#14344 = PCURVE('',#13806,#14345);
#14345 = DEFINITIONAL_REPRESENTATION('',(#14346),#14350);
#14346 = LINE('',#14347,#14348);
#14347 = CARTESIAN_POINT('',(0.,0.));
#14348 = VECTOR('',#14349,1.);
#14349 = DIRECTION('',(1.,0.));
#14350 = ( GEOMETRIC_REPRESENTATION_CONTEXT(2) 
PARAMETRIC_REPRESENTATION_CONTEXT() REPRESENTATION_CONTEXT('2D SPACE',''
  ) );
#14351 = ORIENTED_EDGE('',*,*,#14352,.F.);
#14352 = EDGE_CURVE('',#14353,#14330,#14355,.T.);
#14353 = VERTEX_POINT('',#14354);
#14354 = CARTESIAN_POINT('',(12.,76.,27.2));
#14355 = SURFACE_CURVE('',#14356,(#14360,#14367),.PCURVE_S1.);
#14356 = LINE('',#14357,#14358);
#14357 = CARTESIAN_POINT('',(12.,76.,27.2));
#14358 = VECTOR('',#14359,1.);
#14359 = DIRECTION('',(1.,0.,-0.));
#14360 = PCURVE('',#13730,#14361);
#14361 = DEFINITIONAL_REPRESENTATION('',(#14362),#14366);
#14362 = LINE('',#14363,#14364);
#14363 = CARTESIAN_POINT('',(0.,0.));
#14364 = VECTOR('',#14365,1.);
#14365 = DIRECTION('',(0.,1.));
#14366 = ( GEOMETRIC_REPRESENTATION_CONTEXT(2) 
PARAMETRIC_REPRESENTATION_CONTEXT() REPRESENTATION_CONTEXT('2D SPACE',''
  ) );
#14367 = PCURVE('',#14368,#14373);
#14368 = PLANE('',#14369);
#14369 = AXIS2_PLACEMENT_3D('',#14370,#14371,#14372);
#14370 = CARTESIAN_POINT('',(12.,76.,27.2));
#14371 = DIRECTION('',(0.,0.,1.));
#14372 = DIRECTION('',(1.,0.,-0.));
#14373 = DEFINITIONAL_REPRESENTATION('',(#14374),#14378);
#14374 = LINE('',#14375,#14376);
#14375 = CARTESIAN_POINT('',(0.,0.));
#14376 = VECTOR('',#14377,1.);
#14377 = DIRECTION('',(1.,0.));
#14378 = ( GEOMETRIC_REPRESENTATION_CONTEXT(2) 
PARAMETRIC_REPRESENTATION_CONTEXT() REPRESENTATION_CONTEXT('2D SPACE',''
  ) );
#14379 = ORIENTED_EDGE('',*,*,#14380,.T.);
#14380 = EDGE_CURVE('',#14353,#13716,#14381,.T.);
#14381 = SURFACE_CURVE('',#14382,(#14386,#14393),.PCURVE_S1.);
#14382 = LINE('',#14383,#14384);
#14383 = CARTESIAN_POINT('',(12.,76.,27.2));
#14384 = VECTOR('',#14385,1.);
#14385 = DIRECTION('',(0.,0.,1.));
#14386 = PCURVE('',#13730,#14387);
#14387 = DEFINITIONAL_REPRESENTATION('',(#14388),#14392);
#14388 = LINE('',#14389,#14390);
#14389 = CARTESIAN_POINT('',(0.,0.));
#14390 = VECTOR('',#14391,1.);
#14391 = DIRECTION('',(1.,0.));
#14392 = ( GEOMETRIC_REPRESENTATION_CONTEXT(2) 
PARAMETRIC_REPRESENTATION_CONTEXT() REPRESENTATION_CONTEXT('2D SPACE',''
  ) );
#14393 = PCURVE('',#13756,#14394);
#14394 = DEFINITIONAL_REPRESENTATION('',(#14395),#14399);
#14395 = LINE('',#14396,#14397);
#14396 = CARTESIAN_POINT('',(0.,0.));
#14397 = VECTOR('',#14398,1.);
#14398 = DIRECTION('',(1.,0.));
#14399 = ( GEOMETRIC_REPRESENTATION_CONTEXT(2) 
PARAMETRIC_REPRESENTATION_CONTEXT() REPRESENTATION_CONTEXT('2D SPACE',''
  ) );
#14400 = ORIENTED_EDGE('',*,*,#13713,.F.);
#14401 = ADVANCED_FACE('',(#14402),#13806,.F.);
#14402 = FACE_BOUND('',#14403,.F.);
#14403 = EDGE_LOOP('',(#14404,#14405,#14428,#14449));
#14404 = ORIENTED_EDGE('',*,*,#14329,.F.);
#14405 = ORIENTED_EDGE('',*,*,#14406,.T.);
#14406 = EDGE_CURVE('',#14330,#14407,#14409,.T.);
#14407 = VERTEX_POINT('',#14408);
#14408 = CARTESIAN_POINT('',(74.,94.,27.2));
#14409 = SURFACE_CURVE('',#14410,(#14414,#14421),.PCURVE_S1.);
#14410 = LINE('',#14411,#14412);
#14411 = CARTESIAN_POINT('',(74.,76.,27.2));
#14412 = VECTOR('',#14413,1.);
#14413 = DIRECTION('',(-0.,1.,0.));
#14414 = PCURVE('',#13806,#14415);
#14415 = DEFINITIONAL_REPRESENTATION('',(#14416),#14420);
#14416 = LINE('',#14417,#14418);
#14417 = CARTESIAN_POINT('',(0.,0.));
#14418 = VECTOR('',#14419,1.);
#14419 = DIRECTION('',(0.,-1.));
#14420 = ( GEOMETRIC_REPRESENTATION_CONTEXT(2) 
PARAMETRIC_REPRESENTATION_CONTEXT() REPRESENTATION_CONTEXT('2D SPACE',''
  ) );
#14421 = PCURVE('',#14368,#14422);
#14422 = DEFINITIONAL_REPRESENTATION('',(#14423),#14427);
#14423 = LINE('',#14424,#14425);
#14424 = CARTESIAN_POINT('',(62.,0.));
#14425 = VECTOR('',#14426,1.);
#14426 = DIRECTION('',(0.,1.));
#14427 = ( GEOMETRIC_REPRESENTATION_CONTEXT(2) 
PARAMETRIC_REPRESENTATION_CONTEXT() REPRESENTATION_CONTEXT('2D SPACE',''
  ) );
#14428 = ORIENTED_EDGE('',*,*,#14429,.T.);
#14429 = EDGE_CURVE('',#14407,#13768,#14430,.T.);
#14430 = SURFACE_CURVE('',#14431,(#14435,#14442),.PCURVE_S1.);
#14431 = LINE('',#14432,#14433);
#14432 = CARTESIAN_POINT('',(74.,94.,27.2));
#14433 = VECTOR('',#14434,1.);
#14434 = DIRECTION('',(0.,0.,1.));
#14435 = PCURVE('',#13806,#14436);
#14436 = DEFINITIONAL_REPRESENTATION('',(#14437),#14441);
#14437 = LINE('',#14438,#14439);
#14438 = CARTESIAN_POINT('',(0.,-18.));
#14439 = VECTOR('',#14440,1.);
#14440 = DIRECTION('',(1.,0.));
#14441 = ( GEOMETRIC_REPRESENTATION_CONTEXT(2) 
PARAMETRIC_REPRESENTATION_CONTEXT() REPRESENTATION_CONTEXT('2D SPACE',''
  ) );
#14442 = PCURVE('',#13782,#14443);
#14443 = DEFINITIONAL_REPRESENTATION('',(#14444),#14448);
#14444 = LINE('',#14445,#14446);
#14445 = CARTESIAN_POINT('',(0.,62.));
#14446 = VECTOR('',#14447,1.);
#14447 = DIRECTION('',(1.,0.));
#14448 = ( GEOMETRIC_REPRESENTATION_CONTEXT(2) 
PARAMETRIC_REPRESENTATION_CONTEXT() REPRESENTATION_CONTEXT('2D SPACE',''
  ) );
#14449 = ORIENTED_EDGE('',*,*,#13793,.F.);
#14450 = ADVANCED_FACE('',(#14451),#13782,.F.);
#14451 = FACE_BOUND('',#14452,.F.);
#14452 = EDGE_LOOP('',(#14453,#14454,#14477,#14498));
#14453 = ORIENTED_EDGE('',*,*,#14429,.F.);
#14454 = ORIENTED_EDGE('',*,*,#14455,.F.);
#14455 = EDGE_CURVE('',#14456,#14407,#14458,.T.);
#14456 = VERTEX_POINT('',#14457);
#14457 = CARTESIAN_POINT('',(12.,94.,27.2));
#14458 = SURFACE_CURVE('',#14459,(#14463,#14470),.PCURVE_S1.);
#14459 = LINE('',#14460,#14461);
#14460 = CARTESIAN_POINT('',(12.,94.,27.2));
#14461 = VECTOR('',#14462,1.);
#14462 = DIRECTION('',(1.,0.,-0.));
#14463 = PCURVE('',#13782,#14464);
#14464 = DEFINITIONAL_REPRESENTATION('',(#14465),#14469);
#14465 = LINE('',#14466,#14467);
#14466 = CARTESIAN_POINT('',(0.,0.));
#14467 = VECTOR('',#14468,1.);
#14468 = DIRECTION('',(0.,1.));
#14469 = ( GEOMETRIC_REPRESENTATION_CONTEXT(2) 
PARAMETRIC_REPRESENTATION_CONTEXT() REPRESENTATION_CONTEXT('2D SPACE',''
  ) );
#14470 = PCURVE('',#14368,#14471);
#14471 = DEFINITIONAL_REPRESENTATION('',(#14472),#14476);
#14472 = LINE('',#14473,#14474);
#14473 = CARTESIAN_POINT('',(0.,18.));
#14474 = VECTOR('',#14475,1.);
#14475 = DIRECTION('',(1.,0.));
#14476 = ( GEOMETRIC_REPRESENTATION_CONTEXT(2) 
PARAMETRIC_REPRESENTATION_CONTEXT() REPRESENTATION_CONTEXT('2D SPACE',''
  ) );
#14477 = ORIENTED_EDGE('',*,*,#14478,.T.);
#14478 = EDGE_CURVE('',#14456,#13742,#14479,.T.);
#14479 = SURFACE_CURVE('',#14480,(#14484,#14491),.PCURVE_S1.);
#14480 = LINE('',#14481,#14482);
#14481 = CARTESIAN_POINT('',(12.,94.,27.2));
#14482 = VECTOR('',#14483,1.);
#14483 = DIRECTION('',(0.,0.,1.));
#14484 = PCURVE('',#13782,#14485);
#14485 = DEFINITIONAL_REPRESENTATION('',(#14486),#14490);
#14486 = LINE('',#14487,#14488);
#14487 = CARTESIAN_POINT('',(0.,0.));
#14488 = VECTOR('',#14489,1.);
#14489 = DIRECTION('',(1.,0.));
#14490 = ( GEOMETRIC_REPRESENTATION_CONTEXT(2) 
PARAMETRIC_REPRESENTATION_CONTEXT() REPRESENTATION_CONTEXT('2D SPACE',''
  ) );
#14491 = PCURVE('',#13756,#14492);
#14492 = DEFINITIONAL_REPRESENTATION('',(#14493),#14497);
#14493 = LINE('',#14494,#14495);
#14494 = CARTESIAN_POINT('',(0.,-18.));
#14495 = VECTOR('',#14496,1.);
#14496 = DIRECTION('',(1.,0.));
#14497 = ( GEOMETRIC_REPRESENTATION_CONTEXT(2) 
PARAMETRIC_REPRESENTATION_CONTEXT() REPRESENTATION_CONTEXT('2D SPACE',''
  ) );
#14498 = ORIENTED_EDGE('',*,*,#13767,.F.);
#14499 = ADVANCED_FACE('',(#14500),#13756,.T.);
#14500 = FACE_BOUND('',#14501,.T.);
#14501 = EDGE_LOOP('',(#14502,#14503,#14524,#14525));
#14502 = ORIENTED_EDGE('',*,*,#14380,.F.);
#14503 = ORIENTED_EDGE('',*,*,#14504,.T.);
#14504 = EDGE_CURVE('',#14353,#14456,#14505,.T.);
#14505 = SURFACE_CURVE('',#14506,(#14510,#14517),.PCURVE_S1.);
#14506 = LINE('',#14507,#14508);
#14507 = CARTESIAN_POINT('',(12.,76.,27.2));
#14508 = VECTOR('',#14509,1.);
#14509 = DIRECTION('',(-0.,1.,0.));
#14510 = PCURVE('',#13756,#14511);
#14511 = DEFINITIONAL_REPRESENTATION('',(#14512),#14516);
#14512 = LINE('',#14513,#14514);
#14513 = CARTESIAN_POINT('',(0.,0.));
#14514 = VECTOR('',#14515,1.);
#14515 = DIRECTION('',(0.,-1.));
#14516 = ( GEOMETRIC_REPRESENTATION_CONTEXT(2) 
PARAMETRIC_REPRESENTATION_CONTEXT() REPRESENTATION_CONTEXT('2D SPACE',''
  ) );
#14517 = PCURVE('',#14368,#14518);
#14518 = DEFINITIONAL_REPRESENTATION('',(#14519),#14523);
#14519 = LINE('',#14520,#14521);
#14520 = CARTESIAN_POINT('',(0.,0.));
#14521 = VECTOR('',#14522,1.);
#14522 = DIRECTION('',(0.,1.));
#14523 = ( GEOMETRIC_REPRESENTATION_CONTEXT(2) 
PARAMETRIC_REPRESENTATION_CONTEXT() REPRESENTATION_CONTEXT('2D SPACE',''
  ) );
#14524 = ORIENTED_EDGE('',*,*,#14478,.T.);
#14525 = ORIENTED_EDGE('',*,*,#13741,.F.);
#14526 = ADVANCED_FACE('',(#14527),#13850,.T.);
#14527 = FACE_BOUND('',#14528,.T.);
#14528 = EDGE_LOOP('',(#14529,#14552,#14553,#14576));
#14529 = ORIENTED_EDGE('',*,*,#14530,.F.);
#14530 = EDGE_CURVE('',#13834,#14531,#14533,.T.);
#14531 = VERTEX_POINT('',#14532);
#14532 = CARTESIAN_POINT('',(123.3,98.7,25.5));
#14533 = SURFACE_CURVE('',#14534,(#14538,#14545),.PCURVE_S1.);
#14534 = LINE('',#14535,#14536);
#14535 = CARTESIAN_POINT('',(123.3,98.7,6.5));
#14536 = VECTOR('',#14537,1.);
#14537 = DIRECTION('',(0.,0.,1.));
#14538 = PCURVE('',#13850,#14539);
#14539 = DEFINITIONAL_REPRESENTATION('',(#14540),#14544);
#14540 = LINE('',#14541,#14542);
#14541 = CARTESIAN_POINT('',(0.,10.6));
#14542 = VECTOR('',#14543,1.);
#14543 = DIRECTION('',(1.,0.));
#14544 = ( GEOMETRIC_REPRESENTATION_CONTEXT(2) 
PARAMETRIC_REPRESENTATION_CONTEXT() REPRESENTATION_CONTEXT('2D SPACE',''
  ) );
#14545 = PCURVE('',#13926,#14546);
#14546 = DEFINITIONAL_REPRESENTATION('',(#14547),#14551);
#14547 = LINE('',#14548,#14549);
#14548 = CARTESIAN_POINT('',(0.,0.));
#14549 = VECTOR('',#14550,1.);
#14550 = DIRECTION('',(1.,0.));
#14551 = ( GEOMETRIC_REPRESENTATION_CONTEXT(2) 
PARAMETRIC_REPRESENTATION_CONTEXT() REPRESENTATION_CONTEXT('2D SPACE',''
  ) );
#14552 = ORIENTED_EDGE('',*,*,#13833,.T.);
#14553 = ORIENTED_EDGE('',*,*,#14554,.T.);
#14554 = EDGE_CURVE('',#13836,#14555,#14557,.T.);
#14555 = VERTEX_POINT('',#14556);
#14556 = CARTESIAN_POINT('',(112.7,98.7,25.5));
#14557 = SURFACE_CURVE('',#14558,(#14562,#14569),.PCURVE_S1.);
#14558 = LINE('',#14559,#14560);
#14559 = CARTESIAN_POINT('',(112.7,98.7,6.5));
#14560 = VECTOR('',#14561,1.);
#14561 = DIRECTION('',(0.,0.,1.));
#14562 = PCURVE('',#13850,#14563);
#14563 = DEFINITIONAL_REPRESENTATION('',(#14564),#14568);
#14564 = LINE('',#14565,#14566);
#14565 = CARTESIAN_POINT('',(0.,0.));
#14566 = VECTOR('',#14567,1.);
#14567 = DIRECTION('',(1.,0.));
#14568 = ( GEOMETRIC_REPRESENTATION_CONTEXT(2) 
PARAMETRIC_REPRESENTATION_CONTEXT() REPRESENTATION_CONTEXT('2D SPACE',''
  ) );
#14569 = PCURVE('',#13876,#14570);
#14570 = DEFINITIONAL_REPRESENTATION('',(#14571),#14575);
#14571 = LINE('',#14572,#14573);
#14572 = CARTESIAN_POINT('',(0.,0.));
#14573 = VECTOR('',#14574,1.);
#14574 = DIRECTION('',(1.,0.));
#14575 = ( GEOMETRIC_REPRESENTATION_CONTEXT(2) 
PARAMETRIC_REPRESENTATION_CONTEXT() REPRESENTATION_CONTEXT('2D SPACE',''
  ) );
#14576 = ORIENTED_EDGE('',*,*,#14577,.T.);
#14577 = EDGE_CURVE('',#14555,#14531,#14578,.T.);
#14578 = SURFACE_CURVE('',#14579,(#14583,#14590),.PCURVE_S1.);
#14579 = LINE('',#14580,#14581);
#14580 = CARTESIAN_POINT('',(112.7,98.7,25.5));
#14581 = VECTOR('',#14582,1.);
#14582 = DIRECTION('',(1.,0.,-0.));
#14583 = PCURVE('',#13850,#14584);
#14584 = DEFINITIONAL_REPRESENTATION('',(#14585),#14589);
#14585 = LINE('',#14586,#14587);
#14586 = CARTESIAN_POINT('',(19.,0.));
#14587 = VECTOR('',#14588,1.);
#14588 = DIRECTION('',(0.,1.));
#14589 = ( GEOMETRIC_REPRESENTATION_CONTEXT(2) 
PARAMETRIC_REPRESENTATION_CONTEXT() REPRESENTATION_CONTEXT('2D SPACE',''
  ) );
#14590 = PCURVE('',#14591,#14596);
#14591 = PLANE('',#14592);
#14592 = AXIS2_PLACEMENT_3D('',#14593,#14594,#14595);
#14593 = CARTESIAN_POINT('',(112.7,98.7,25.5));
#14594 = DIRECTION('',(0.,0.,1.));
#14595 = DIRECTION('',(1.,0.,-0.));
#14596 = DEFINITIONAL_REPRESENTATION('',(#14597),#14601);
#14597 = LINE('',#14598,#14599);
#14598 = CARTESIAN_POINT('',(0.,0.));
#14599 = VECTOR('',#14600,1.);
#14600 = DIRECTION('',(1.,0.));
#14601 = ( GEOMETRIC_REPRESENTATION_CONTEXT(2) 
PARAMETRIC_REPRESENTATION_CONTEXT() REPRESENTATION_CONTEXT('2D SPACE',''
  ) );
#14602 = ADVANCED_FACE('',(#14603),#13926,.F.);
#14603 = FACE_BOUND('',#14604,.F.);
#14604 = EDGE_LOOP('',(#14605,#14606,#14607,#14630));
#14605 = ORIENTED_EDGE('',*,*,#14530,.F.);
#14606 = ORIENTED_EDGE('',*,*,#13913,.T.);
#14607 = ORIENTED_EDGE('',*,*,#14608,.T.);
#14608 = EDGE_CURVE('',#13888,#14609,#14611,.T.);
#14609 = VERTEX_POINT('',#14610);
#14610 = CARTESIAN_POINT('',(123.3,101.1,25.5));
#14611 = SURFACE_CURVE('',#14612,(#14616,#14623),.PCURVE_S1.);
#14612 = LINE('',#14613,#14614);
#14613 = CARTESIAN_POINT('',(123.3,101.1,6.5));
#14614 = VECTOR('',#14615,1.);
#14615 = DIRECTION('',(0.,0.,1.));
#14616 = PCURVE('',#13926,#14617);
#14617 = DEFINITIONAL_REPRESENTATION('',(#14618),#14622);
#14618 = LINE('',#14619,#14620);
#14619 = CARTESIAN_POINT('',(0.,-2.4));
#14620 = VECTOR('',#14621,1.);
#14621 = DIRECTION('',(1.,0.));
#14622 = ( GEOMETRIC_REPRESENTATION_CONTEXT(2) 
PARAMETRIC_REPRESENTATION_CONTEXT() REPRESENTATION_CONTEXT('2D SPACE',''
  ) );
#14623 = PCURVE('',#13902,#14624);
#14624 = DEFINITIONAL_REPRESENTATION('',(#14625),#14629);
#14625 = LINE('',#14626,#14627);
#14626 = CARTESIAN_POINT('',(0.,10.6));
#14627 = VECTOR('',#14628,1.);
#14628 = DIRECTION('',(1.,0.));
#14629 = ( GEOMETRIC_REPRESENTATION_CONTEXT(2) 
PARAMETRIC_REPRESENTATION_CONTEXT() REPRESENTATION_CONTEXT('2D SPACE',''
  ) );
#14630 = ORIENTED_EDGE('',*,*,#14631,.F.);
#14631 = EDGE_CURVE('',#14531,#14609,#14632,.T.);
#14632 = SURFACE_CURVE('',#14633,(#14637,#14644),.PCURVE_S1.);
#14633 = LINE('',#14634,#14635);
#14634 = CARTESIAN_POINT('',(123.3,98.7,25.5));
#14635 = VECTOR('',#14636,1.);
#14636 = DIRECTION('',(-0.,1.,0.));
#14637 = PCURVE('',#13926,#14638);
#14638 = DEFINITIONAL_REPRESENTATION('',(#14639),#14643);
#14639 = LINE('',#14640,#14641);
#14640 = CARTESIAN_POINT('',(19.,0.));
#14641 = VECTOR('',#14642,1.);
#14642 = DIRECTION('',(0.,-1.));
#14643 = ( GEOMETRIC_REPRESENTATION_CONTEXT(2) 
PARAMETRIC_REPRESENTATION_CONTEXT() REPRESENTATION_CONTEXT('2D SPACE',''
  ) );
#14644 = PCURVE('',#14591,#14645);
#14645 = DEFINITIONAL_REPRESENTATION('',(#14646),#14650);
#14646 = LINE('',#14647,#14648);
#14647 = CARTESIAN_POINT('',(10.6,0.));
#14648 = VECTOR('',#14649,1.);
#14649 = DIRECTION('',(0.,1.));
#14650 = ( GEOMETRIC_REPRESENTATION_CONTEXT(2) 
PARAMETRIC_REPRESENTATION_CONTEXT() REPRESENTATION_CONTEXT('2D SPACE',''
  ) );
#14651 = ADVANCED_FACE('',(#14652,#14700),#13902,.F.);
#14652 = FACE_BOUND('',#14653,.F.);
#14653 = EDGE_LOOP('',(#14654,#14655,#14656,#14679));
#14654 = ORIENTED_EDGE('',*,*,#14608,.F.);
#14655 = ORIENTED_EDGE('',*,*,#13887,.T.);
#14656 = ORIENTED_EDGE('',*,*,#14657,.T.);
#14657 = EDGE_CURVE('',#13862,#14658,#14660,.T.);
#14658 = VERTEX_POINT('',#14659);
#14659 = CARTESIAN_POINT('',(112.7,101.1,25.5));
#14660 = SURFACE_CURVE('',#14661,(#14665,#14672),.PCURVE_S1.);
#14661 = LINE('',#14662,#14663);
#14662 = CARTESIAN_POINT('',(112.7,101.1,6.5));
#14663 = VECTOR('',#14664,1.);
#14664 = DIRECTION('',(0.,0.,1.));
#14665 = PCURVE('',#13902,#14666);
#14666 = DEFINITIONAL_REPRESENTATION('',(#14667),#14671);
#14667 = LINE('',#14668,#14669);
#14668 = CARTESIAN_POINT('',(0.,0.));
#14669 = VECTOR('',#14670,1.);
#14670 = DIRECTION('',(1.,0.));
#14671 = ( GEOMETRIC_REPRESENTATION_CONTEXT(2) 
PARAMETRIC_REPRESENTATION_CONTEXT() REPRESENTATION_CONTEXT('2D SPACE',''
  ) );
#14672 = PCURVE('',#13876,#14673);
#14673 = DEFINITIONAL_REPRESENTATION('',(#14674),#14678);
#14674 = LINE('',#14675,#14676);
#14675 = CARTESIAN_POINT('',(0.,-2.4));
#14676 = VECTOR('',#14677,1.);
#14677 = DIRECTION('',(1.,0.));
#14678 = ( GEOMETRIC_REPRESENTATION_CONTEXT(2) 
PARAMETRIC_REPRESENTATION_CONTEXT() REPRESENTATION_CONTEXT('2D SPACE',''
  ) );
#14679 = ORIENTED_EDGE('',*,*,#14680,.T.);
#14680 = EDGE_CURVE('',#14658,#14609,#14681,.T.);
#14681 = SURFACE_CURVE('',#14682,(#14686,#14693),.PCURVE_S1.);
#14682 = LINE('',#14683,#14684);
#14683 = CARTESIAN_POINT('',(112.7,101.1,25.5));
#14684 = VECTOR('',#14685,1.);
#14685 = DIRECTION('',(1.,0.,-0.));
#14686 = PCURVE('',#13902,#14687);
#14687 = DEFINITIONAL_REPRESENTATION('',(#14688),#14692);
#14688 = LINE('',#14689,#14690);
#14689 = CARTESIAN_POINT('',(19.,0.));
#14690 = VECTOR('',#14691,1.);
#14691 = DIRECTION('',(0.,1.));
#14692 = ( GEOMETRIC_REPRESENTATION_CONTEXT(2) 
PARAMETRIC_REPRESENTATION_CONTEXT() REPRESENTATION_CONTEXT('2D SPACE',''
  ) );
#14693 = PCURVE('',#14591,#14694);
#14694 = DEFINITIONAL_REPRESENTATION('',(#14695),#14699);
#14695 = LINE('',#14696,#14697);
#14696 = CARTESIAN_POINT('',(0.,2.4));
#14697 = VECTOR('',#14698,1.);
#14698 = DIRECTION('',(1.,0.));
#14699 = ( GEOMETRIC_REPRESENTATION_CONTEXT(2) 
PARAMETRIC_REPRESENTATION_CONTEXT() REPRESENTATION_CONTEXT('2D SPACE',''
  ) );
#14700 = FACE_BOUND('',#14701,.F.);
#14701 = EDGE_LOOP('',(#14702));
#14702 = ORIENTED_EDGE('',*,*,#14703,.F.);
#14703 = EDGE_CURVE('',#14704,#14704,#14706,.T.);
#14704 = VERTEX_POINT('',#14705);
#14705 = CARTESIAN_POINT('',(121.5,101.1,16.5));
#14706 = SURFACE_CURVE('',#14707,(#14712,#14719),.PCURVE_S1.);
#14707 = CIRCLE('',#14708,3.5);
#14708 = AXIS2_PLACEMENT_3D('',#14709,#14710,#14711);
#14709 = CARTESIAN_POINT('',(118.,101.1,16.5));
#14710 = DIRECTION('',(0.,1.,0.));
#14711 = DIRECTION('',(1.,0.,-0.));
#14712 = PCURVE('',#13902,#14713);
#14713 = DEFINITIONAL_REPRESENTATION('',(#14714),#14718);
#14714 = CIRCLE('',#14715,3.5);
#14715 = AXIS2_PLACEMENT_2D('',#14716,#14717);
#14716 = CARTESIAN_POINT('',(10.,5.3));
#14717 = DIRECTION('',(0.,1.));
#14718 = ( GEOMETRIC_REPRESENTATION_CONTEXT(2) 
PARAMETRIC_REPRESENTATION_CONTEXT() REPRESENTATION_CONTEXT('2D SPACE',''
  ) );
#14719 = PCURVE('',#14720,#14725);
#14720 = CYLINDRICAL_SURFACE('',#14721,3.5);
#14721 = AXIS2_PLACEMENT_3D('',#14722,#14723,#14724);
#14722 = CARTESIAN_POINT('',(118.,101.,16.5));
#14723 = DIRECTION('',(0.,1.,0.));
#14724 = DIRECTION('',(1.,0.,-0.));
#14725 = DEFINITIONAL_REPRESENTATION('',(#14726),#14730);
#14726 = LINE('',#14727,#14728);
#14727 = CARTESIAN_POINT('',(0.,0.1));
#14728 = VECTOR('',#14729,1.);
#14729 = DIRECTION('',(1.,0.));
#14730 = ( GEOMETRIC_REPRESENTATION_CONTEXT(2) 
PARAMETRIC_REPRESENTATION_CONTEXT() REPRESENTATION_CONTEXT('2D SPACE',''
  ) );
#14731 = ADVANCED_FACE('',(#14732),#13876,.T.);
#14732 = FACE_BOUND('',#14733,.T.);
#14733 = EDGE_LOOP('',(#14734,#14735,#14736,#14737));
#14734 = ORIENTED_EDGE('',*,*,#14554,.F.);
#14735 = ORIENTED_EDGE('',*,*,#13861,.T.);
#14736 = ORIENTED_EDGE('',*,*,#14657,.T.);
#14737 = ORIENTED_EDGE('',*,*,#14738,.F.);
#14738 = EDGE_CURVE('',#14555,#14658,#14739,.T.);
#14739 = SURFACE_CURVE('',#14740,(#14744,#14751),.PCURVE_S1.);
#14740 = LINE('',#14741,#14742);
#14741 = CARTESIAN_POINT('',(112.7,98.7,25.5));
#14742 = VECTOR('',#14743,1.);
#14743 = DIRECTION('',(-0.,1.,0.));
#14744 = PCURVE('',#13876,#14745);
#14745 = DEFINITIONAL_REPRESENTATION('',(#14746),#14750);
#14746 = LINE('',#14747,#14748);
#14747 = CARTESIAN_POINT('',(19.,0.));
#14748 = VECTOR('',#14749,1.);
#14749 = DIRECTION('',(0.,-1.));
#14750 = ( GEOMETRIC_REPRESENTATION_CONTEXT(2) 
PARAMETRIC_REPRESENTATION_CONTEXT() REPRESENTATION_CONTEXT('2D SPACE',''
  ) );
#14751 = PCURVE('',#14591,#14752);
#14752 = DEFINITIONAL_REPRESENTATION('',(#14753),#14757);
#14753 = LINE('',#14754,#14755);
#14754 = CARTESIAN_POINT('',(0.,0.));
#14755 = VECTOR('',#14756,1.);
#14756 = DIRECTION('',(0.,1.));
#14757 = ( GEOMETRIC_REPRESENTATION_CONTEXT(2) 
PARAMETRIC_REPRESENTATION_CONTEXT() REPRESENTATION_CONTEXT('2D SPACE',''
  ) );
#14758 = ADVANCED_FACE('',(#14759),#14087,.F.);
#14759 = FACE_BOUND('',#14760,.F.);
#14760 = EDGE_LOOP('',(#14761,#14784,#14811,#14812));
#14761 = ORIENTED_EDGE('',*,*,#14762,.T.);
#14762 = EDGE_CURVE('',#14071,#14763,#14765,.T.);
#14763 = VERTEX_POINT('',#14764);
#14764 = CARTESIAN_POINT('',(12.35,84.,9.));
#14765 = SEAM_CURVE('',#14766,(#14770,#14777),.PCURVE_S1.);
#14766 = LINE('',#14767,#14768);
#14767 = CARTESIAN_POINT('',(12.35,84.,2.));
#14768 = VECTOR('',#14769,1.);
#14769 = DIRECTION('',(0.,0.,1.));
#14770 = PCURVE('',#14087,#14771);
#14771 = DEFINITIONAL_REPRESENTATION('',(#14772),#14776);
#14772 = LINE('',#14773,#14774);
#14773 = CARTESIAN_POINT('',(6.28318530718,-0.));
#14774 = VECTOR('',#14775,1.);
#14775 = DIRECTION('',(0.,1.));
#14776 = ( GEOMETRIC_REPRESENTATION_CONTEXT(2) 
PARAMETRIC_REPRESENTATION_CONTEXT() REPRESENTATION_CONTEXT('2D SPACE',''
  ) );
#14777 = PCURVE('',#14087,#14778);
#14778 = DEFINITIONAL_REPRESENTATION('',(#14779),#14783);
#14779 = LINE('',#14780,#14781);
#14780 = CARTESIAN_POINT('',(0.,-0.));
#14781 = VECTOR('',#14782,1.);
#14782 = DIRECTION('',(0.,1.));
#14783 = ( GEOMETRIC_REPRESENTATION_CONTEXT(2) 
PARAMETRIC_REPRESENTATION_CONTEXT() REPRESENTATION_CONTEXT('2D SPACE',''
  ) );
#14784 = ORIENTED_EDGE('',*,*,#14785,.F.);
#14785 = EDGE_CURVE('',#14763,#14763,#14786,.T.);
#14786 = SURFACE_CURVE('',#14787,(#14792,#14799),.PCURVE_S1.);
#14787 = CIRCLE('',#14788,2.35);
#14788 = AXIS2_PLACEMENT_3D('',#14789,#14790,#14791);
#14789 = CARTESIAN_POINT('',(10.,84.,9.));
#14790 = DIRECTION('',(0.,0.,1.));
#14791 = DIRECTION('',(1.,0.,-0.));
#14792 = PCURVE('',#14087,#14793);
#14793 = DEFINITIONAL_REPRESENTATION('',(#14794),#14798);
#14794 = LINE('',#14795,#14796);
#14795 = CARTESIAN_POINT('',(0.,7.));
#14796 = VECTOR('',#14797,1.);
#14797 = DIRECTION('',(1.,0.));
#14798 = ( GEOMETRIC_REPRESENTATION_CONTEXT(2) 
PARAMETRIC_REPRESENTATION_CONTEXT() REPRESENTATION_CONTEXT('2D SPACE',''
  ) );
#14799 = PCURVE('',#14800,#14805);
#14800 = PLANE('',#14801);
#14801 = AXIS2_PLACEMENT_3D('',#14802,#14803,#14804);
#14802 = CARTESIAN_POINT('',(10.,84.,9.));
#14803 = DIRECTION('',(0.,0.,1.));
#14804 = DIRECTION('',(1.,0.,-0.));
#14805 = DEFINITIONAL_REPRESENTATION('',(#14806),#14810);
#14806 = CIRCLE('',#14807,2.35);
#14807 = AXIS2_PLACEMENT_2D('',#14808,#14809);
#14808 = CARTESIAN_POINT('',(0.,0.));
#14809 = DIRECTION('',(1.,0.));
#14810 = ( GEOMETRIC_REPRESENTATION_CONTEXT(2) 
PARAMETRIC_REPRESENTATION_CONTEXT() REPRESENTATION_CONTEXT('2D SPACE',''
  ) );
#14811 = ORIENTED_EDGE('',*,*,#14762,.F.);
#14812 = ORIENTED_EDGE('',*,*,#14070,.T.);
#14813 = ADVANCED_FACE('',(#14814),#14122,.F.);
#14814 = FACE_BOUND('',#14815,.F.);
#14815 = EDGE_LOOP('',(#14816,#14839,#14866,#14867));
#14816 = ORIENTED_EDGE('',*,*,#14817,.T.);
#14817 = EDGE_CURVE('',#14106,#14818,#14820,.T.);
#14818 = VERTEX_POINT('',#14819);
#14819 = CARTESIAN_POINT('',(14.85,14.5,9.));
#14820 = SEAM_CURVE('',#14821,(#14825,#14832),.PCURVE_S1.);
#14821 = LINE('',#14822,#14823);
#14822 = CARTESIAN_POINT('',(14.85,14.5,2.));
#14823 = VECTOR('',#14824,1.);
#14824 = DIRECTION('',(0.,0.,1.));
#14825 = PCURVE('',#14122,#14826);
#14826 = DEFINITIONAL_REPRESENTATION('',(#14827),#14831);
#14827 = LINE('',#14828,#14829);
#14828 = CARTESIAN_POINT('',(6.28318530718,-0.));
#14829 = VECTOR('',#14830,1.);
#14830 = DIRECTION('',(0.,1.));
#14831 = ( GEOMETRIC_REPRESENTATION_CONTEXT(2) 
PARAMETRIC_REPRESENTATION_CONTEXT() REPRESENTATION_CONTEXT('2D SPACE',''
  ) );
#14832 = PCURVE('',#14122,#14833);
#14833 = DEFINITIONAL_REPRESENTATION('',(#14834),#14838);
#14834 = LINE('',#14835,#14836);
#14835 = CARTESIAN_POINT('',(0.,-0.));
#14836 = VECTOR('',#14837,1.);
#14837 = DIRECTION('',(0.,1.));
#14838 = ( GEOMETRIC_REPRESENTATION_CONTEXT(2) 
PARAMETRIC_REPRESENTATION_CONTEXT() REPRESENTATION_CONTEXT('2D SPACE',''
  ) );
#14839 = ORIENTED_EDGE('',*,*,#14840,.F.);
#14840 = EDGE_CURVE('',#14818,#14818,#14841,.T.);
#14841 = SURFACE_CURVE('',#14842,(#14847,#14854),.PCURVE_S1.);
#14842 = CIRCLE('',#14843,2.35);
#14843 = AXIS2_PLACEMENT_3D('',#14844,#14845,#14846);
#14844 = CARTESIAN_POINT('',(12.5,14.5,9.));
#14845 = DIRECTION('',(0.,0.,1.));
#14846 = DIRECTION('',(1.,0.,-0.));
#14847 = PCURVE('',#14122,#14848);
#14848 = DEFINITIONAL_REPRESENTATION('',(#14849),#14853);
#14849 = LINE('',#14850,#14851);
#14850 = CARTESIAN_POINT('',(0.,7.));
#14851 = VECTOR('',#14852,1.);
#14852 = DIRECTION('',(1.,0.));
#14853 = ( GEOMETRIC_REPRESENTATION_CONTEXT(2) 
PARAMETRIC_REPRESENTATION_CONTEXT() REPRESENTATION_CONTEXT('2D SPACE',''
  ) );
#14854 = PCURVE('',#14855,#14860);
#14855 = PLANE('',#14856);
#14856 = AXIS2_PLACEMENT_3D('',#14857,#14858,#14859);
#14857 = CARTESIAN_POINT('',(12.5,14.5,9.));
#14858 = DIRECTION('',(0.,0.,1.));
#14859 = DIRECTION('',(1.,0.,-0.));
#14860 = DEFINITIONAL_REPRESENTATION('',(#14861),#14865);
#14861 = CIRCLE('',#14862,2.35);
#14862 = AXIS2_PLACEMENT_2D('',#14863,#14864);
#14863 = CARTESIAN_POINT('',(0.,0.));
#14864 = DIRECTION('',(1.,0.));
#14865 = ( GEOMETRIC_REPRESENTATION_CONTEXT(2) 
PARAMETRIC_REPRESENTATION_CONTEXT() REPRESENTATION_CONTEXT('2D SPACE',''
  ) );
#14866 = ORIENTED_EDGE('',*,*,#14817,.F.);
#14867 = ORIENTED_EDGE('',*,*,#14105,.T.);
#14868 = ADVANCED_FACE('',(#14869),#14157,.F.);
#14869 = FACE_BOUND('',#14870,.F.);
#14870 = EDGE_LOOP('',(#14871,#14894,#14921,#14922));
#14871 = ORIENTED_EDGE('',*,*,#14872,.T.);
#14872 = EDGE_CURVE('',#14141,#14873,#14875,.T.);
#14873 = VERTEX_POINT('',#14874);
#14874 = CARTESIAN_POINT('',(133.35,66.,9.));
#14875 = SEAM_CURVE('',#14876,(#14880,#14887),.PCURVE_S1.);
#14876 = LINE('',#14877,#14878);
#14877 = CARTESIAN_POINT('',(133.35,66.,2.));
#14878 = VECTOR('',#14879,1.);
#14879 = DIRECTION('',(0.,0.,1.));
#14880 = PCURVE('',#14157,#14881);
#14881 = DEFINITIONAL_REPRESENTATION('',(#14882),#14886);
#14882 = LINE('',#14883,#14884);
#14883 = CARTESIAN_POINT('',(6.28318530718,-0.));
#14884 = VECTOR('',#14885,1.);
#14885 = DIRECTION('',(0.,1.));
#14886 = ( GEOMETRIC_REPRESENTATION_CONTEXT(2) 
PARAMETRIC_REPRESENTATION_CONTEXT() REPRESENTATION_CONTEXT('2D SPACE',''
  ) );
#14887 = PCURVE('',#14157,#14888);
#14888 = DEFINITIONAL_REPRESENTATION('',(#14889),#14893);
#14889 = LINE('',#14890,#14891);
#14890 = CARTESIAN_POINT('',(0.,-0.));
#14891 = VECTOR('',#14892,1.);
#14892 = DIRECTION('',(0.,1.));
#14893 = ( GEOMETRIC_REPRESENTATION_CONTEXT(2) 
PARAMETRIC_REPRESENTATION_CONTEXT() REPRESENTATION_CONTEXT('2D SPACE',''
  ) );
#14894 = ORIENTED_EDGE('',*,*,#14895,.F.);
#14895 = EDGE_CURVE('',#14873,#14873,#14896,.T.);
#14896 = SURFACE_CURVE('',#14897,(#14902,#14909),.PCURVE_S1.);
#14897 = CIRCLE('',#14898,2.35);
#14898 = AXIS2_PLACEMENT_3D('',#14899,#14900,#14901);
#14899 = CARTESIAN_POINT('',(131.,66.,9.));
#14900 = DIRECTION('',(0.,0.,1.));
#14901 = DIRECTION('',(1.,0.,-0.));
#14902 = PCURVE('',#14157,#14903);
#14903 = DEFINITIONAL_REPRESENTATION('',(#14904),#14908);
#14904 = LINE('',#14905,#14906);
#14905 = CARTESIAN_POINT('',(0.,7.));
#14906 = VECTOR('',#14907,1.);
#14907 = DIRECTION('',(1.,0.));
#14908 = ( GEOMETRIC_REPRESENTATION_CONTEXT(2) 
PARAMETRIC_REPRESENTATION_CONTEXT() REPRESENTATION_CONTEXT('2D SPACE',''
  ) );
#14909 = PCURVE('',#14910,#14915);
#14910 = PLANE('',#14911);
#14911 = AXIS2_PLACEMENT_3D('',#14912,#14913,#14914);
#14912 = CARTESIAN_POINT('',(131.,66.,9.));
#14913 = DIRECTION('',(0.,0.,1.));
#14914 = DIRECTION('',(1.,0.,-0.));
#14915 = DEFINITIONAL_REPRESENTATION('',(#14916),#14920);
#14916 = CIRCLE('',#14917,2.35);
#14917 = AXIS2_PLACEMENT_2D('',#14918,#14919);
#14918 = CARTESIAN_POINT('',(0.,0.));
#14919 = DIRECTION('',(1.,0.));
#14920 = ( GEOMETRIC_REPRESENTATION_CONTEXT(2) 
PARAMETRIC_REPRESENTATION_CONTEXT() REPRESENTATION_CONTEXT('2D SPACE',''
  ) );
#14921 = ORIENTED_EDGE('',*,*,#14872,.F.);
#14922 = ORIENTED_EDGE('',*,*,#14140,.T.);
#14923 = ADVANCED_FACE('',(#14924),#14192,.F.);
#14924 = FACE_BOUND('',#14925,.F.);
#14925 = EDGE_LOOP('',(#14926,#14949,#14976,#14977));
#14926 = ORIENTED_EDGE('',*,*,#14927,.T.);
#14927 = EDGE_CURVE('',#14176,#14928,#14930,.T.);
#14928 = VERTEX_POINT('',#14929);
#14929 = CARTESIAN_POINT('',(130.85,90.5,9.));
#14930 = SEAM_CURVE('',#14931,(#14935,#14942),.PCURVE_S1.);
#14931 = LINE('',#14932,#14933);
#14932 = CARTESIAN_POINT('',(130.85,90.5,2.));
#14933 = VECTOR('',#14934,1.);
#14934 = DIRECTION('',(0.,0.,1.));
#14935 = PCURVE('',#14192,#14936);
#14936 = DEFINITIONAL_REPRESENTATION('',(#14937),#14941);
#14937 = LINE('',#14938,#14939);
#14938 = CARTESIAN_POINT('',(6.28318530718,-0.));
#14939 = VECTOR('',#14940,1.);
#14940 = DIRECTION('',(0.,1.));
#14941 = ( GEOMETRIC_REPRESENTATION_CONTEXT(2) 
PARAMETRIC_REPRESENTATION_CONTEXT() REPRESENTATION_CONTEXT('2D SPACE',''
  ) );
#14942 = PCURVE('',#14192,#14943);
#14943 = DEFINITIONAL_REPRESENTATION('',(#14944),#14948);
#14944 = LINE('',#14945,#14946);
#14945 = CARTESIAN_POINT('',(0.,-0.));
#14946 = VECTOR('',#14947,1.);
#14947 = DIRECTION('',(0.,1.));
#14948 = ( GEOMETRIC_REPRESENTATION_CONTEXT(2) 
PARAMETRIC_REPRESENTATION_CONTEXT() REPRESENTATION_CONTEXT('2D SPACE',''
  ) );
#14949 = ORIENTED_EDGE('',*,*,#14950,.F.);
#14950 = EDGE_CURVE('',#14928,#14928,#14951,.T.);
#14951 = SURFACE_CURVE('',#14952,(#14957,#14964),.PCURVE_S1.);
#14952 = CIRCLE('',#14953,2.35);
#14953 = AXIS2_PLACEMENT_3D('',#14954,#14955,#14956);
#14954 = CARTESIAN_POINT('',(128.5,90.5,9.));
#14955 = DIRECTION('',(0.,0.,1.));
#14956 = DIRECTION('',(1.,0.,-0.));
#14957 = PCURVE('',#14192,#14958);
#14958 = DEFINITIONAL_REPRESENTATION('',(#14959),#14963);
#14959 = LINE('',#14960,#14961);
#14960 = CARTESIAN_POINT('',(0.,7.));
#14961 = VECTOR('',#14962,1.);
#14962 = DIRECTION('',(1.,0.));
#14963 = ( GEOMETRIC_REPRESENTATION_CONTEXT(2) 
PARAMETRIC_REPRESENTATION_CONTEXT() REPRESENTATION_CONTEXT('2D SPACE',''
  ) );
#14964 = PCURVE('',#14965,#14970);
#14965 = PLANE('',#14966);
#14966 = AXIS2_PLACEMENT_3D('',#14967,#14968,#14969);
#14967 = CARTESIAN_POINT('',(128.5,90.5,9.));
#14968 = DIRECTION('',(0.,0.,1.));
#14969 = DIRECTION('',(1.,0.,-0.));
#14970 = DEFINITIONAL_REPRESENTATION('',(#14971),#14975);
#14971 = CIRCLE('',#14972,2.35);
#14972 = AXIS2_PLACEMENT_2D('',#14973,#14974);
#14973 = CARTESIAN_POINT('',(0.,0.));
#14974 = DIRECTION('',(1.,0.));
#14975 = ( GEOMETRIC_REPRESENTATION_CONTEXT(2) 
PARAMETRIC_REPRESENTATION_CONTEXT() REPRESENTATION_CONTEXT('2D SPACE',''
  ) );
#14976 = ORIENTED_EDGE('',*,*,#14927,.F.);
#14977 = ORIENTED_EDGE('',*,*,#14175,.T.);
#14978 = ADVANCED_FACE('',(#14979),#14230,.T.);
#14979 = FACE_BOUND('',#14980,.T.);
#14980 = EDGE_LOOP('',(#14981,#15004,#15005));
#14981 = ORIENTED_EDGE('',*,*,#14982,.F.);
#14982 = EDGE_CURVE('',#14214,#14983,#14985,.T.);
#14983 = VERTEX_POINT('',#14984);
#14984 = CARTESIAN_POINT('',(126.,102.7,26.5));
#14985 = SURFACE_CURVE('',#14986,(#14990,#14997),.PCURVE_S1.);
#14986 = LINE('',#14987,#14988);
#14987 = CARTESIAN_POINT('',(126.,95.6,26.5));
#14988 = VECTOR('',#14989,1.);
#14989 = DIRECTION('',(-0.,1.,0.));
#14990 = PCURVE('',#14230,#14991);
#14991 = DEFINITIONAL_REPRESENTATION('',(#14992),#14996);
#14992 = LINE('',#14993,#14994);
#14993 = CARTESIAN_POINT('',(19.,0.));
#14994 = VECTOR('',#14995,1.);
#14995 = DIRECTION('',(0.,-1.));
#14996 = ( GEOMETRIC_REPRESENTATION_CONTEXT(2) 
PARAMETRIC_REPRESENTATION_CONTEXT() REPRESENTATION_CONTEXT('2D SPACE',''
  ) );
#14997 = PCURVE('',#14256,#14998);
#14998 = DEFINITIONAL_REPRESENTATION('',(#14999),#15003);
#14999 = LINE('',#15000,#15001);
#15000 = CARTESIAN_POINT('',(16.,0.));
#15001 = VECTOR('',#15002,1.);
#15002 = DIRECTION('',(0.,1.));
#15003 = ( GEOMETRIC_REPRESENTATION_CONTEXT(2) 
PARAMETRIC_REPRESENTATION_CONTEXT() REPRESENTATION_CONTEXT('2D SPACE',''
  ) );
#15004 = ORIENTED_EDGE('',*,*,#14213,.T.);
#15005 = ORIENTED_EDGE('',*,*,#15006,.T.);
#15006 = EDGE_CURVE('',#14216,#14983,#15007,.T.);
#15007 = SURFACE_CURVE('',#15008,(#15012,#15019),.PCURVE_S1.);
#15008 = LINE('',#15009,#15010);
#15009 = CARTESIAN_POINT('',(126.,102.7,7.5));
#15010 = VECTOR('',#15011,1.);
#15011 = DIRECTION('',(0.,0.,1.));
#15012 = PCURVE('',#14230,#15013);
#15013 = DEFINITIONAL_REPRESENTATION('',(#15014),#15018);
#15014 = LINE('',#15015,#15016);
#15015 = CARTESIAN_POINT('',(0.,-7.1));
#15016 = VECTOR('',#15017,1.);
#15017 = DIRECTION('',(1.,0.));
#15018 = ( GEOMETRIC_REPRESENTATION_CONTEXT(2) 
PARAMETRIC_REPRESENTATION_CONTEXT() REPRESENTATION_CONTEXT('2D SPACE',''
  ) );
#15019 = PCURVE('',#14280,#15020);
#15020 = DEFINITIONAL_REPRESENTATION('',(#15021),#15025);
#15021 = LINE('',#15022,#15023);
#15022 = CARTESIAN_POINT('',(0.,16.));
#15023 = VECTOR('',#15024,1.);
#15024 = DIRECTION('',(1.,0.));
#15025 = ( GEOMETRIC_REPRESENTATION_CONTEXT(2) 
PARAMETRIC_REPRESENTATION_CONTEXT() REPRESENTATION_CONTEXT('2D SPACE',''
  ) );
#15026 = ADVANCED_FACE('',(#15027),#14280,.T.);
#15027 = FACE_BOUND('',#15028,.T.);
#15028 = EDGE_LOOP('',(#15029,#15030,#15051));
#15029 = ORIENTED_EDGE('',*,*,#14267,.T.);
#15030 = ORIENTED_EDGE('',*,*,#15031,.T.);
#15031 = EDGE_CURVE('',#14242,#14983,#15032,.T.);
#15032 = SURFACE_CURVE('',#15033,(#15037,#15044),.PCURVE_S1.);
#15033 = LINE('',#15034,#15035);
#15034 = CARTESIAN_POINT('',(110.,102.7,26.5));
#15035 = VECTOR('',#15036,1.);
#15036 = DIRECTION('',(1.,0.,-0.));
#15037 = PCURVE('',#14280,#15038);
#15038 = DEFINITIONAL_REPRESENTATION('',(#15039),#15043);
#15039 = LINE('',#15040,#15041);
#15040 = CARTESIAN_POINT('',(19.,0.));
#15041 = VECTOR('',#15042,1.);
#15042 = DIRECTION('',(0.,1.));
#15043 = ( GEOMETRIC_REPRESENTATION_CONTEXT(2) 
PARAMETRIC_REPRESENTATION_CONTEXT() REPRESENTATION_CONTEXT('2D SPACE',''
  ) );
#15044 = PCURVE('',#14256,#15045);
#15045 = DEFINITIONAL_REPRESENTATION('',(#15046),#15050);
#15046 = LINE('',#15047,#15048);
#15047 = CARTESIAN_POINT('',(0.,7.1));
#15048 = VECTOR('',#15049,1.);
#15049 = DIRECTION('',(1.,0.));
#15050 = ( GEOMETRIC_REPRESENTATION_CONTEXT(2) 
PARAMETRIC_REPRESENTATION_CONTEXT() REPRESENTATION_CONTEXT('2D SPACE',''
  ) );
#15051 = ORIENTED_EDGE('',*,*,#15006,.F.);
#15052 = ADVANCED_FACE('',(#15053),#14256,.T.);
#15053 = FACE_BOUND('',#15054,.T.);
#15054 = EDGE_LOOP('',(#15055,#15056,#15057));
#15055 = ORIENTED_EDGE('',*,*,#15031,.F.);
#15056 = ORIENTED_EDGE('',*,*,#14241,.T.);
#15057 = ORIENTED_EDGE('',*,*,#14982,.T.);
#15058 = ADVANCED_FACE('',(#15059),#14311,.F.);
#15059 = FACE_BOUND('',#15060,.F.);
#15060 = EDGE_LOOP('',(#15061,#15062,#15085,#15112));
#15061 = ORIENTED_EDGE('',*,*,#14294,.F.);
#15062 = ORIENTED_EDGE('',*,*,#15063,.F.);
#15063 = EDGE_CURVE('',#15064,#14295,#15066,.T.);
#15064 = VERTEX_POINT('',#15065);
#15065 = CARTESIAN_POINT('',(122.2,101.4,16.5));
#15066 = SEAM_CURVE('',#15067,(#15071,#15078),.PCURVE_S1.);
#15067 = LINE('',#15068,#15069);
#15068 = CARTESIAN_POINT('',(122.2,101.4,16.5));
#15069 = VECTOR('',#15070,1.);
#15070 = DIRECTION('',(0.,1.,0.));
#15071 = PCURVE('',#14311,#15072);
#15072 = DEFINITIONAL_REPRESENTATION('',(#15073),#15077);
#15073 = LINE('',#15074,#15075);
#15074 = CARTESIAN_POINT('',(6.28318530718,-0.));
#15075 = VECTOR('',#15076,1.);
#15076 = DIRECTION('',(0.,1.));
#15077 = ( GEOMETRIC_REPRESENTATION_CONTEXT(2) 
PARAMETRIC_REPRESENTATION_CONTEXT() REPRESENTATION_CONTEXT('2D SPACE',''
  ) );
#15078 = PCURVE('',#14311,#15079);
#15079 = DEFINITIONAL_REPRESENTATION('',(#15080),#15084);
#15080 = LINE('',#15081,#15082);
#15081 = CARTESIAN_POINT('',(0.,-0.));
#15082 = VECTOR('',#15083,1.);
#15083 = DIRECTION('',(0.,1.));
#15084 = ( GEOMETRIC_REPRESENTATION_CONTEXT(2) 
PARAMETRIC_REPRESENTATION_CONTEXT() REPRESENTATION_CONTEXT('2D SPACE',''
  ) );
#15085 = ORIENTED_EDGE('',*,*,#15086,.T.);
#15086 = EDGE_CURVE('',#15064,#15064,#15087,.T.);
#15087 = SURFACE_CURVE('',#15088,(#15093,#15100),.PCURVE_S1.);
#15088 = CIRCLE('',#15089,4.2);
#15089 = AXIS2_PLACEMENT_3D('',#15090,#15091,#15092);
#15090 = CARTESIAN_POINT('',(118.,101.4,16.5));
#15091 = DIRECTION('',(0.,1.,0.));
#15092 = DIRECTION('',(1.,0.,-0.));
#15093 = PCURVE('',#14311,#15094);
#15094 = DEFINITIONAL_REPRESENTATION('',(#15095),#15099);
#15095 = LINE('',#15096,#15097);
#15096 = CARTESIAN_POINT('',(0.,0.));
#15097 = VECTOR('',#15098,1.);
#15098 = DIRECTION('',(1.,0.));
#15099 = ( GEOMETRIC_REPRESENTATION_CONTEXT(2) 
PARAMETRIC_REPRESENTATION_CONTEXT() REPRESENTATION_CONTEXT('2D SPACE',''
  ) );
#15100 = PCURVE('',#15101,#15106);
#15101 = PLANE('',#15102);
#15102 = AXIS2_PLACEMENT_3D('',#15103,#15104,#15105);
#15103 = CARTESIAN_POINT('',(118.,101.4,16.5));
#15104 = DIRECTION('',(0.,1.,0.));
#15105 = DIRECTION('',(1.,0.,-0.));
#15106 = DEFINITIONAL_REPRESENTATION('',(#15107),#15111);
#15107 = CIRCLE('',#15108,4.2);
#15108 = AXIS2_PLACEMENT_2D('',#15109,#15110);
#15109 = CARTESIAN_POINT('',(0.,0.));
#15110 = DIRECTION('',(1.,0.));
#15111 = ( GEOMETRIC_REPRESENTATION_CONTEXT(2) 
PARAMETRIC_REPRESENTATION_CONTEXT() REPRESENTATION_CONTEXT('2D SPACE',''
  ) );
#15112 = ORIENTED_EDGE('',*,*,#15063,.T.);
#15113 = ADVANCED_FACE('',(#15114),#14368,.T.);
#15114 = FACE_BOUND('',#15115,.T.);
#15115 = EDGE_LOOP('',(#15116,#15117,#15118,#15119));
#15116 = ORIENTED_EDGE('',*,*,#14504,.F.);
#15117 = ORIENTED_EDGE('',*,*,#14352,.T.);
#15118 = ORIENTED_EDGE('',*,*,#14406,.T.);
#15119 = ORIENTED_EDGE('',*,*,#14455,.F.);
#15120 = ADVANCED_FACE('',(#15121),#14591,.F.);
#15121 = FACE_BOUND('',#15122,.F.);
#15122 = EDGE_LOOP('',(#15123,#15124,#15125,#15126));
#15123 = ORIENTED_EDGE('',*,*,#14738,.F.);
#15124 = ORIENTED_EDGE('',*,*,#14577,.T.);
#15125 = ORIENTED_EDGE('',*,*,#14631,.T.);
#15126 = ORIENTED_EDGE('',*,*,#14680,.F.);
#15127 = ADVANCED_FACE('',(#15128),#14720,.F.);
#15128 = FACE_BOUND('',#15129,.F.);
#15129 = EDGE_LOOP('',(#15130,#15131,#15154,#15176));
#15130 = ORIENTED_EDGE('',*,*,#14703,.T.);
#15131 = ORIENTED_EDGE('',*,*,#15132,.T.);
#15132 = EDGE_CURVE('',#14704,#15133,#15135,.T.);
#15133 = VERTEX_POINT('',#15134);
#15134 = CARTESIAN_POINT('',(121.5,101.4,16.5));
#15135 = SEAM_CURVE('',#15136,(#15140,#15147),.PCURVE_S1.);
#15136 = LINE('',#15137,#15138);
#15137 = CARTESIAN_POINT('',(121.5,101.,16.5));
#15138 = VECTOR('',#15139,1.);
#15139 = DIRECTION('',(0.,1.,0.));
#15140 = PCURVE('',#14720,#15141);
#15141 = DEFINITIONAL_REPRESENTATION('',(#15142),#15146);
#15142 = LINE('',#15143,#15144);
#15143 = CARTESIAN_POINT('',(0.,-0.));
#15144 = VECTOR('',#15145,1.);
#15145 = DIRECTION('',(0.,1.));
#15146 = ( GEOMETRIC_REPRESENTATION_CONTEXT(2) 
PARAMETRIC_REPRESENTATION_CONTEXT() REPRESENTATION_CONTEXT('2D SPACE',''
  ) );
#15147 = PCURVE('',#14720,#15148);
#15148 = DEFINITIONAL_REPRESENTATION('',(#15149),#15153);
#15149 = LINE('',#15150,#15151);
#15150 = CARTESIAN_POINT('',(6.28318530718,-0.));
#15151 = VECTOR('',#15152,1.);
#15152 = DIRECTION('',(0.,1.));
#15153 = ( GEOMETRIC_REPRESENTATION_CONTEXT(2) 
PARAMETRIC_REPRESENTATION_CONTEXT() REPRESENTATION_CONTEXT('2D SPACE',''
  ) );
#15154 = ORIENTED_EDGE('',*,*,#15155,.F.);
#15155 = EDGE_CURVE('',#15133,#15133,#15156,.T.);
#15156 = SURFACE_CURVE('',#15157,(#15162,#15169),.PCURVE_S1.);
#15157 = CIRCLE('',#15158,3.5);
#15158 = AXIS2_PLACEMENT_3D('',#15159,#15160,#15161);
#15159 = CARTESIAN_POINT('',(118.,101.4,16.5));
#15160 = DIRECTION('',(0.,1.,0.));
#15161 = DIRECTION('',(1.,0.,-0.));
#15162 = PCURVE('',#14720,#15163);
#15163 = DEFINITIONAL_REPRESENTATION('',(#15164),#15168);
#15164 = LINE('',#15165,#15166);
#15165 = CARTESIAN_POINT('',(0.,0.4));
#15166 = VECTOR('',#15167,1.);
#15167 = DIRECTION('',(1.,0.));
#15168 = ( GEOMETRIC_REPRESENTATION_CONTEXT(2) 
PARAMETRIC_REPRESENTATION_CONTEXT() REPRESENTATION_CONTEXT('2D SPACE',''
  ) );
#15169 = PCURVE('',#15101,#15170);
#15170 = DEFINITIONAL_REPRESENTATION('',(#15171),#15175);
#15171 = CIRCLE('',#15172,3.5);
#15172 = AXIS2_PLACEMENT_2D('',#15173,#15174);
#15173 = CARTESIAN_POINT('',(0.,0.));
#15174 = DIRECTION('',(1.,0.));
#15175 = ( GEOMETRIC_REPRESENTATION_CONTEXT(2) 
PARAMETRIC_REPRESENTATION_CONTEXT() REPRESENTATION_CONTEXT('2D SPACE',''
  ) );
#15176 = ORIENTED_EDGE('',*,*,#15132,.F.);
#15177 = ADVANCED_FACE('',(#15178),#14800,.F.);
#15178 = FACE_BOUND('',#15179,.F.);
#15179 = EDGE_LOOP('',(#15180));
#15180 = ORIENTED_EDGE('',*,*,#14785,.T.);
#15181 = ADVANCED_FACE('',(#15182),#14855,.F.);
#15182 = FACE_BOUND('',#15183,.F.);
#15183 = EDGE_LOOP('',(#15184));
#15184 = ORIENTED_EDGE('',*,*,#14840,.T.);
#15185 = ADVANCED_FACE('',(#15186),#14910,.F.);
#15186 = FACE_BOUND('',#15187,.F.);
#15187 = EDGE_LOOP('',(#15188));
#15188 = ORIENTED_EDGE('',*,*,#14895,.T.);
#15189 = ADVANCED_FACE('',(#15190),#14965,.F.);
#15190 = FACE_BOUND('',#15191,.F.);
#15191 = EDGE_LOOP('',(#15192));
#15192 = ORIENTED_EDGE('',*,*,#14950,.T.);
#15193 = ADVANCED_FACE('',(#15194,#15197),#15101,.T.);
#15194 = FACE_BOUND('',#15195,.T.);
#15195 = EDGE_LOOP('',(#15196));
#15196 = ORIENTED_EDGE('',*,*,#15086,.T.);
#15197 = FACE_BOUND('',#15198,.T.);
#15198 = EDGE_LOOP('',(#15199));
#15199 = ORIENTED_EDGE('',*,*,#15155,.F.);
#15200 = ( GEOMETRIC_REPRESENTATION_CONTEXT(3) 
GLOBAL_UNCERTAINTY_ASSIGNED_CONTEXT((#15204)) 
GLOBAL_UNIT_ASSIGNED_CONTEXT((#15201,#15202,#15203)) 
REPRESENTATION_CONTEXT('Context #1',
  '3D Context with UNIT and UNCERTAINTY') );
#15201 = ( LENGTH_UNIT() NAMED_UNIT(*) SI_UNIT(.MILLI.,.METRE.) );
#15202 = ( NAMED_UNIT(*) PLANE_ANGLE_UNIT() SI_UNIT($,.RADIAN.) );
#15203 = ( NAMED_UNIT(*) SI_UNIT($,.STERADIAN.) SOLID_ANGLE_UNIT() );
#15204 = UNCERTAINTY_MEASURE_WITH_UNIT(LENGTH_MEASURE(2.E-06),#15201,
  'distance_accuracy_value','confusion accuracy');
#15205 = PRODUCT_RELATED_PRODUCT_CATEGORY('part',$,(#7));
ENDSEC;
END-ISO-10303-21;
